mlb_game_pk,date_played,away_bats_pi,away_pitch_pi,home_bats_pi,home_pitch_pi,away_bats_pi,away_pitch_pi,home_bats_pi,home_pitch_pi
744795,9/25/2024,0.71900000000000000,0.6870142771401433,0.6839999999999999,0.6909464546032587,0.7190,0.6870,0.6840,0.6909
744796,9/26/2024,0.71800000000000000,0.6785475106109189,0.68300000000000000,0.7713627205050353,0.7180,0.6785,0.6830,0.7714
744797,9/27/2024,0.75500000000000000,0.6787077591539372,0.68100000000000000,0.6352271306112991,0.7550,0.6787,0.6810,0.6352
744798,9/29/2024,0.75200000000000000,0.7080111949559516,0.68500000000000000,0.71469412287501300,0.7520,0.7080,0.6850,0.7147
744799,9/28/2024,0.75400000000000000,0.6277924371586756,0.6839999999999999,0.7244175436099798,0.7540,0.6278,0.6840,0.7244
744800,9/13/2024,0.67100000000000000,0.7677472389929889,0.6910000000000001,0.6878379773259439,0.6710,0.7677,0.6910,0.6878
744801,9/15/2024,0.6679999999999999,0.76103561616093200,0.69000000000000000,0.7385638812941642,0.6680,0.7610,0.6900,0.7386
744802,9/24/2024,0.72000000000000000,0.6491071004815665,0.6859999999999999,0.7137497802434318,0.7200,0.6491,0.6860,0.7137
744803,9/14/2024,0.6699999999999999,0.7814458632858614,0.69000000000000000,0.7806367907099183,0.6700,0.7814,0.6900,0.7806
744804,9/11/2024,0.71700000000000000,0.63793978895215900,0.6910000000000001,0.7267783160842447,0.7170,0.6379,0.6910,0.7268
744805,9/12/2024,0.67100000000000000,0.9678641253951216,0.6930000000000001,0.7197973880317232,0.6710,0.9679,0.6930,0.7198
744806,9/1/2024,0.7110000000000001,0.7089339046029262,0.69200000000000000,0.71631345095142900,0.7110,0.7089,0.6920,0.7163
744807,9/10/2024,0.71400000000000000,0.6518508657482077,0.6930000000000001,0.7371950812680296,0.7140,0.6519,0.6930,0.7372
744808,8/31/2024,0.71200000000000000,0.7014098378877773,0.69200000000000000,0.7117834432916732,0.7120,0.7014,0.6920,0.7118
744809,8/28/2024,0.77900000000000000,0.72597987362257400,0.6910000000000001,0.7505607192847117,0.7790,0.7260,0.6910,0.7506
744810,8/30/2024,0.7110000000000001,0.67059940511883100,0.69200000000000000,0.7176846920310594,0.7110,0.6706,0.6920,0.7177
744811,8/27/2024,0.78100000000000000,0.7259609177591034,0.6910000000000001,0.7870396732217209,0.7810,0.7260,0.6910,0.7870
744812,8/21/2024,0.7090000000000001,0.8806842639544958,0.6890000000000001,0.7231014020156662,0.7090,0.8807,0.6890,0.7231
744813,8/26/2024,0.77800000000000000,0.7089131312618697,0.6910000000000001,0.7145354994834122,0.7780,0.7089,0.6910,0.7145
744814,8/20/2024,0.70800000000000000,0.8185963233876603,0.69000000000000000,0.7324829639008915,0.7080,0.8186,0.6900,0.7325
744815,8/22/2024,0.7070000000000001,0.8177314925370489,0.6910000000000001,0.7930278374121649,0.7070,0.8177,0.6910,0.7930
744816,8/11/2024,0.6859999999999999,1.0558240354953528,0.68800000000000000,0.7456655981289124,0.6860,1.0558,0.6880,0.7457
744817,8/6/2024,0.7150000000000001,0.6771822034849342,0.6839999999999999,0.7328712771147524,0.7150,0.6772,0.6840,0.7329
744818,8/9/2024,0.6859999999999999,0.6733253591941701,0.6890000000000001,0.6994532075877021,0.6860,0.6733,0.6890,0.6995
744819,8/8/2024,0.7170000000000001,0.72539082039949300,0.69000000000000000,0.7236117257540081,0.7170,0.7254,0.6900,0.7236
744820,8/10/2024,0.6859999999999999,0.7497847181886247,0.68800000000000000,0.78422070984126700,0.6860,0.7498,0.6880,0.7842
744821,8/5/2024,0.71400000000000000,0.6756002159469057,0.68500000000000000,0.7799739909393348,0.7140,0.6756,0.6850,0.7800
744822,8/7/2024,0.7150000000000001,0.6496123538741012,0.69000000000000000,0.6925519711368132,0.7150,0.6496,0.6900,0.6926
744823,8/3/2024,0.73400000000000000,0.7343746871318473,0.6819999999999999,0.7411412186979561,0.7340,0.7344,0.6820,0.7411
744824,7/24/2024,0.72600000000000000,0.6976093169791816,0.6799999999999999,0.6873817996137421,0.7260,0.6976,0.6800,0.6874
744825,8/2/2024,0.73200000000000000,0.7217698342874124,0.68300000000000000,0.6917058251810568,0.7320,0.7218,0.6830,0.6917
744826,8/4/2024,0.73200000000000000,0.6746756166084886,0.6839999999999999,0.7009688201847346,0.7320,0.6747,0.6840,0.7010
744827,7/25/2024,0.73200000000000000,0.6627003203950282,0.67900000000000000,0.7764226247269306,0.7320,0.6627,0.6790,0.7764
744828,7/23/2024,0.72600000000000000,0.8054163681977982,0.6819999999999999,0.7321252951913355,0.7260,0.8054,0.6820,0.7321
744829,7/19/2024,0.70400000000000000,0.7181158840803015,0.67900000000000000,0.7888932374737527,0.7040,0.7181,0.6790,0.7889
744830,7/20/2024,0.70200000000000000,0.6779995120310172,0.68100000000000000,0.7136970448191808,0.7020,0.6780,0.6810,0.7137
744831,7/21/2024,0.70200000000000000,0.7010473200431544,0.6819999999999999,0.6884201522606175,0.7020,0.7010,0.6820,0.6884
744832,7/7/2024,0.6910000000000001,0.6963918928973054,0.6799999999999999,0.7285348009898547,0.6910,0.6964,0.6800,0.7285
744833,7/8/2024,0.69200000000000000,0.7372043765079854,0.68100000000000000,0.67065475696858100,0.6920,0.7372,0.6810,0.6707
744834,7/4/2024,0.74100000000000000,0.7331311044935831,0.67100000000000000,0.6748999860130745,0.7410,0.7331,0.6710,0.6749
744835,7/6/2024,0.69000000000000000,0.6966130650124087,0.67300000000000000,0.7046253774518926,0.6900,0.6966,0.6730,0.7046
744836,7/5/2024,0.6890000000000001,0.6330990097441296,0.6699999999999999,0.7833658883429195,0.6890,0.6331,0.6700,0.7834
744837,7/3/2024,0.74300000000000000,0.6584195605565777,0.6679999999999999,0.6616333119014585,0.7430,0.6584,0.6680,0.6616
744838,7/2/2024,0.74100000000000000,0.6762001620695375,0.67100000000000000,0.7461883781753429,0.7410,0.6762,0.6710,0.7462
744839,6/16/2024,0.63300000000000000,0.7167735873616072,0.66700000000000000,0.6521390786290644,0.6330,0.7168,0.6670,0.6521
744840,7/1/2024,0.73900000000000000,0.7161877401137474,0.6719999999999999,0.7088613397822269,0.7390,0.7162,0.6720,0.7089
744841,6/20/2024,0.7290000000000001,0.8413733273338487,0.6659999999999999,0.6975702977270466,0.7290,0.8414,0.6660,0.6976
744842,6/19/2024,0.7330000000000001,0.7341082941229888,0.6659999999999999,0.7975024336907596,0.7330,0.7341,0.6660,0.7975
744843,6/18/2024,0.72800000000000000,0.8379999743535554,0.6699999999999999,0.6618644905007995,0.7280,0.8380,0.6700,0.6619
744844,6/6/2024,0.72000000000000000,0.6042067113439954,0.65700000000000000,0.6644581593859837,0.7200,0.6042,0.6570,0.6645
744845,6/7/2024,0.72000000000000000,0.6023833829456091,0.65700000000000000,0.6680143569612487,0.7200,0.6024,0.6570,0.6680
744846,6/15/2024,0.63700000000000000,0.7991540084711517,0.6639999999999999,0.7651877208329798,0.6370,0.7992,0.6640,0.7652
744847,6/14/2024,0.6379999999999999,0.8467294360795321,0.66100000000000000,0.7101942309131037,0.6380,0.8467,0.6610,0.7102
744848,6/8/2024,0.71600000000000000,0.6831048236742794,0.65500000000000000,0.7089745668144771,0.7160,0.6831,0.6550,0.7090
744849,6/9/2024,0.71400000000000000,0.6810818869638979,0.65900000000000000,0.8637418629604706,0.7140,0.6811,0.6590,0.8637
744850,6/4/2024,0.6930000000000001,0.8425917483876667,0.66300000000000000,0.6798779168598362,0.6930,0.8426,0.6630,0.6799
744851,5/25/2024,0.6679999999999999,0.6252233434710801,0.6619999999999999,0.6295720965637235,0.6680,0.6252,0.6620,0.6296
744852,6/5/2024,0.69800000000000000,0.6231731351301095,0.6599999999999999,0.7944165562992924,0.6980,0.6232,0.6600,0.7944
744853,5/24/2024,0.6739999999999999,0.6667963308844893,0.65900000000000000,0.7200101150659962,0.6740,0.6668,0.6590,0.7200
744854,6/3/2024,0.68800000000000000,0.5683191757222369,0.6599999999999999,0.69107942798070300,0.6880,0.5683,0.6600,0.6911
744855,5/26/2024,0.66500000000000000,0.43168287746804096,0.65900000000000000,0.8223390590236881,0.6650,0.4317,0.6590,0.8223
744856,5/22/2024,0.7030000000000001,0.6581760763083269,0.65900000000000000,0.6895597501607422,0.7030,0.6582,0.6590,0.6896
744857,5/20/2024,0.6950000000000001,0.6766856611505123,0.65700000000000000,0.6615732260383829,0.6950,0.6767,0.6570,0.6616
744858,5/8/2024,0.74900000000000000,0.68604500753430100,0.6819999999999999,0.6145564625850339,0.7490,0.6860,0.6820,0.6146
744859,5/7/2024,0.76500000000000000,0.6091962424832581,0.68500000000000000,0.6657491967582602,0.7650,0.6092,0.6850,0.6657
744860,5/21/2024,0.69400000000000000,0.6736132548883891,0.66500000000000000,0.7990972440546777,0.6940,0.6736,0.6650,0.7991
744861,5/5/2024,0.66900000000000000,0.6802430404260469,0.6719999999999999,0.7370695563495956,0.6690,0.6802,0.6720,0.7371
744862,5/4/2024,0.67100000000000000,0.7407899662495763,0.67700000000000000,0.7389934645205458,0.6710,0.7408,0.6770,0.7390
744863,4/23/2024,0.76300000000000000,0.6369074074074075,0.70000000000000000,0.97600000000000000,0.7630,0.6369,0.7000,0.9760
744864,4/24/2024,0.76300000000000000,0.6298333333333334,0.6970000000000001,0.7448370370370371,0.7630,0.6298,0.6970,0.7448
744865,4/20/2024,0.77200000000000000,0.28700000000000003,0.68800000000000000,0.59400000000000000,0.7720,0.2870,0.6880,0.5940
744866,4/21/2024,0.76300000000000000,1.1520000000000001,0.69200000000000000,0.47400000000000000,0.7630,1.1520,0.6920,0.4740
744867,4/25/2024,0.78400000000000000,0.6057999999999999,0.6859999999999999,0.7680333333333333,0.7840,0.6058,0.6860,0.7680
744868,5/3/2024,0.67100000000000000,0.6607830374753452,0.6679999999999999,0.8481597370974533,0.6710,0.6608,0.6680,0.8482
744869,4/3/2024,0.85500000000000000,0.74500000000000000,0.74300000000000000,0.74300000000000000,0.8550,0.7450,0.7430,0.7430
744870,4/4/2024,0.80400000000000000,0.8180000000000001,0.77600000000000000,1.30500000000000000,0.8040,0.8180,0.7760,1.3050
744871,4/7/2024,0.6910000000000001,0.72100000000000000,0.66900000000000000,0.6930000000000001,0.6910,0.7210,0.6690,0.6930
744872,4/19/2024,0.76900000000000000,0.76900000000000000,0.68700000000000000,0.65100000000000000,0.7690,0.7690,0.6870,0.6510
744873,4/6/2024,0.68100000000000000,0.63400000000000000,0.7010000000000001,0.9550000000000001,0.6810,0.6340,0.7010,0.9550
744874,4/5/2024,0.6599999999999999,1.37000000000000000,0.75400000000000000,1.26800000000000000,0.6600,1.3700,0.7540,1.2680
744875,4/1/2024,0.8180000000000001,0.8180000000000001,0.77800000000000000,0.77800000000000000,0.8180,0.8180,0.7780,0.7780
744876,9/24/2024,0.74900000000000000,0.7183236656409233,0.7070000000000001,0.6348080426374607,0.7490,0.7183,0.7070,0.6348
744877,9/25/2024,0.74800000000000000,0.6057152062665428,0.70600000000000000,0.6843921276565745,0.7480,0.6057,0.7060,0.6844
744878,9/28/2024,0.6799999999999999,0.7665041834316286,0.70800000000000000,0.6919439173485439,0.6800,0.7665,0.7080,0.6919
744879,9/27/2024,0.6739999999999999,0.7923725415530731,0.7070000000000001,0.6849963738445397,0.6740,0.7924,0.7070,0.6850
744880,9/29/2024,0.6799999999999999,0.7557386175212777,0.7070000000000001,0.6872141783535495,0.6800,0.7557,0.7070,0.6872
744881,9/11/2024,0.73600000000000000,0.6508304193717569,0.71200000000000000,0.6551395593152118,0.7360,0.6508,0.7120,0.6551
744882,9/13/2024,0.70200000000000000,0.6880696784515068,0.7110000000000001,0.6957509557120503,0.7020,0.6881,0.7110,0.6958
744883,9/15/2024,0.70000000000000000,0.7610875814152819,0.7110000000000001,0.6947253329750268,0.7000,0.7611,0.7110,0.6947
744884,9/14/2024,0.70200000000000000,0.7216972492834435,0.71000000000000000,0.6920494673440398,0.7020,0.7217,0.7100,0.6920
744885,9/23/2024,0.74800000000000000,0.6580001929822842,0.70800000000000000,0.7134200160762971,0.7480,0.6580,0.7080,0.7134
744886,9/10/2024,0.73800000000000000,0.6786221528566089,0.71000000000000000,0.7211919536589868,0.7380,0.6786,0.7100,0.7212
744887,9/4/2024,0.75300000000000000,0.67736781720912200,0.71400000000000000,0.64382533019020400,0.7530,0.6774,0.7140,0.6438
744888,9/9/2024,0.74000000000000000,0.7125975176813368,0.7130000000000001,0.7171703796829678,0.7400,0.7126,0.7130,0.7172
744889,8/23/2024,0.6819999999999999,0.8772545254804118,0.70600000000000000,0.7297345209790598,0.6820,0.8773,0.7060,0.7297
744890,8/24/2024,0.6819999999999999,0.7219199639985072,0.7070000000000001,0.7137506776735321,0.6820,0.7219,0.7070,0.7138
744891,9/3/2024,0.74800000000000000,0.7247179428470576,0.71000000000000000,0.7087663520704832,0.7480,0.7247,0.7100,0.7088
744892,8/25/2024,0.67900000000000000,0.7096324328064215,0.70800000000000000,0.7173442021399083,0.6790,0.7096,0.7080,0.7173
744893,8/21/2024,0.70400000000000000,0.6559927983378613,0.7030000000000001,0.7027456063321897,0.7040,0.6560,0.7030,0.7027
744894,8/22/2024,0.6839999999999999,0.8945988380724648,0.7050000000000001,0.6967867421974436,0.6840,0.8946,0.7050,0.6968
744895,8/11/2024,0.6970000000000001,0.7370111508961394,0.6970000000000001,0.7229211151582491,0.6970,0.7370,0.6970,0.7229
744896,8/20/2024,0.70400000000000000,0.7420288441613225,0.6970000000000001,0.7167584302514394,0.7040,0.7420,0.6970,0.7168
744897,8/10/2024,0.69800000000000000,0.7134602335309167,0.70000000000000000,0.7008232974894973,0.6980,0.7135,0.7000,0.7008
744898,8/19/2024,0.70400000000000000,0.7023551298410332,0.6970000000000001,0.7194061826438438,0.7040,0.7024,0.6970,0.7194
744899,8/8/2024,0.77400000000000000,0.6948954880323343,0.69800000000000000,0.74269801126179900,0.7740,0.6949,0.6980,0.7427
744900,8/9/2024,0.6990000000000001,0.7483331034798106,0.6990000000000001,0.7354641510565738,0.6990,0.7483,0.6990,0.7355
744901,8/6/2024,0.77700000000000000,0.7147572161204612,0.6970000000000001,0.7202452865250986,0.7770,0.7148,0.6970,0.7202
744902,7/28/2024,0.69200000000000000,0.6820719458867157,0.69200000000000000,0.7224703506388437,0.6920,0.6821,0.6920,0.7225
744903,8/7/2024,0.77400000000000000,0.75728860285916500,0.69800000000000000,0.8270652195942636,0.7740,0.7573,0.6980,0.8271
744904,7/23/2024,0.68500000000000000,0.8065525815367165,0.6910000000000001,0.7229890807691777,0.6850,0.8066,0.6910,0.7230
744905,7/24/2024,0.68500000000000000,0.7180120431648462,0.69000000000000000,0.7117455667854318,0.6850,0.7180,0.6900,0.7117
744906,7/26/2024,0.6950000000000001,0.6918717626687579,0.68700000000000000,0.7206763976763977,0.6950,0.6919,0.6870,0.7207
744907,7/25/2024,0.68300000000000000,0.65520909743317300,0.69000000000000000,0.7038201881577694,0.6830,0.6552,0.6900,0.7038
744908,7/27/2024,0.69400000000000000,0.69316967398982900,0.6890000000000001,0.7293415872303639,0.6940,0.6932,0.6890,0.7293
744909,7/21/2024,0.6890000000000001,0.7815370482740112,0.6890000000000001,0.7333783781397607,0.6890,0.7815,0.6890,0.7334
744910,7/20/2024,0.6890000000000001,0.6635419596316143,0.69000000000000000,0.7261019191449789,0.6890,0.6635,0.6900,0.7261
744911,7/19/2024,0.6890000000000001,0.6665062275847924,0.6910000000000001,0.7009549194564588,0.6890,0.6665,0.6910,0.7010
744912,7/4/2024,0.74900000000000000,0.7022039504041118,0.68700000000000000,0.7018269838742164,0.7490,0.7022,0.6870,0.7018
744913,7/2/2024,0.74800000000000000,0.7521337982339349,0.68800000000000000,0.7144759546817899,0.7480,0.7521,0.6880,0.7145
744914,7/1/2024,0.74900000000000000,0.7177550399430561,0.69000000000000000,0.7370917782502207,0.7490,0.7178,0.6900,0.7371
744915,7/3/2024,0.74700000000000000,0.63801536897388400,0.69000000000000000,0.7257666622720775,0.7470,0.6380,0.6900,0.7258
744916,6/30/2024,0.76300000000000000,0.9234688436751017,0.69400000000000000,0.7394970935546374,0.7630,0.9235,0.6940,0.7395
744917,6/18/2024,0.74300000000000000,0.5711674997062386,0.67900000000000000,0.6955254152191694,0.7430,0.5712,0.6790,0.6955
744918,6/17/2024,0.73800000000000000,0.6706496360743652,0.67700000000000000,0.6820029817091133,0.7380,0.6706,0.6770,0.6820
744919,6/27/2024,0.76300000000000000,0.7078042116121692,0.72600000000000000,0.7287569777458084,0.7630,0.7078,0.7260,0.7288
744920,6/19/2024,0.74400000000000000,0.7141371477238616,0.67700000000000000,0.7236468214854639,0.7440,0.7141,0.6770,0.7236
744921,6/29/2024,0.76500000000000000,0.6650478333733645,0.68800000000000000,0.7042466632927546,0.7650,0.6650,0.6880,0.7042
744922,6/28/2024,0.75900000000000000,0.6926188960290803,0.68700000000000000,0.7324163969432338,0.7590,0.6926,0.6870,0.7324
744923,6/6/2024,0.75600000000000000,0.7044829450141478,0.6819999999999999,0.6969273503708426,0.7560,0.7045,0.6820,0.6969
744924,6/14/2024,0.7210000000000001,0.82188778246480900,0.6759999999999999,0.7049212446329942,0.7210,0.8219,0.6760,0.7049
744925,6/15/2024,0.7210000000000001,0.8000221012066921,0.67300000000000000,0.52363283090783100,0.7210,0.8000,0.6730,0.5236
744926,6/16/2024,0.71800000000000000,0.7214577891519967,0.67300000000000000,0.6917244765068504,0.7180,0.7215,0.6730,0.6917
744927,6/5/2024,0.75800000000000000,0.5724329864164956,0.6819999999999999,0.6857820925664584,0.7580,0.5724,0.6820,0.6858
744928,5/31/2024,0.6639999999999999,0.6660643717403674,0.69400000000000000,0.6986346847865899,0.6640,0.6661,0.6940,0.6986
744929,6/2/2024,0.6599999999999999,0.7689454269654834,0.6859999999999999,0.7087502028843464,0.6600,0.7689,0.6860,0.7088
744930,6/3/2024,0.75100000000000000,0.6771695733355627,0.68800000000000000,0.7271566634292723,0.7510,0.6772,0.6880,0.7272
744931,6/4/2024,0.75400000000000000,0.5948242710795902,0.6859999999999999,0.5211998564397047,0.7540,0.5948,0.6860,0.5212
744932,6/1/2024,0.6559999999999999,0.7158187271423087,0.69000000000000000,0.6757105701369862,0.6560,0.7158,0.6900,0.6757
744933,5/22/2024,0.6120000000000001,0.7340050076652679,0.6679999999999999,0.7423791597196301,0.6120,0.7340,0.6680,0.7424
744934,5/17/2024,0.6819999999999999,0.7850691420966973,0.6699999999999999,0.7402052115328839,0.6820,0.7851,0.6700,0.7402
744935,5/20/2024,0.60900000000000000,0.6682217336804551,0.66700000000000000,0.6852226029768085,0.6090,0.6682,0.6670,0.6852
744936,5/21/2024,0.6120000000000001,0.6848502336515582,0.67700000000000000,0.6675137988298715,0.6120,0.6849,0.6770,0.6675
744937,5/19/2024,0.68500000000000000,0.7287661347883769,0.6639999999999999,0.7382086858432036,0.6850,0.7288,0.6640,0.7382
744938,5/18/2024,0.6819999999999999,0.7100779474225145,0.66300000000000000,0.75689506172839500,0.6820,0.7101,0.6630,0.7569
744939,5/1/2024,0.69400000000000000,0.64145748360782700,0.6779999999999999,0.7882959657673736,0.6940,0.6415,0.6780,0.7883
744940,5/10/2024,0.72900000000000000,0.6694325102880658,0.6699999999999999,0.6597393948781496,0.7290,0.6694,0.6700,0.6597
744941,5/12/2024,0.73200000000000000,0.6875270607605694,0.68300000000000000,0.94194061302682000,0.7320,0.6875,0.6830,0.9419
744942,4/30/2024,0.69200000000000000,0.6665825843054758,0.68800000000000000,0.63986714975845400,0.6920,0.6666,0.6880,0.6399
744943,5/11/2024,0.72500000000000000,0.5937488666726711,0.6679999999999999,0.7111643574567303,0.7250,0.5937,0.6680,0.7112
744944,4/16/2024,0.74100000000000000,0.80000000000000000,0.6799999999999999,0.5840000000000001,0.7410,0.8000,0.6800,0.5840
744945,4/29/2024,0.68500000000000000,0.6608789878987898,0.67300000000000000,0.75516335636154300,0.6850,0.6609,0.6730,0.7552
744946,4/27/2024,0.8029999999999999,0.6060199430199431,0.68100000000000000,0.6405897047927658,0.8030,0.6060,0.6810,0.6406
744947,4/28/2024,0.80000000000000000,0.5341139442231075,0.67100000000000000,0.7719876134412558,0.8000,0.5341,0.6710,0.7720
744948,4/17/2024,0.73000000000000000,0.5700000000000001,0.6819999999999999,1.04000000000000000,0.7300,0.5700,0.6820,1.0400
744949,4/26/2024,0.78400000000000000,0.69226177024482100,0.6859999999999999,0.7223425796062541,0.7840,0.6923,0.6860,0.7223
744950,4/10/2024,0.60700000000000000,0.65000000000000000,0.66700000000000000,0.70800000000000000,0.6070,0.6500,0.6670,0.7080
744951,4/15/2024,0.76300000000000000,0.42200000000000000,0.68300000000000000,0.8620000000000001,0.7630,0.4220,0.6830,0.8620
744952,4/14/2024,0.76100000000000000,1.1840000000000002,0.67700000000000000,0.66500000000000000,0.7610,1.1840,0.6770,0.6650
744953,4/13/2024,0.76500000000000000,0.63900000000000000,0.67300000000000000,0.67300000000000000,0.7650,0.6390,0.6730,0.6730
744954,4/12/2024,0.7090000000000001,0.5549999999999999,0.6539999999999999,0.95800000000000000,0.7090,0.5550,0.6540,0.9580
744955,9/22/2024,0.68700000000000000,0.6059359986777775,0.6819999999999999,0.7054068090635484,0.6870,0.6059,0.6820,0.7054
744956,4/8/2024,0.5900000000000001,0.93300000000000000,0.62900000000000000,0.8280000000000001,0.5900,0.9330,0.6290,0.8280
744957,4/9/2024,0.5960000000000001,0.66000000000000000,0.64800000000000000,0.96200000000000000,0.5960,0.6600,0.6480,0.9620
744958,9/21/2024,0.68300000000000000,0.7049503585622132,0.6819999999999999,0.7711806596299414,0.6830,0.7050,0.6820,0.7712
744959,9/19/2024,0.7130000000000001,0.6309797089762856,0.68500000000000000,0.6664274403756048,0.7130,0.6310,0.6850,0.6664
744960,9/21/2024,0.68300000000000000,0.6593550294424089,0.6819999999999999,0.6949146231465699,0.6830,0.6594,0.6820,0.6949
744961,9/18/2024,0.7110000000000001,0.7115258900923116,0.6819999999999999,0.6814542553739775,0.7110,0.7115,0.6820,0.6815
744962,9/19/2024,0.7130000000000001,0.6944747059978769,0.68500000000000000,0.7110286433691131,0.7130,0.6945,0.6850,0.7110
744963,9/7/2024,0.6759999999999999,0.7135052064204909,0.68700000000000000,0.8271316034625883,0.6760,0.7135,0.6870,0.8271
744964,9/5/2024,0.77700000000000000,0.7468697856174868,0.68500000000000000,0.6694955978123425,0.7770,0.7469,0.6850,0.6695
744965,9/8/2024,0.6739999999999999,0.6816819606386351,0.68500000000000000,0.6958141157792406,0.6740,0.6817,0.6850,0.6958
744966,9/6/2024,0.6779999999999999,0.8053406877162148,0.68700000000000000,0.6282805917574086,0.6780,0.8053,0.6870,0.6283
744967,9/7/2024,0.6759999999999999,0.8092269042447879,0.68700000000000000,0.6132870829118213,0.6760,0.8092,0.6870,0.6133
744968,9/4/2024,0.77800000000000000,0.7448093798861286,0.68500000000000000,0.7052238252748934,0.7780,0.7448,0.6850,0.7052
744969,8/31/2024,0.70400000000000000,0.7396320509373617,0.6839999999999999,0.70001752805722800,0.7040,0.7396,0.6840,0.7000
744970,9/1/2024,0.7050000000000001,0.7508637910261873,0.68300000000000000,0.8003454264842109,0.7050,0.7509,0.6830,0.8003
744971,8/31/2024,0.70400000000000000,0.7285903107931514,0.6839999999999999,0.6251896432510486,0.7040,0.7286,0.6840,0.6252
744972,9/3/2024,0.77800000000000000,0.7532002211653537,0.6839999999999999,0.8533432680545829,0.7780,0.7532,0.6840,0.8533
744973,8/21/2024,0.67500000000000000,0.5484509136113684,0.6910000000000001,0.6996943809341791,0.6750,0.5485,0.6910,0.6997
744974,8/17/2024,0.75600000000000000,0.68622726208518700,0.6910000000000001,0.6962516165535697,0.7560,0.6862,0.6910,0.6963
744975,8/18/2024,0.75400000000000000,0.7100558036811035,0.6890000000000001,0.6315199511238416,0.7540,0.7101,0.6890,0.6315
744976,8/20/2024,0.6759999999999999,0.6696091643542961,0.6910000000000001,0.7396302117527046,0.6760,0.6696,0.6910,0.7396
744977,8/17/2024,0.75600000000000000,0.79069404512609700,0.6910000000000001,0.6810750352120367,0.7560,0.7907,0.6910,0.6811
744978,8/21/2024,0.67500000000000000,0.72615115257229300,0.6910000000000001,0.6463049852757433,0.6750,0.7262,0.6910,0.6463
744979,8/4/2024,0.77300000000000000,0.7175646381401175,0.6930000000000001,0.6602740660900012,0.7730,0.7176,0.6930,0.6603
744980,8/16/2024,0.75700000000000000,0.6728049431056305,0.69200000000000000,0.6140965881123768,0.7570,0.6728,0.6920,0.6141
744981,8/7/2024,0.73200000000000000,0.7306978761261897,0.6910000000000001,0.6975760001507121,0.7320,0.7307,0.6910,0.6976
744982,8/6/2024,0.73300000000000000,0.7321270912720015,0.69200000000000000,0.7023797660937579,0.7330,0.7321,0.6920,0.7024
744983,8/7/2024,0.73200000000000000,0.6890561172606191,0.6910000000000001,0.6976461642378022,0.7320,0.6891,0.6910,0.6976
744984,7/25/2024,0.62600000000000000,0.7466315615903883,0.68800000000000000,0.7109415785294477,0.6260,0.7466,0.6880,0.7109
744985,7/24/2024,0.62700000000000000,0.6340965705978128,0.6890000000000001,0.6969774837562365,0.6270,0.6341,0.6890,0.6970
744986,8/3/2024,0.76700000000000000,0.6961293723722418,0.68800000000000000,0.6700816407666325,0.7670,0.6961,0.6880,0.6701
744987,8/3/2024,0.76700000000000000,0.6308771399244779,0.68800000000000000,0.5548237373618345,0.7670,0.6309,0.6880,0.5548
744988,7/23/2024,0.6259999999999999,0.6632054734227802,0.6890000000000001,0.6883295247912427,0.6260,0.6632,0.6890,0.6883
744989,7/25/2024,0.62600000000000000,0.7458793953698757,0.68800000000000000,0.6614725024077085,0.6260,0.7459,0.6880,0.6615
744990,7/20/2024,0.76700000000000000,0.6374908276587943,0.6950000000000001,0.64439758883650300,0.7670,0.6375,0.6950,0.6444
744991,7/21/2024,0.77200000000000000,0.6916246828159626,0.69000000000000000,0.7029152227127702,0.7720,0.6916,0.6900,0.7029
744992,7/6/2024,0.6859999999999999,0.7071947638135462,0.68700000000000000,0.67888708501634800,0.6860,0.7072,0.6870,0.6789
744993,7/7/2024,0.68300000000000000,0.7556337559215289,0.68800000000000000,0.64609855129049300,0.6830,0.7556,0.6880,0.6461
744994,7/20/2024,0.76700000000000000,0.7059741799624237,0.6950000000000001,0.68616491526800800,0.7670,0.7060,0.6950,0.6862
744995,7/6/2024,0.6859999999999999,0.6957894956186704,0.68700000000000000,0.6918838301453261,0.6860,0.6958,0.6870,0.6919
744996,7/4/2024,0.73000000000000000,0.7103517808525021,0.69000000000000000,0.52537423104619000,0.7300,0.7104,0.6900,0.5254
744997,6/22/2024,0.7070000000000001,0.6747685600621944,0.75700000000000000,0.6813440926920018,0.7070,0.6748,0.7570,0.6813
744998,7/4/2024,0.73000000000000000,0.7956063870853567,0.69000000000000000,0.6803226411420249,0.7300,0.7956,0.6900,0.6803
744999,7/3/2024,0.73700000000000000,0.6661804504432263,0.68500000000000000,0.6734413663591494,0.7370,0.6662,0.6850,0.6734
745000,6/23/2024,0.7110000000000001,0.6748473731477194,0.6799999999999999,0.6739341942264078,0.7110,0.6748,0.6800,0.6739
745001,6/8/2024,0.70000000000000000,0.7356331391440735,0.76500000000000000,0.69796144505160900,0.7000,0.7356,0.7650,0.6980
745002,6/20/2024,0.72000000000000000,0.6746428728999974,0.67700000000000000,0.7017980766164775,0.7200,0.6746,0.6770,0.7018
745003,6/9/2024,0.7030000000000001,0.74447327987781600,0.6910000000000001,0.6541079393720679,0.7030,0.7445,0.6910,0.6541
745004,6/19/2024,0.7190000000000001,0.6464310907172639,0.67700000000000000,0.66815045538979700,0.7190,0.6464,0.6770,0.6682
745005,6/18/2024,0.72400000000000000,0.7248090999479355,0.75700000000000000,0.6834065503683615,0.7240,0.7248,0.7570,0.6834
745006,6/22/2024,0.7070000000000001,0.6863741506601722,0.75700000000000000,0.6584133177039349,0.7070,0.6864,0.7570,0.6584
745007,6/6/2024,0.6839999999999999,0.7469041661435071,0.69400000000000000,0.6711556560255485,0.6840,0.7469,0.6940,0.6712
745008,6/8/2024,0.70000000000000000,0.6754503164704304,0.76500000000000000,0.6735221370640714,0.7000,0.6755,0.7650,0.6735
745009,6/4/2024,0.68800000000000000,0.57268426433609500,0.76700000000000000,0.6566224046509296,0.6880,0.5727,0.7670,0.6566
745010,6/5/2024,0.6839999999999999,0.65239058038678700,0.6990000000000001,0.6911027932255052,0.6840,0.6524,0.6990,0.6911
745011,5/29/2024,0.72400000000000000,0.8524376517531196,0.76800000000000000,0.6905935975806526,0.7240,0.8524,0.7680,0.6906
745012,5/19/2024,0.70600000000000000,0.6728811307543113,0.7090000000000001,0.7026474769012083,0.7060,0.6729,0.7090,0.7026
745013,5/18/2024,0.73800000000000000,0.70863709349593500,0.77500000000000000,0.6455051815431164,0.7380,0.7086,0.7750,0.6455
745014,5/15/2024,0.70400000000000000,0.75772188187577500,0.7110000000000001,0.8650627833799307,0.7040,0.7577,0.7110,0.8651
745015,5/16/2024,0.7070000000000001,0.8062377575256068,0.71400000000000000,0.6436855022887318,0.7070,0.8062,0.7140,0.6437
745016,5/18/2024,0.73800000000000000,0.6418087405091837,0.77500000000000000,0.6929433290762026,0.7380,0.6418,0.7750,0.6929
745017,5/29/2024,0.72400000000000000,0.6881544267745718,0.76800000000000000,0.6653256291210905,0.7240,0.6882,0.7680,0.6653
745018,5/1/2024,0.7070000000000001,0.7420004439370878,0.78100000000000000,0.6560471256112992,0.7070,0.7420,0.7810,0.6560
745019,5/14/2024,0.6990000000000001,0.7558297204346598,0.77500000000000000,0.70302687882056800,0.6990,0.7558,0.7750,0.7030
745020,4/27/2024,0.73900000000000000,0.7026844509707946,0.78200000000000000,0.6263456790123456,0.7390,0.7027,0.7820,0.6263
745021,5/2/2024,0.68500000000000000,0.58695852623456800,0.72400000000000000,0.6693891293891294,0.6850,0.5870,0.7240,0.6694
745022,4/28/2024,0.69000000000000000,0.6702991329479768,0.71800000000000000,0.7518413606739787,0.6900,0.6703,0.7180,0.7518
745023,5/2/2024,0.68500000000000000,0.66700803109915000,0.72400000000000000,0.6603327032136106,0.6850,0.6670,0.7240,0.6603
745024,4/11/2024,0.63700000000000000,0.85100000000000000,0.78600000000000000,0.37200000000000000,0.6370,0.8510,0.7860,0.3720
745025,4/27/2024,0.73900000000000000,0.7046798872078521,0.78200000000000000,0.6959155555555556,0.7390,0.7047,0.7820,0.6959
745026,4/24/2024,0.72800000000000000,0.5747713763145862,0.78200000000000000,0.7549111111111112,0.7280,0.5748,0.7820,0.7549
745027,4/25/2024,0.6699999999999999,0.7160803411554048,0.71000000000000000,0.7279138211382115,0.6700,0.7161,0.7100,0.7279
745028,4/25/2024,0.6699999999999999,0.6262857142857143,0.71000000000000000,0.7350272936837252,0.6700,0.6263,0.7100,0.7350
745029,4/11/2024,0.63700000000000000,1.00100000000000000,0.78600000000000000,0.9790000000000001,0.6370,1.0010,0.7860,0.9790
745030,4/10/2024,0.6679999999999999,0.9790000000000001,0.7909999999999999,0.5369999999999999,0.6680,0.9790,0.7910,0.5370
745031,4/6/2024,0.77100000000000000,0.6399999999999999,0.79500000000000000,1.14300000000000000,0.7710,0.6400,0.7950,1.1430
745032,4/7/2024,0.77200000000000000,0.06900000000000000,0.86600000000000000,0.84600000000000000,0.7720,0.0690,0.8660,0.8460
745033,4/6/2024,0.77100000000000000,1.03800000000000000,0.79500000000000000,0.32200000000000000,0.7710,1.0380,0.7950,0.3220
745034,4/9/2024,0.76900000000000000,1.68900000000000000,0.79200000000000000,0.65700000000000000,0.7690,1.6890,0.7920,0.6570
745035,3/31/2024,0.57700000000000000,0.57700000000000000,1.02600000000000000,1.02600000000000000,0.5770,0.5770,1.0260,1.0260
745036,9/22/2024,0.7090000000000001,0.6566838163140483,0.67500000000000000,0.6586964143529443,0.7090,0.6567,0.6750,0.6587
745037,3/30/2024,0.64100000000000000,0.64100000000000000,0.82100000000000000,0.82100000000000000,0.6410,0.6410,0.8210,0.8210
745038,9/21/2024,0.7090000000000001,0.6882434658822116,0.67500000000000000,0.72090190019570800,0.7090,0.6882,0.6750,0.7209
745039,3/28/2024,0.75400000000000000,1.00000000000000000,0.79200000000000000,1.00000000000000000,0.7540,1.0000,0.7920,1.0000
745040,9/18/2024,0.75100000000000000,0.65956813560418200,0.6759999999999999,0.7003439030872055,0.7510,0.6596,0.6760,0.7003
745041,9/19/2024,0.75100000000000000,0.7239462535411267,0.6759999999999999,0.7432490705435082,0.7510,0.7239,0.6760,0.7432
745042,9/5/2024,0.74800000000000000,0.6959926641414471,0.67700000000000000,0.7166050996806039,0.7480,0.6960,0.6770,0.7166
745043,9/20/2024,0.71000000000000000,0.6835628000801093,0.67500000000000000,0.79504765234670000,0.7100,0.6836,0.6750,0.7950
745044,9/17/2024,0.75300000000000000,0.7181451484148555,0.6739999999999999,0.6777192813351515,0.7530,0.7181,0.6740,0.6777
745045,9/4/2024,0.74700000000000000,0.6611806237247748,0.67500000000000000,0.7475442670179988,0.7470,0.6612,0.6750,0.7475
745046,9/2/2024,0.74900000000000000,0.68343441937263600,0.67700000000000000,0.7507383441236212,0.7490,0.6834,0.6770,0.7507
745047,9/3/2024,0.74900000000000000,0.7390999144321891,0.67700000000000000,0.7556544829101682,0.7490,0.7391,0.6770,0.7557
745048,9/1/2024,0.74600000000000000,0.6648203892076896,0.67900000000000000,0.6873497924338037,0.7460,0.6648,0.6790,0.6873
745049,8/17/2024,0.77100000000000000,0.7223187505976773,0.67900000000000000,0.8391325449247693,0.7710,0.7223,0.6790,0.8391
745050,8/31/2024,0.74600000000000000,0.7709842187024595,0.6759999999999999,0.7021307969335948,0.7460,0.7710,0.6760,0.7021
745051,8/18/2024,0.76800000000000000,0.6472663302318116,0.6819999999999999,0.6785390358440868,0.7680,0.6473,0.6820,0.6785
745052,8/30/2024,0.74300000000000000,0.7839489703904152,0.67500000000000000,0.7008736837458954,0.7430,0.7839,0.6750,0.7009
745053,8/14/2024,0.74400000000000000,0.6572183344234745,0.68300000000000000,0.7584474306423504,0.7440,0.6572,0.6830,0.7584
745054,8/16/2024,0.77100000000000000,0.7608315861282693,0.67900000000000000,0.6789159244259642,0.7710,0.7608,0.6790,0.6789
745055,8/13/2024,0.74400000000000000,0.7279704155348173,0.68500000000000000,0.72108597717637400,0.7440,0.7280,0.6850,0.7211
745056,8/10/2024,0.77300000000000000,0.6432388833393149,0.68800000000000000,0.4910391423390501,0.7730,0.6432,0.6880,0.4910
745057,8/11/2024,0.77500000000000000,0.70313052262798800,0.68800000000000000,0.8835722042017654,0.7750,0.7031,0.6880,0.8836
745058,8/12/2024,0.74300000000000000,0.6734390300355715,0.68700000000000000,0.6696273546346967,0.7430,0.6734,0.6870,0.6696
745059,7/27/2024,0.7010000000000001,0.6964951685417999,0.6859999999999999,0.7716969087572019,0.7010,0.6965,0.6860,0.7717
745060,7/30/2024,0.6539999999999999,0.80305788533463800,0.6859999999999999,0.7141085211216172,0.6540,0.8031,0.6860,0.7141
745061,7/31/2024,0.6559999999999999,0.8173741031546413,0.68800000000000000,0.6413156832043232,0.6560,0.8174,0.6880,0.6413
745062,8/9/2024,0.77300000000000000,0.7066846174236192,0.69000000000000000,0.7535572528603992,0.7730,0.7067,0.6900,0.7536
745063,7/28/2024,0.69800000000000000,0.6426970651891872,0.68800000000000000,0.7848013981363182,0.6980,0.6427,0.6880,0.7848
745064,7/12/2024,0.73000000000000000,0.80110935174154600,0.68300000000000000,0.6866296324840846,0.7300,0.8011,0.6830,0.6866
745065,7/11/2024,0.75500000000000000,0.6775197259075426,0.68100000000000000,0.69473956624540900,0.7550,0.6775,0.6810,0.6947
745066,7/14/2024,0.72800000000000000,0.7568329021808167,0.6839999999999999,0.6981959953461173,0.7280,0.7568,0.6840,0.6982
745067,7/13/2024,0.72700000000000000,0.7495302350629595,0.6839999999999999,0.7662236935840966,0.7270,0.7495,0.6840,0.7662
745068,7/26/2024,0.7050000000000001,0.6737781023896686,0.68700000000000000,0.7869225527522641,0.7050,0.6738,0.6870,0.7869
745069,7/10/2024,0.75800000000000000,0.7057970090283504,0.68100000000000000,0.7300963627093261,0.7580,0.7058,0.6810,0.7301
745070,6/28/2024,0.6739999999999999,0.65681664404941600,0.6779999999999999,0.7250365940053726,0.6740,0.6568,0.6780,0.7250
745071,6/29/2024,0.67100000000000000,0.6837826731119576,0.67900000000000000,0.7622049914626863,0.6710,0.6838,0.6790,0.7622
745072,6/30/2024,0.67500000000000000,0.7790365620349924,0.6759999999999999,0.7127780856099333,0.6750,0.7790,0.6760,0.7128
745073,6/26/2024,0.67100000000000000,0.6297922566239172,0.6799999999999999,0.7143210918427223,0.6710,0.6298,0.6800,0.7143
745074,7/9/2024,0.75900000000000000,0.72843506490805900,0.68100000000000000,0.7096675630343385,0.7590,0.7284,0.6810,0.7097
745075,6/13/2024,0.68700000000000000,0.6839652977425547,0.6599999999999999,0.7483792797608616,0.6870,0.6840,0.6600,0.7484
745076,6/25/2024,0.67100000000000000,0.67287236428034500,0.6759999999999999,0.7599429138035747,0.6710,0.6729,0.6760,0.7599
745077,6/11/2024,0.6859999999999999,0.7021624969053852,0.6579999999999999,0.7244480648943952,0.6860,0.7022,0.6580,0.7244
745078,6/24/2024,0.6719999999999999,0.50831149148437700,0.67500000000000000,0.7167095757557483,0.6720,0.5083,0.6750,0.7167
745079,6/12/2024,0.6859999999999999,0.6597707207522574,0.65900000000000000,0.7585811051041627,0.6860,0.6598,0.6590,0.7586
745080,6/10/2024,0.76400000000000000,0.5848331596551802,0.66100000000000000,0.6557653502761855,0.7640,0.5848,0.6610,0.6558
745081,5/30/2024,0.67900000000000000,0.6255024310660642,0.6619999999999999,0.6875003400096622,0.6790,0.6255,0.6620,0.6875
745082,6/8/2024,0.75800000000000000,0.6299095738379739,0.67100000000000000,0.7660691735199974,0.7580,0.6299,0.6710,0.7661
745083,6/7/2024,0.75600000000000000,0.6480837890788562,0.6699999999999999,0.7438671042833358,0.7560,0.6481,0.6700,0.7439
745084,5/29/2024,0.68100000000000000,0.78797331750360700,0.6579999999999999,0.65554209276723300,0.6810,0.7880,0.6580,0.6555
745085,6/9/2024,0.75900000000000000,0.6743111533031407,0.6639999999999999,0.7206143864421898,0.7590,0.6743,0.6640,0.7206
745086,5/25/2024,0.72700000000000000,0.6365497237675116,0.6659999999999999,0.7507329527349382,0.7270,0.6365,0.6660,0.7507
745087,5/24/2024,0.72200000000000000,0.61077327093618000,0.67100000000000000,0.6928228435739419,0.7220,0.6108,0.6710,0.6928
745088,5/26/2024,0.73000000000000000,0.6787703976451323,0.66500000000000000,0.6824754230280428,0.7300,0.6788,0.6650,0.6825
745089,5/22/2024,0.72400000000000000,0.6819871916508539,0.6699999999999999,0.6483005280177858,0.7240,0.6820,0.6700,0.6483
745090,5/21/2024,0.72600000000000000,0.6474459501676275,0.6739999999999999,0.7146689039404368,0.7260,0.6474,0.6740,0.7147
745091,5/28/2024,0.68300000000000000,0.7092024310660642,0.6639999999999999,0.7108379909630445,0.6830,0.7092,0.6640,0.7108
745092,5/12/2024,0.7410000000000001,0.6137680792248172,0.6819999999999999,0.7534644247929576,0.7410,0.6138,0.6820,0.7535
745093,5/20/2024,0.72600000000000000,0.5750379626858226,0.6799999999999999,0.6193580846015236,0.7260,0.5750,0.6800,0.6194
745094,5/10/2024,0.75100000000000000,0.7350934129699662,0.67900000000000000,0.6816164680390033,0.7510,0.7351,0.6790,0.6816
745095,5/7/2024,0.59300000000000000,0.7931799501884546,0.68300000000000000,0.7146498516320474,0.5930,0.7932,0.6830,0.7146
745096,5/11/2024,0.74800000000000000,0.6443220799178563,0.6759999999999999,0.6967522039456002,0.7480,0.6443,0.6760,0.6968
745097,5/8/2024,0.5900000000000001,0.7469136753966554,0.6859999999999999,0.7106052355471619,0.5900,0.7469,0.6860,0.7106
745098,5/6/2024,0.5980000000000001,0.7113048833376703,0.6719999999999999,0.7712669565217392,0.5980,0.7113,0.6720,0.7713
745099,4/24/2024,0.6519999999999999,0.6803366359990564,0.65700000000000000,0.6161275476660093,0.6520,0.6803,0.6570,0.6161
745100,5/4/2024,0.69000000000000000,0.6815267944391894,0.6659999999999999,0.7077558123908076,0.6900,0.6815,0.6660,0.7078
745101,5/3/2024,0.68500000000000000,0.6628471236601832,0.65500000000000000,0.6995685857895214,0.6850,0.6628,0.6550,0.6996
745102,4/23/2024,0.6479999999999999,0.7371777777777778,0.6619999999999999,0.63553539094650200,0.6480,0.7372,0.6620,0.6355
745103,5/5/2024,0.68500000000000000,0.6003514355669849,0.6639999999999999,0.6179020710506424,0.6850,0.6004,0.6640,0.6179
745104,4/18/2024,0.70600000000000000,1.06600000000000000,0.67900000000000000,0.66200000000000000,0.7060,1.0660,0.6790,0.6620
745105,4/17/2024,0.70200000000000000,0.40900000000000003,0.6719999999999999,0.63400000000000000,0.7020,0.4090,0.6720,0.6340
745106,4/15/2024,0.7010000000000001,0.75400000000000000,0.6950000000000001,0.8320000000000001,0.7010,0.7540,0.6950,0.8320
745107,4/22/2024,0.63900000000000000,0.47300000000000000,0.66700000000000000,0.6822409356725146,0.6390,0.4730,0.6670,0.6822
745108,4/16/2024,0.7190000000000001,0.83900000000000000,0.6839999999999999,0.59700000000000000,0.7190,0.8390,0.6840,0.5970
745109,4/1/2024,0.89700000000000000,0.89700000000000000,0.7150000000000001,0.7150000000000001,0.8970,0.8970,0.7150,0.7150
745110,4/13/2024,0.6539999999999999,0.77600000000000000,0.67900000000000000,0.52500000000000000,0.6540,0.7760,0.6790,0.5250
745111,4/2/2024,0.88300000000000000,0.88300000000000000,0.7230000000000001,0.97200000000000000,0.8830,0.8830,0.7230,0.9720
745112,4/12/2024,0.6619999999999999,0.6040000000000001,0.68800000000000000,1.00000000000000000,0.6620,0.6040,0.6880,1.0000
745113,4/14/2024,0.70000000000000000,0.60700000000000000,0.6739999999999999,0.6739999999999999,0.7000,0.6070,0.6740,0.6740
745114,4/3/2024,0.8140000000000001,0.67300000000000000,0.70600000000000000,0.56000000000000000,0.8140,0.6730,0.7060,0.5600
745115,3/31/2024,0.63700000000000000,0.63700000000000000,0.79200000000000000,0.82900000000000000,0.6370,0.6370,0.7920,0.8290
745116,3/28/2024,0.74700000000000000,1.00000000000000000,0.77800000000000000,1.00000000000000000,0.7470,1.0000,0.7780,1.0000
745117,3/29/2024,0.90600000000000000,0.90600000000000000,0.71000000000000000,0.71000000000000000,0.9060,0.9060,0.7100,0.7100
745118,9/22/2024,0.7070000000000001,0.7436925358377102,0.70000000000000000,0.6876411447362047,0.7070,0.7437,0.7000,0.6876
745119,3/30/2024,0.72300000000000000,0.72300000000000000,0.74700000000000000,0.74700000000000000,0.7230,0.7230,0.7470,0.7470
745120,9/19/2024,0.6759999999999999,0.6761192201483938,0.7010000000000001,0.6906205178256732,0.6760,0.6761,0.7010,0.6906
745121,9/18/2024,0.6739999999999999,0.7992421540315182,0.69800000000000000,0.6857141174526288,0.6740,0.7992,0.6980,0.6857
745122,9/17/2024,0.6739999999999999,0.7164878051050593,0.6990000000000001,0.7154320163408843,0.6740,0.7165,0.6990,0.7154
745123,9/21/2024,0.7050000000000001,0.7410936057083559,0.70000000000000000,0.7227761584449643,0.7050,0.7411,0.7000,0.7228
745124,9/21/2024,0.7050000000000001,0.6769470059971321,0.70000000000000000,0.76154020619678800,0.7050,0.6769,0.7000,0.7615
745125,9/7/2024,0.6739999999999999,0.6033697580457467,0.7050000000000001,0.7324434489838396,0.6740,0.6034,0.7050,0.7324
745126,9/10/2024,0.70400000000000000,0.5920843993424894,0.70200000000000000,0.6967897174281212,0.7040,0.5921,0.7020,0.6968
745127,9/11/2024,0.7030000000000001,0.57333997100588600,0.7010000000000001,0.7228916506872249,0.7030,0.5733,0.7010,0.7229
745128,9/8/2024,0.6739999999999999,0.6743995892147321,0.7030000000000001,0.7541547380339351,0.6740,0.6744,0.7030,0.7542
745129,9/12/2024,0.7010000000000001,0.6299063299377722,0.7010000000000001,0.6949477068558348,0.7010,0.6299,0.7010,0.6949
745130,9/16/2024,0.6759999999999999,0.6300228135774772,0.70000000000000000,0.6963611707555573,0.6760,0.6300,0.7000,0.6964
745131,9/7/2024,0.6739999999999999,0.6273645503943156,0.7050000000000001,0.6894357165827016,0.6740,0.6274,0.7050,0.6894
745132,8/27/2024,0.74500000000000000,0.6556041533178995,0.70000000000000000,0.7515268225036498,0.7450,0.6556,0.7000,0.7515
745133,8/26/2024,0.74400000000000000,0.77592058531462800,0.6990000000000001,0.7344482244960151,0.7440,0.7759,0.6990,0.7344
745134,8/28/2024,0.74500000000000000,0.7427077008897647,0.7010000000000001,0.6776458177986415,0.7450,0.7427,0.7010,0.6776
745135,8/29/2024,0.74500000000000000,0.66832202995827300,0.70200000000000000,0.7022350056984367,0.7450,0.6683,0.7020,0.7022
745136,8/20/2024,0.7370000000000001,0.7335332039350724,0.6990000000000001,0.68975953572818900,0.7370,0.7335,0.6990,0.6898
745137,8/22/2024,0.7370000000000001,0.6901649536120782,0.7010000000000001,0.7641416978582986,0.7370,0.6902,0.7010,0.7641
745138,8/21/2024,0.7370000000000001,0.6716795669931905,0.69800000000000000,0.7336955088480154,0.7370,0.6717,0.6980,0.7337
745139,8/18/2024,0.76500000000000000,0.71227682055394800,0.7010000000000001,0.6880902558080637,0.7650,0.7123,0.7010,0.6881
745140,8/17/2024,0.76600000000000000,0.8149950706113278,0.6970000000000001,0.6991473125319971,0.7660,0.8150,0.6970,0.6991
745141,8/6/2024,0.69000000000000000,0.8469341486794479,0.69600000000000000,0.6864013558158308,0.6900,0.8469,0.6960,0.6864
745142,8/7/2024,0.6890000000000001,0.6471387957972102,0.69800000000000000,0.6877115302484964,0.6890,0.6471,0.6980,0.6877
745143,8/8/2024,0.68800000000000000,0.7112042160615729,0.69800000000000000,0.71902574137150600,0.6880,0.7112,0.6980,0.7190
745144,8/17/2024,0.76600000000000000,0.7457310063411888,0.6970000000000001,0.7613148325214083,0.7660,0.7457,0.6970,0.7613
745145,7/28/2024,0.6819999999999999,0.7447397364363323,0.69800000000000000,0.7588838167461662,0.6820,0.7447,0.6980,0.7589
745146,7/27/2024,0.67500000000000000,0.7179716640670282,0.6970000000000001,0.6831614255627063,0.6750,0.7180,0.6970,0.6832
745147,7/29/2024,0.69200000000000000,0.6548448195112986,0.6990000000000001,0.7119461254000754,0.6920,0.6548,0.6990,0.7119
745148,7/31/2024,0.6910000000000001,0.6986009911990694,0.70000000000000000,0.7088289626744091,0.6910,0.6986,0.7000,0.7088
745149,7/30/2024,0.69400000000000000,0.68489301958908100,0.6970000000000001,0.7353082050129527,0.6940,0.6849,0.6970,0.7353
745150,7/27/2024,0.67500000000000000,0.6926133967389441,0.6970000000000001,0.7244622242963011,0.6750,0.6926,0.6970,0.7245
745151,7/14/2024,0.69000000000000000,0.6579428679043811,0.6950000000000001,0.7312785884055517,0.6900,0.6579,0.6950,0.7313
745152,7/13/2024,0.6890000000000001,0.6481767153093909,0.69400000000000000,0.7288964353851832,0.6890,0.6482,0.6940,0.7289
745153,7/13/2024,0.6890000000000001,0.7808417501902849,0.69400000000000000,0.6540469940207184,0.6890,0.7808,0.6940,0.6540
745154,6/30/2024,0.68800000000000000,0.6689942207800618,0.68500000000000000,0.7101362945523013,0.6880,0.6690,0.6850,0.7101
745155,7/10/2024,0.7130000000000001,0.6939329116745053,0.69400000000000000,0.7194849285280078,0.7130,0.6939,0.6940,0.7195
745156,7/10/2024,0.7130000000000001,0.66451331637218500,0.69400000000000000,0.6630348742773872,0.7130,0.6645,0.6940,0.6630
745157,6/26/2024,0.72000000000000000,0.6127978373295722,0.69000000000000000,0.6835941138714682,0.7200,0.6128,0.6900,0.6836
745158,6/26/2024,0.72000000000000000,0.8035686346412418,0.69000000000000000,0.7209804774916964,0.7200,0.8036,0.6900,0.7210
745159,6/29/2024,0.72800000000000000,0.6683172567220904,0.7250000000000001,0.6174350860510976,0.7280,0.6683,0.7250,0.6174
745160,6/24/2024,0.72100000000000000,0.7103155456639321,0.69000000000000000,0.7196600100247924,0.7210,0.7103,0.6900,0.7197
745161,6/29/2024,0.72800000000000000,0.6971032558169236,0.7250000000000001,0.7357825564779459,0.7280,0.6971,0.7250,0.7358
745162,6/27/2024,0.6819999999999999,0.7079300804754602,0.68700000000000000,0.7127630114411494,0.6820,0.7079,0.6870,0.7128
745163,6/22/2024,0.70600000000000000,0.6920872877720106,0.68100000000000000,0.7247933528330366,0.7060,0.6921,0.6810,0.7248
745164,6/20/2024,0.70400000000000000,0.7549479884097657,0.6799999999999999,0.7223654902436206,0.7040,0.7549,0.6800,0.7224
745165,6/23/2024,0.70600000000000000,0.6766893648415522,0.68800000000000000,0.63790019912491200,0.7060,0.6767,0.6880,0.6379
745166,6/8/2024,0.68800000000000000,0.7885995271935423,0.6819999999999999,0.7066154944206471,0.6880,0.7886,0.6820,0.7066
745167,6/9/2024,0.69200000000000000,0.7529766697888671,0.67900000000000000,0.7911470311899094,0.6920,0.7530,0.6790,0.7911
745168,6/13/2024,0.65900000000000000,0.7016810919730483,0.6799999999999999,0.7135960232565994,0.6590,0.7017,0.6800,0.7136
745169,6/7/2024,0.68800000000000000,0.71483299417911300,0.6819999999999999,0.7190650998459126,0.6880,0.7148,0.6820,0.7191
745170,6/11/2024,0.66300000000000000,0.6567932746203259,0.68100000000000000,0.7604339927278455,0.6630,0.6568,0.6810,0.7604
745171,6/12/2024,0.6599999999999999,0.6722928914456222,0.6799999999999999,0.6525702656654707,0.6600,0.6723,0.6800,0.6526
745172,5/26/2024,0.68100000000000000,0.6264200188680984,0.67700000000000000,0.6799534647799705,0.6810,0.6264,0.6770,0.6800
745173,5/22/2024,0.74300000000000000,0.6443612317307621,0.7270000000000001,0.73187082429661100,0.7430,0.6444,0.7270,0.7319
745174,6/6/2024,0.69200000000000000,0.72534522714241900,0.68300000000000000,0.6630811064747386,0.6920,0.7253,0.6830,0.6631
745175,7/14/2024,0.69000000000000000,0.6830724294456428,0.6950000000000001,0.7119359988280722,0.6900,0.6831,0.6950,0.7119
745176,5/25/2024,0.6799999999999999,0.6637835706526354,0.6719999999999999,0.7857128715840476,0.6800,0.6638,0.6720,0.7857
745177,5/18/2024,0.74400000000000000,0.5970835094460455,0.7270000000000001,0.8108320253456534,0.7440,0.5971,0.7270,0.8108
745178,5/18/2024,0.74400000000000000,0.6767821835175921,0.7270000000000001,0.73609218975733400,0.7440,0.6768,0.7270,0.7361
745179,5/19/2024,0.71600000000000000,0.7079238718240425,0.6739999999999999,0.7265771162827205,0.7160,0.7079,0.6740,0.7266
745180,5/22/2024,0.74700000000000000,0.6464561774263187,0.6719999999999999,0.7603864011163264,0.7470,0.6465,0.6720,0.7604
745181,5/20/2024,0.75400000000000000,0.6330088406071037,0.6699999999999999,0.6966911273302849,0.7540,0.6330,0.6700,0.6967
745182,5/6/2024,0.6839999999999999,0.6349551598350822,0.62800000000000000,0.69392959877170400,0.6840,0.6350,0.6280,0.6939
745183,5/4/2024,0.66500000000000000,0.7051999536272209,0.7270000000000001,0.7230837425001675,0.6650,0.7052,0.7270,0.7231
745184,8/5/2024,0.74300000000000000,0.6675700530602704,0.6990000000000001,0.71278995386155700,0.7430,0.6676,0.6990,0.7128
745185,5/5/2024,0.59300000000000000,0.7352615144418424,0.63500000000000000,0.5741904594454372,0.5930,0.7353,0.6350,0.5742
745186,5/7/2024,0.6859999999999999,0.62461447166921900,0.62900000000000000,0.78453692643496200,0.6860,0.6246,0.6290,0.7845
745187,5/4/2024,0.66500000000000000,0.6509560476095484,0.7270000000000001,0.5741968426097077,0.6650,0.6510,0.7270,0.5742
745188,4/24/2024,0.7549999999999999,0.6048497003227293,0.64100000000000000,0.7760711305191654,0.7550,0.6048,0.6410,0.7761
745189,4/20/2024,0.71400000000000000,0.48400000000000000,0.73300000000000000,0.8018333333333334,0.7140,0.4840,0.7330,0.8018
745190,4/20/2024,0.71400000000000000,1.04900000000000000,0.73300000000000000,0.77200000000000000,0.7140,1.0490,0.7330,0.7720
745191,4/22/2024,0.73800000000000000,0.7479111111111111,0.63900000000000000,0.7589407407407407,0.7380,0.7479,0.6390,0.7589
745192,4/21/2024,0.80600000000000000,0.66900000000000000,0.64600000000000000,0.6280617283950618,0.8060,0.6690,0.6460,0.6281
745193,4/23/2024,0.73600000000000000,0.8329412698412699,0.64400000000000000,0.7755509021842355,0.7360,0.8329,0.6440,0.7756
745194,4/8/2024,0.67500000000000000,0.42100000000000004,0.64500000000000000,0.92800000000000000,0.6750,0.4210,0.6450,0.9280
745195,4/9/2024,0.6799999999999999,0.51200000000000000,0.63900000000000000,0.63900000000000000,0.6800,0.5120,0.6390,0.6390
745196,4/10/2024,0.6719999999999999,0.9520000000000001,0.64000000000000000,0.90300000000000000,0.6720,0.9520,0.6400,0.9030
745197,4/6/2024,0.5900000000000001,0.83200000000000000,0.64000000000000000,0.73200000000000000,0.5900,0.8320,0.6400,0.7320
745198,4/7/2024,0.5840000000000001,0.56400000000000000,0.64500000000000000,0.71800000000000000,0.5840,0.5640,0.6450,0.7180
745199,9/19/2024,0.76700000000000000,0.72143461555414500,0.6839999999999999,0.6265644090024225,0.7670,0.7214,0.6840,0.6266
745200,4/4/2024,0.56000000000000000,0.92900000000000000,0.60500000000000000,0.54400000000000000,0.5600,0.9290,0.6050,0.5440
745201,9/29/2024,0.6950000000000001,0.7646838100859988,0.68700000000000000,0.6153130945906997,0.6950,0.7647,0.6870,0.6153
745202,9/28/2024,0.69800000000000000,0.7429151622750712,0.68800000000000000,0.6102596053836402,0.6980,0.7429,0.6880,0.6103
745203,9/29/2024,0.6950000000000001,0.7614631327694925,0.68700000000000000,0.7000370773218874,0.6950,0.7615,0.6870,0.7000
745204,9/19/2024,0.76700000000000000,0.6931199640107968,0.6839999999999999,0.6058530906792958,0.7670,0.6931,0.6840,0.6059
745205,9/18/2024,0.76700000000000000,0.67187896727198600,0.68300000000000000,0.5840473693664872,0.7670,0.6719,0.6830,0.5840
745206,9/15/2024,0.68500000000000000,0.6996484517476864,0.6779999999999999,0.6685815599967544,0.6850,0.6996,0.6780,0.6686
745207,9/14/2024,0.6859999999999999,0.7047090470261039,0.67700000000000000,0.7000013761494305,0.6860,0.7047,0.6770,0.7000
745208,9/13/2024,0.68500000000000000,0.7024993712948816,0.67700000000000000,0.6225028641900483,0.6850,0.7025,0.6770,0.6225
745209,9/15/2024,0.68500000000000000,0.71431838748854600,0.6779999999999999,0.5980688026219698,0.6850,0.7143,0.6780,0.5981
745210,9/11/2024,0.74400000000000000,0.6978965936428956,0.67700000000000000,0.6607908193047409,0.7440,0.6979,0.6770,0.6608
745211,8/28/2024,0.6759999999999999,0.6291635117909997,0.66700000000000000,0.6706266579700318,0.6760,0.6292,0.6670,0.6706
745212,8/25/2024,0.71200000000000000,0.70399731295271400,0.6659999999999999,0.5672068938936422,0.7120,0.7040,0.6660,0.5672
745213,8/28/2024,0.6759999999999999,0.7980362414582676,0.66700000000000000,0.6031860580696418,0.6760,0.7980,0.6670,0.6032
745214,9/12/2024,0.74600000000000000,0.6833000008240194,0.6779999999999999,0.5879385943397069,0.7460,0.6833,0.6780,0.5879
745215,8/27/2024,0.67900000000000000,0.6755433061094758,0.6659999999999999,0.6283428982485539,0.6790,0.6755,0.6660,0.6283
745216,8/11/2024,0.74300000000000000,0.68518659479280600,0.67100000000000000,0.6582998219964491,0.7430,0.6852,0.6710,0.6583
745217,8/24/2024,0.7110000000000001,0.7290261789275829,0.66700000000000000,0.6652492494215161,0.7110,0.7290,0.6670,0.6652
745218,8/24/2024,0.7110000000000001,0.6282805969522343,0.66700000000000000,0.6486790820754855,0.7110,0.6283,0.6670,0.6487
745219,8/11/2024,0.74300000000000000,0.6610372088706172,0.67100000000000000,0.6021309148102496,0.7430,0.6610,0.6710,0.6021
745220,8/10/2024,0.74400000000000000,0.7122810827263154,0.67100000000000000,0.6322268383738425,0.7440,0.7123,0.6710,0.6322
745221,8/7/2024,0.67900000000000000,0.7943386369959744,0.6739999999999999,0.6594264423264833,0.6790,0.7943,0.6740,0.6594
745222,8/4/2024,0.74800000000000000,0.6227845757100905,0.67500000000000000,0.6028076755864253,0.7480,0.6228,0.6750,0.6028
745223,8/8/2024,0.67900000000000000,0.6060204959541011,0.6719999999999999,0.6184133444539686,0.6790,0.6060,0.6720,0.6184
745224,8/3/2024,0.75000000000000000,0.59207835383391300,0.6719999999999999,0.5902383057249319,0.7500,0.5921,0.6720,0.5902
745225,8/4/2024,0.74800000000000000,0.5856714001311689,0.67500000000000000,0.6280531619378985,0.7480,0.5857,0.6750,0.6281
745226,8/9/2024,0.6819999999999999,0.88913311938415300,0.6719999999999999,0.5825236793866413,0.6820,0.8891,0.6720,0.5825
745227,7/24/2024,0.6859999999999999,0.6849612512595182,0.66300000000000000,0.5915208445172602,0.6860,0.6850,0.6630,0.5915
745228,7/20/2024,0.74300000000000000,0.7313236886774844,0.6679999999999999,0.6645660873936008,0.7430,0.7313,0.6680,0.6646
745229,7/21/2024,0.74000000000000000,0.7027418135916879,0.6659999999999999,0.6217463447768465,0.7400,0.7027,0.6660,0.6217
745230,7/21/2024,0.74000000000000000,0.6331188714788865,0.6659999999999999,0.5849084956149374,0.7400,0.6331,0.6660,0.5849
745231,7/24/2024,0.6859999999999999,0.7549597368043802,0.66300000000000000,0.6579740436062458,0.6860,0.7550,0.6630,0.6580
745232,7/23/2024,0.68800000000000000,0.6872584095846384,0.66700000000000000,0.6328634596276824,0.6880,0.6873,0.6670,0.6329
745233,7/7/2024,0.6859999999999999,0.7116891085135937,0.6599999999999999,0.6233917438032622,0.6860,0.7117,0.6600,0.6234
745234,7/4/2024,0.77800000000000000,0.6654926969627257,0.66100000000000000,0.5903431605544465,0.7780,0.6655,0.6610,0.5903
745235,7/6/2024,0.68800000000000000,0.7480391688463535,0.66100000000000000,0.6856357558721666,0.6880,0.7480,0.6610,0.6856
745236,7/4/2024,0.77800000000000000,0.6154986911349767,0.66100000000000000,0.6233618548629931,0.7780,0.6155,0.6610,0.6234
745237,7/6/2024,0.68800000000000000,0.74320609373658500,0.66100000000000000,0.6759834611474971,0.6880,0.7432,0.6610,0.6760
745238,6/29/2024,0.75200000000000000,0.7139946755666894,0.7130000000000001,0.5890366075662923,0.7520,0.7140,0.7130,0.5890
745239,6/30/2024,0.74500000000000000,0.7186325119338652,0.66700000000000000,0.6220498391553058,0.7450,0.7186,0.6670,0.6220
745240,7/3/2024,0.78000000000000000,0.6922039819984112,0.66500000000000000,0.6227091159931227,0.7800,0.6922,0.6650,0.6227
745241,6/15/2024,0.68800000000000000,0.6476091886608015,0.66500000000000000,0.6289397371617266,0.6880,0.6476,0.6650,0.6289
745242,6/16/2024,0.6839999999999999,0.6971114122187398,0.6679999999999999,0.6117943803970937,0.6840,0.6971,0.6680,0.6118
745243,6/30/2024,0.74500000000000000,0.6736655015945214,0.66700000000000000,0.6758127866518777,0.7450,0.6737,0.6670,0.6758
745244,6/12/2024,0.62600000000000000,0.6158480917280917,0.6719999999999999,0.8321032108121365,0.6260,0.6158,0.6720,0.8321
745245,6/14/2024,0.62500000000000000,0.6419464532740644,0.66900000000000000,0.6795085729293651,0.6250,0.6419,0.6690,0.6795
745246,6/13/2024,0.62900000000000000,0.7585241077441078,0.6699999999999999,0.5977203664874671,0.6290,0.7585,0.6700,0.5977
745247,6/15/2024,0.68800000000000000,0.7013471926646786,0.66500000000000000,0.6461479049109362,0.6880,0.7013,0.6650,0.6461
745248,6/11/2024,0.66300000000000000,0.6831235425531703,0.7170000000000001,0.6144606125639824,0.6630,0.6831,0.7170,0.6145
745249,5/30/2024,0.74400000000000000,0.7831191286878076,0.66700000000000000,0.6081824457176453,0.7440,0.7831,0.6670,0.6082
745250,5/30/2024,0.74400000000000000,0.6949234084727394,0.66700000000000000,0.66467047758588800,0.7440,0.6949,0.6670,0.6647
745251,6/1/2024,0.70200000000000000,0.7495914142555757,0.7170000000000001,0.6159019814974871,0.7020,0.7496,0.7170,0.6159
745252,6/2/2024,0.6970000000000001,0.7556353190330722,0.6659999999999999,0.6692222484861812,0.6970,0.7556,0.6660,0.6692
745253,6/1/2024,0.70200000000000000,0.6738784874000145,0.7170000000000001,0.4783787476861413,0.7020,0.6739,0.7170,0.4784
745254,5/28/2024,0.76500000000000000,0.7428683400603948,0.7190000000000001,0.6357216909245977,0.7650,0.7429,0.7190,0.6357
745255,5/12/2024,0.68700000000000000,0.8114283823244066,0.66900000000000000,0.6535000323185316,0.6870,0.8114,0.6690,0.6535
745256,5/14/2024,0.70200000000000000,0.6436607167109517,0.7230000000000001,0.6311371967383004,0.7020,0.6437,0.7230,0.6311
745257,5/15/2024,0.6970000000000001,0.6819295325500669,0.67500000000000000,0.59983975638868700,0.6970,0.6819,0.6750,0.5998
745258,5/29/2024,0.74900000000000000,0.7980954295150859,0.66700000000000000,0.68661070340464100,0.7490,0.7981,0.6670,0.6866
745259,5/15/2024,0.6970000000000001,0.6113834333308018,0.67500000000000000,0.4055678930608614,0.6970,0.6114,0.6750,0.4056
745260,5/1/2024,0.78800000000000000,0.5689679487179486,0.6499999999999999,0.6733225979602792,0.7880,0.5690,0.6500,0.6733
745261,5/1/2024,0.78800000000000000,0.5675387495021904,0.6499999999999999,0.6766867801599894,0.7880,0.5675,0.6500,0.6767
745262,5/12/2024,0.68700000000000000,0.5995934448538832,0.66900000000000000,0.6084101100116377,0.6870,0.5996,0.6690,0.6084
745263,4/30/2024,0.83800000000000000,0.5881214547881215,0.72400000000000000,0.5860297243686532,0.8380,0.5881,0.7240,0.5860
745264,5/11/2024,0.6739999999999999,0.7164535368956744,0.7230000000000001,0.43238900767102717,0.6740,0.7165,0.7230,0.4324
745265,4/28/2024,0.74000000000000000,0.7355781893004114,0.66500000000000000,0.5583053931124107,0.7400,0.7356,0.6650,0.5583
745266,4/28/2024,0.74000000000000000,0.5072536382536382,0.66500000000000000,0.6601169621438183,0.7400,0.5073,0.6650,0.6601
745267,4/17/2024,0.75700000000000000,0.60300000000000000,0.61900000000000000,0.5529999999999999,0.7570,0.6030,0.6190,0.5530
745268,4/16/2024,0.74900000000000000,0.75000000000000000,0.7250000000000001,0.76800000000000000,0.7490,0.7500,0.7250,0.7680
745269,4/27/2024,0.73400000000000000,0.7355317129629628,0.72600000000000000,0.6986461652857446,0.7340,0.7355,0.7260,0.6986
745270,4/17/2024,0.75700000000000000,0.68100000000000000,0.61900000000000000,0.53300000000000000,0.7570,0.6810,0.6190,0.5330
745271,4/14/2024,0.75300000000000000,0.5680000000000001,0.60000000000000000,0.95000000000000000,0.7530,0.5680,0.6000,0.9500
745272,4/14/2024,0.75300000000000000,0.36100000000000000,0.60000000000000000,0.89600000000000000,0.7530,0.3610,0.6000,0.8960
745273,4/3/2024,0.80200000000000000,0.56200000000000000,0.5369999999999999,0.93300000000000000,0.8020,0.5620,0.5370,0.9330
745274,4/13/2024,0.75400000000000000,0.74200000000000000,0.7250000000000001,0.5529999999999999,0.7540,0.7420,0.7250,0.5530
745275,4/3/2024,0.80200000000000000,0.9530000000000001,0.5369999999999999,0.25800000000000000,0.8020,0.9530,0.5370,0.2580
745276,3/30/2024,0.8780000000000001,0.42899999999999994,0.74900000000000000,0.25800000000000000,0.8780,0.4290,0.7490,0.2580
745277,4/2/2024,0.70000000000000000,0.8200000000000001,0.73000000000000000,0.6539999999999999,0.7000,0.8200,0.7300,0.6540
745278,3/31/2024,0.63200000000000000,0.32499999999999996,0.61300000000000000,0.39200000000000000,0.6320,0.3250,0.6130,0.3920
745279,3/31/2024,0.63200000000000000,0.63200000000000000,0.61300000000000000,0.61300000000000000,0.6320,0.6320,0.6130,0.6130
745280,9/28/2024,0.7030000000000001,0.7586155147700422,0.70400000000000000,0.5923095637488275,0.7030,0.7586,0.7040,0.5923
745281,9/28/2024,0.7030000000000001,0.6744334650705152,0.70400000000000000,0.6616095637488275,0.7030,0.6744,0.7040,0.6616
745282,9/29/2024,0.70600000000000000,0.6007105323233596,0.7050000000000001,0.7116061957272022,0.7060,0.6007,0.7050,0.7116
745283,3/29/2024,0.75100000000000000,0.77400000000000000,0.73600000000000000,0.87200000000000000,0.7510,0.7740,0.7360,0.8720
745284,9/15/2024,0.74400000000000000,0.7501266061310441,0.70400000000000000,0.8215988689544804,0.7440,0.7501,0.7040,0.8216
745285,9/12/2024,0.73600000000000000,0.7051226236827461,0.7030000000000001,0.63673439416326000,0.7360,0.7051,0.7030,0.6367
745286,9/14/2024,0.74400000000000000,0.6667338182863443,0.70600000000000000,0.6750825285950601,0.7440,0.6667,0.7060,0.6751
745287,9/15/2024,0.74400000000000000,0.7811719315707077,0.70400000000000000,0.6193244970825988,0.7440,0.7812,0.7040,0.6193
745288,9/13/2024,0.7350000000000001,0.7119570514226874,0.70800000000000000,0.7425729976900957,0.7350,0.7120,0.7080,0.7426
745289,9/5/2024,0.77600000000000000,0.7943316876094734,0.70600000000000000,0.6218529524434959,0.7760,0.7943,0.7060,0.6219
745290,9/5/2024,0.77600000000000000,0.7483648750233546,0.70600000000000000,0.7224304148552875,0.7760,0.7484,0.7060,0.7224
745291,9/11/2024,0.73600000000000000,0.7316713227642334,0.70400000000000000,0.6231261962140147,0.7360,0.7317,0.7040,0.6231
745292,9/1/2024,0.67100000000000000,1.0228686321889613,0.7050000000000001,0.65812061038846900,0.6710,1.0229,0.7050,0.6581
745293,9/4/2024,0.77700000000000000,0.7770846849843713,0.7030000000000001,0.7175104956949001,0.7770,0.7771,0.7030,0.7175
745294,8/20/2024,0.62500000000000000,0.7621508312538994,0.71000000000000000,0.7296627655244184,0.6250,0.7622,0.7100,0.7297
745295,8/21/2024,0.62500000000000000,0.7173574628954382,0.71200000000000000,0.7609847806409118,0.6250,0.7174,0.7120,0.7610
745296,9/1/2024,0.67100000000000000,0.7946638940839788,0.7050000000000001,0.8907083508957035,0.6710,0.7947,0.7050,0.8907
745297,8/21/2024,0.62500000000000000,0.6973255820426398,0.71200000000000000,0.6604437784631039,0.6250,0.6973,0.7120,0.6604
745298,8/15/2024,0.71900000000000000,0.6483186966482823,0.7110000000000001,0.6762271281302816,0.7190,0.6483,0.7110,0.6762
745299,8/31/2024,0.67300000000000000,0.7547990785601599,0.70600000000000000,0.62458536183655000,0.6730,0.7548,0.7060,0.6246
745300,8/13/2024,0.72300000000000000,0.6209295009943308,0.7150000000000001,0.6456727094386486,0.7230,0.6209,0.7150,0.6457
745301,8/15/2024,0.71900000000000000,0.6172683637105516,0.7110000000000001,0.7251767356297323,0.7190,0.6173,0.7110,0.7252
745302,8/14/2024,0.72000000000000000,0.7320254346347906,0.7110000000000001,0.7195835384084706,0.7200,0.7320,0.7110,0.7196
745303,8/11/2024,0.67700000000000000,0.7792234762994192,0.71400000000000000,0.7282824735171963,0.6770,0.7792,0.7140,0.7283
745304,8/10/2024,0.6799999999999999,0.7221067305767573,0.71800000000000000,0.6766721199749021,0.6800,0.7221,0.7180,0.6767
745305,7/28/2024,0.71000000000000000,0.79588857212335400,0.7130000000000001,0.67838862095574600,0.7100,0.7959,0.7130,0.6784
745306,8/1/2024,0.70600000000000000,0.7975913689119607,0.71400000000000000,0.6923729105033454,0.7060,0.7976,0.7140,0.6924
745307,7/27/2024,0.71600000000000000,0.7918593315235085,0.7050000000000001,0.7029128753078069,0.7160,0.7919,0.7050,0.7029
745308,8/10/2024,0.6799999999999999,0.7257067305767574,0.71800000000000000,0.7547353080040187,0.6800,0.7257,0.7180,0.7547
745309,7/31/2024,0.70200000000000000,0.7707651270024778,0.71600000000000000,0.4472625166018611,0.7020,0.7708,0.7160,0.4473
745311,7/13/2024,0.75800000000000000,0.6716212449378169,0.7070000000000001,0.7940741202536996,0.7580,0.6716,0.7070,0.7941
745312,7/13/2024,0.75800000000000000,0.6796920299739682,0.7070000000000001,0.74964709289664300,0.7580,0.6797,0.7070,0.7496
745313,7/11/2024,0.6839999999999999,0.7380258401250883,0.7070000000000001,0.71987467285461500,0.6840,0.7380,0.7070,0.7199
745314,7/14/2024,0.75700000000000000,0.7473960677045985,0.7090000000000001,0.7684202394953491,0.7570,0.7474,0.7090,0.7684
745315,7/27/2024,0.71600000000000000,0.81748438247151700,0.7050000000000001,0.7253685170766617,0.7160,0.8175,0.7050,0.7254
745316,7/10/2024,0.6859999999999999,0.7227240510269123,0.70600000000000000,0.7958112482714974,0.6860,0.7227,0.7060,0.7958
745317,6/29/2024,0.79000000000000000,0.5945339879227516,0.6990000000000001,0.7078417091620182,0.7900,0.5945,0.6990,0.7078
745318,7/11/2024,0.6839999999999999,0.69936330160526900,0.7070000000000001,0.6793081295590853,0.6840,0.6994,0.7070,0.6793
745319,6/29/2024,0.79000000000000000,0.64400273263685800,0.6990000000000001,0.67957769382657600,0.7900,0.6440,0.6990,0.6796
745320,6/30/2024,0.77600000000000000,0.65977809331454800,0.70400000000000000,0.7736503674355943,0.7760,0.6598,0.7040,0.7737
745321,6/16/2024,0.69800000000000000,0.8781717862706668,0.69800000000000000,0.6829823883580179,0.6980,0.8782,0.6980,0.6830
745322,6/26/2024,0.6839999999999999,0.7702198042448942,0.7030000000000001,0.6948267417934639,0.6840,0.7702,0.7030,0.6948
745323,6/25/2024,0.7310000000000001,0.6519254592375542,0.70000000000000000,0.7144037785354371,0.7310,0.6519,0.7000,0.7144
745324,6/27/2024,0.6799999999999999,0.6616314882718108,0.7030000000000001,0.7113122363891009,0.6800,0.6616,0.7030,0.7113
745325,6/27/2024,0.6799999999999999,0.6666301245812123,0.7030000000000001,0.8126822808047676,0.6800,0.6666,0.7030,0.8127
745326,6/15/2024,0.69400000000000000,0.6818037170869705,0.6970000000000001,0.80822890740657000,0.6940,0.6818,0.6970,0.8082
745327,6/12/2024,0.74300000000000000,0.6381177234103828,0.69800000000000000,0.6970651210043762,0.7430,0.6381,0.6980,0.6971
745328,6/12/2024,0.74300000000000000,0.6849099024641331,0.69800000000000000,0.67598858253692000,0.7430,0.6849,0.6980,0.6760
745329,6/15/2024,0.69400000000000000,0.7194142663554599,0.6970000000000001,0.7595811139143707,0.6940,0.7194,0.6970,0.7596
745330,6/2/2024,0.77000000000000000,0.6258735304018133,0.6950000000000001,0.7983488184963932,0.7700,0.6259,0.6950,0.7983
745331,6/1/2024,0.77200000000000000,0.6539817279022202,0.6970000000000001,0.6848758813430338,0.7720,0.6540,0.6970,0.6849
745332,6/2/2024,0.77000000000000000,0.6296489281096662,0.6950000000000001,0.6869357999233539,0.7700,0.6296,0.6950,0.6869
745333,5/29/2024,0.76300000000000000,0.6641563269702562,0.6990000000000001,0.7181454255542552,0.7630,0.6642,0.6990,0.7181
745334,6/11/2024,0.76300000000000000,0.7463839641246257,0.69800000000000000,0.7431926974143955,0.7630,0.7464,0.6980,0.7432
745335,5/18/2024,0.71200000000000000,0.7647236031040965,0.6950000000000001,0.8525872939813484,0.7120,0.7647,0.6950,0.8526
745336,5/19/2024,0.69200000000000000,0.7599939812548722,0.69800000000000000,0.64480121388315100,0.6920,0.7600,0.6980,0.6448
745337,5/29/2024,0.76300000000000000,0.5704053659799864,0.6990000000000001,0.6783639821910128,0.7630,0.5704,0.6990,0.6784
745338,5/27/2024,0.75600000000000000,0.7697202668457535,0.70600000000000000,0.7755348291687914,0.7560,0.7697,0.7060,0.7755
745339,5/18/2024,0.71200000000000000,0.6342713634323245,0.6950000000000001,0.69322113997114000,0.7120,0.6343,0.6950,0.6932
745340,5/11/2024,0.73000000000000000,0.7088827561327562,0.69400000000000000,0.6897658881396789,0.7300,0.7089,0.6940,0.6898
745341,5/16/2024,0.79400000000000000,0.5726234252638747,0.6739999999999999,0.6794980557754905,0.7940,0.5726,0.6740,0.6795
745342,5/15/2024,0.78700000000000000,0.6260655080213904,0.67300000000000000,0.7183809213030946,0.7870,0.6261,0.6730,0.7184
745343,5/14/2024,0.7969999999999999,0.6031557987536099,0.6930000000000001,0.6453054106738317,0.7970,0.6032,0.6930,0.6453
745344,5/11/2024,0.73000000000000000,0.61350099535501000,0.69400000000000000,0.89216208342215600,0.7300,0.6135,0.6940,0.8922
745345,5/12/2024,0.65300000000000000,0.6660453305166798,0.67500000000000000,0.69241631149753500,0.6530,0.6660,0.6750,0.6924
745346,4/24/2024,0.7050000000000001,0.65760993905297700,0.70400000000000000,0.5258776277724204,0.7050,0.6576,0.7040,0.5259
745347,4/27/2024,0.70400000000000000,0.7255629575402636,0.69800000000000000,0.69324909040022400,0.7040,0.7256,0.6980,0.6932
745348,4/24/2024,0.7050000000000001,0.6588106666666667,0.70400000000000000,0.6117083147404432,0.7050,0.6588,0.7040,0.6117
745349,4/28/2024,0.6719999999999999,0.6342797493770714,0.69800000000000000,0.6178800093468864,0.6720,0.6343,0.6980,0.6179
745350,4/28/2024,0.6719999999999999,0.6772492755740618,0.69800000000000000,0.5604685126767146,0.6720,0.6772,0.6980,0.5605
745351,4/23/2024,0.7230000000000001,0.7729999999999999,0.6990000000000001,0.6271241677475141,0.7230,0.7730,0.6990,0.6271
745352,4/20/2024,0.7230000000000001,0.5963333333333334,0.69800000000000000,0.8129132947976878,0.7230,0.5963,0.6980,0.8129
745353,4/21/2024,0.74200000000000000,0.72700000000000000,0.70800000000000000,0.5979543994861913,0.7420,0.7270,0.7080,0.5980
745354,4/20/2024,0.7230000000000001,0.58800000000000000,0.69800000000000000,0.73580000000000000,0.7230,0.5880,0.6980,0.7358
745355,4/10/2024,0.6839999999999999,1.00800000000000000,0.6459999999999999,0.45500000000000000,0.6840,1.0080,0.6460,0.4550
745356,4/19/2024,0.73200000000000000,0.79300000000000000,0.6970000000000001,0.62000000000000000,0.7320,0.7930,0.6970,0.6200
745357,4/10/2024,0.6839999999999999,0.53300000000000000,0.6459999999999999,0.8089999999999999,0.6840,0.5330,0.6460,0.8090
745358,9/22/2024,0.6200000000000001,0.7606053631136143,0.74700000000000000,0.6933252095851536,0.6200,0.7606,0.7470,0.6933
745359,4/7/2024,0.74400000000000000,0.52900000000000000,0.6970000000000001,0.6040000000000001,0.7440,0.5290,0.6970,0.6040
745360,9/22/2024,0.6200000000000001,0.7904241289026355,0.74700000000000000,0.7688025777778847,0.6200,0.7904,0.7470,0.7688
745361,4/5/2024,0.79300000000000000,0.44599999999999995,0.74100000000000000,0.41700000000000004,0.7930,0.4460,0.7410,0.4170
745362,4/7/2024,0.74400000000000000,1.12200000000000000,0.6970000000000001,0.8140000000000001,0.7440,1.1220,0.6970,0.8140
745363,4/9/2024,0.71000000000000000,0.51800000000000000,0.69400000000000000,0.60700000000000000,0.7100,0.5180,0.6940,0.6070
745364,9/21/2024,0.6200000000000001,0.7106147904322013,0.74800000000000000,0.7289765518908518,0.6200,0.7106,0.7480,0.7290
745365,9/18/2024,0.74200000000000000,0.63610644480007000,0.74800000000000000,0.6593379815445851,0.7420,0.6361,0.7480,0.6593
745366,9/18/2024,0.74200000000000000,0.69161558098746000,0.74800000000000000,0.6774732261038285,0.7420,0.6916,0.7480,0.6775
745367,9/17/2024,0.74400000000000000,0.7315085552322415,0.74500000000000000,0.7136085220059778,0.7440,0.7315,0.7450,0.7136
745368,9/8/2024,0.70200000000000000,0.7140261962140146,0.74500000000000000,0.7240347033934524,0.7020,0.7140,0.7450,0.7240
745369,9/6/2024,0.6859999999999999,0.7113826326486214,0.74500000000000000,0.7884651476291147,0.6860,0.7114,0.7450,0.7885
745370,9/5/2024,0.6859999999999999,0.7510522717559794,0.74400000000000000,0.6793613019989995,0.6860,0.7511,0.7440,0.6794
745371,9/7/2024,0.70400000000000000,0.8397445844581919,0.74400000000000000,0.6774854593692006,0.7040,0.8397,0.7440,0.6775
745372,9/8/2024,0.70200000000000000,0.6702780424550773,0.74500000000000000,0.6623365890674898,0.7020,0.6703,0.7450,0.6623
745373,9/2/2024,0.68700000000000000,0.5338354225979167,0.74600000000000000,0.7393052581276658,0.6870,0.5338,0.7460,0.7393
745374,8/21/2024,0.75200000000000000,0.6715101244874329,0.74500000000000000,0.7823701552463886,0.7520,0.6715,0.7450,0.7824
745375,8/21/2024,0.75200000000000000,0.6844059571029055,0.74500000000000000,0.7063038543777576,0.7520,0.6844,0.7450,0.7063
745376,8/25/2024,0.74200000000000000,0.7295352325712661,0.74600000000000000,0.7823202339082997,0.7420,0.7295,0.7460,0.7823
745377,8/25/2024,0.74200000000000000,0.6960905011202345,0.74600000000000000,0.6661123930566801,0.7420,0.6961,0.7460,0.6661
745378,8/24/2024,0.74600000000000000,0.7017704310612374,0.74400000000000000,0.7787370363054228,0.7460,0.7018,0.7440,0.7787
745379,8/23/2024,0.74400000000000000,0.6853916636724626,0.74500000000000000,0.65196070784772700,0.7440,0.6854,0.7450,0.6520
745380,8/20/2024,0.75400000000000000,0.7107803424299177,0.74600000000000000,0.6689927770030498,0.7540,0.7108,0.7460,0.6690
745381,8/14/2024,0.67700000000000000,0.7136520667853333,0.74200000000000000,0.7863397814281705,0.6770,0.7137,0.7420,0.7863
745382,8/14/2024,0.67700000000000000,0.6704293857515589,0.74200000000000000,0.6700770554063404,0.6770,0.6704,0.7420,0.6701
745383,8/13/2024,0.6779999999999999,0.8026464007534895,0.74400000000000000,0.8003807573269641,0.6780,0.8026,0.7440,0.8004
745384,8/4/2024,0.7090000000000001,0.7947564656700745,0.73600000000000000,0.6965318869713679,0.7090,0.7948,0.7360,0.6965
745385,7/14/2024,0.7110000000000001,0.6033878682197578,0.73000000000000000,0.8207951780855169,0.7110,0.6034,0.7300,0.8208
745386,8/1/2024,0.77000000000000000,0.7938813536488591,0.73500000000000000,0.6444142793840905,0.7700,0.7939,0.7350,0.6444
745387,8/3/2024,0.7090000000000001,0.8045052473527174,0.73700000000000000,0.78898078293312900,0.7090,0.8045,0.7370,0.7890
745388,8/4/2024,0.7090000000000001,1.0046581724585963,0.73600000000000000,0.8103394099746946,0.7090,1.0047,0.7360,0.8103
745389,7/31/2024,0.77200000000000000,0.6360867388821407,0.73400000000000000,0.6935487298339147,0.7720,0.6361,0.7340,0.6935
745390,7/13/2024,0.71200000000000000,0.7142426448626045,0.73100000000000000,0.7022440697615648,0.7120,0.7142,0.7310,0.7022
745391,7/7/2024,0.73700000000000000,0.8343103238876377,0.73800000000000000,0.6899875053692801,0.7370,0.8343,0.7380,0.6900
745392,7/13/2024,0.71200000000000000,0.6192237869075139,0.73100000000000000,0.6940624956387074,0.7120,0.6192,0.7310,0.6941
745393,7/10/2024,0.6619999999999999,0.6014373906084287,0.73600000000000000,0.7965468012874467,0.6620,0.6014,0.7360,0.7965
745394,7/10/2024,0.6619999999999999,0.6340236774648527,0.73600000000000000,0.7088098506085037,0.6620,0.6340,0.7360,0.7088
745395,7/7/2024,0.73700000000000000,0.73453119640894200,0.73800000000000000,0.7041725021300861,0.7370,0.7345,0.7380,0.7042
745396,6/23/2024,0.73000000000000000,0.67142947850049400,0.73200000000000000,0.6927699001556538,0.7300,0.6714,0.7320,0.6928
745397,6/25/2024,0.70000000000000000,0.7676716413966717,0.73900000000000000,0.6858244841484166,0.7000,0.7677,0.7390,0.6858
745398,7/6/2024,0.73400000000000000,0.79890578624538300,0.73300000000000000,0.8299965749200874,0.7340,0.7989,0.7330,0.8300
745399,6/26/2024,0.67500000000000000,0.7135210518637567,0.72800000000000000,0.7932083409758509,0.6750,0.7135,0.7280,0.7932
745400,6/26/2024,0.67500000000000000,0.7198482662372517,0.72800000000000000,0.6800341207629106,0.6750,0.7198,0.7280,0.6800
745401,6/21/2024,0.7290000000000001,0.7165859517180702,0.73800000000000000,0.7763716845878137,0.7290,0.7166,0.7380,0.7764
745402,6/22/2024,0.73000000000000000,0.7778240560041448,0.72400000000000000,0.8350408167591808,0.7300,0.7778,0.7240,0.8350
745403,6/22/2024,0.73000000000000000,0.7006719984995847,0.72400000000000000,0.6740208758814938,0.7300,0.7007,0.7240,0.6740
745404,6/12/2024,0.66300000000000000,0.7000672706341367,0.73000000000000000,0.7897787450176554,0.6630,0.7001,0.7300,0.7898
745405,6/12/2024,0.66300000000000000,0.6390515274652729,0.73000000000000000,0.6873741811135501,0.6630,0.6391,0.7300,0.6874
745406,6/8/2024,0.7110000000000001,0.7307272733796961,0.7110000000000001,0.6862688530784946,0.7110,0.7307,0.7110,0.6863
745407,6/9/2024,0.71200000000000000,0.8731482192264552,0.71800000000000000,0.5555300179913378,0.7120,0.8731,0.7180,0.5555
745408,6/7/2024,0.72600000000000000,0.7808927297655603,0.7090000000000001,0.7850368003983852,0.7260,0.7809,0.7090,0.7850
745409,6/11/2024,0.66900000000000000,0.7301557136171781,0.74000000000000000,0.6382364716721506,0.6690,0.7302,0.7400,0.6382
745410,6/9/2024,0.71200000000000000,0.8507533856173066,0.71800000000000000,0.6855354314026465,0.7120,0.8508,0.7180,0.6855
745411,5/26/2024,0.78000000000000000,0.6663961831584717,0.7110000000000001,0.62168305465061600,0.7800,0.6664,0.7110,0.6217
745412,5/29/2024,0.7010000000000001,0.6897738626770364,0.73600000000000000,0.7297290331589101,0.7010,0.6898,0.7360,0.7297
745413,5/26/2024,0.78000000000000000,0.6579434113150384,0.7110000000000001,0.8137134874436531,0.7800,0.6579,0.7110,0.8137
745414,5/29/2024,0.7010000000000001,0.63687029504237100,0.73600000000000000,0.6709135837152438,0.7010,0.6369,0.7360,0.6709
745415,5/25/2024,0.72200000000000000,0.6828024665853832,0.73700000000000000,0.6698239050090431,0.7220,0.6828,0.7370,0.6698
745416,5/27/2024,0.6419999999999999,0.7892260372069682,0.7070000000000001,0.71343282688790200,0.6420,0.7892,0.7070,0.7134
745417,5/15/2024,0.6819999999999999,0.7355353809093647,0.7210000000000001,0.6740554375172843,0.6820,0.7355,0.7210,0.6741
745418,5/15/2024,0.6819999999999999,0.7176986507416103,0.7210000000000001,0.5412020477439701,0.6820,0.7177,0.7210,0.5412
745419,5/12/2024,0.8009999999999999,0.7559987490048903,0.72000000000000000,0.6418736947510003,0.8010,0.7560,0.7200,0.6419
745420,5/14/2024,0.71000000000000000,0.7620499338624338,0.74000000000000000,0.7825869798292568,0.7100,0.7620,0.7400,0.7826
745421,5/11/2024,0.7989999999999999,0.5654460838754032,0.74000000000000000,0.6788841310856815,0.7990,0.5654,0.7400,0.6789
745422,5/12/2024,0.8009999999999999,0.6294023926393404,0.72000000000000000,0.7091428745337502,0.8010,0.6294,0.7200,0.7091
745423,5/1/2024,0.68300000000000000,0.7095639611242448,0.7110000000000001,0.8342752140948015,0.6830,0.7096,0.7110,0.8343
745424,4/27/2024,0.76300000000000000,0.61838563908791700,0.74300000000000000,0.8118799558365954,0.7630,0.6184,0.7430,0.8119
745425,4/28/2024,0.73800000000000000,0.44874849101753633,0.72800000000000000,0.58228698288932200,0.7380,0.4487,0.7280,0.5823
745426,5/1/2024,0.68300000000000000,0.73078975629905000,0.7110000000000001,0.67534181876400900,0.6830,0.7308,0.7110,0.6753
745427,4/30/2024,0.73800000000000000,0.5725403583466382,0.73900000000000000,0.7196387049300956,0.7380,0.5725,0.7390,0.7196
745428,4/28/2024,0.73800000000000000,0.6756390507279313,0.72800000000000000,0.7098085159989922,0.7380,0.6756,0.7280,0.7098
745429,4/10/2024,0.8089999999999999,1.2570000000000001,0.74600000000000000,0.48900000000000000,0.8090,1.2570,0.7460,0.4890
745430,4/20/2024,0.74200000000000000,0.82900000000000000,0.74300000000000000,0.7250000000000001,0.7420,0.8290,0.7430,0.7250
745431,4/21/2024,0.6970000000000001,0.6224814814814814,0.73400000000000000,0.8480000000000001,0.6970,0.6225,0.7340,0.8480
745432,4/9/2024,0.75700000000000000,0.5680000000000001,0.74500000000000000,0.7210000000000001,0.7570,0.5680,0.7450,0.7210
745433,4/10/2024,0.8089999999999999,0.8109999999999999,0.74600000000000000,0.8300000000000001,0.8090,0.8110,0.7460,0.8300
745434,4/21/2024,0.6970000000000001,0.6830370370370371,0.73400000000000000,0.84300000000000000,0.6970,0.6830,0.7340,0.8430
745435,3/30/2024,0.70000000000000000,0.87000000000000000,0.74500000000000000,0.90100000000000000,0.7000,0.8700,0.7450,0.9010
745436,3/30/2024,0.70000000000000000,1.1260000000000001,0.74500000000000000,1.18200000000000000,0.7000,1.1260,0.7450,1.1820
745437,4/2/2024,0.73800000000000000,0.71800000000000000,0.74800000000000000,1.12200000000000000,0.7380,0.7180,0.7480,1.1220
745438,3/31/2024,0.84000000000000000,0.84000000000000000,0.76500000000000000,0.76500000000000000,0.8400,0.8400,0.7650,0.7650
745439,4/3/2024,0.58500000000000000,0.92800000000000000,0.8320000000000001,0.63300000000000000,0.5850,0.9280,0.8320,0.6330
745440,4/3/2024,0.58500000000000000,1.1099999999999999,0.8320000000000001,0.90100000000000000,0.5850,1.1100,0.8320,0.9010
745441,9/24/2024,0.7330000000000001,0.6834500524438012,0.6759999999999999,0.7184226205171647,0.7330,0.6835,0.6760,0.7184
745442,9/25/2024,0.73200000000000000,0.6926026453198666,0.6759999999999999,0.67168510305767100,0.7320,0.6926,0.6760,0.6717
745443,9/26/2024,0.7310000000000001,0.7320363512016184,0.6739999999999999,0.7403507905372595,0.7310,0.7320,0.6740,0.7404
745445,3/28/2024,0.6970000000000001,1.00000000000000000,0.74500000000000000,1.00000000000000000,0.6970,1.0000,0.7450,1.0000
745446,9/10/2024,0.67300000000000000,0.7212033276042478,0.6759999999999999,0.6451793828132788,0.6730,0.7212,0.6760,0.6452
745447,9/13/2024,0.72600000000000000,0.7067708616782544,0.67700000000000000,0.6635711826724477,0.7260,0.7068,0.6770,0.6636
745448,9/14/2024,0.72700000000000000,0.67926876040589400,0.67700000000000000,0.7314568659617628,0.7270,0.6793,0.6770,0.7315
745449,9/15/2024,0.72800000000000000,0.6875431368130526,0.67700000000000000,0.7061135080762111,0.7280,0.6875,0.6770,0.7061
745450,9/11/2024,0.6719999999999999,1.0055366213947596,0.67700000000000000,0.7267572778849613,0.6720,1.0055,0.6770,0.7268
745451,9/5/2024,0.6910000000000001,0.7232476980753859,0.6739999999999999,0.7215722667208199,0.6910,0.7232,0.6740,0.7216
745452,8/28/2024,0.7090000000000001,0.7501778366016189,0.67500000000000000,0.62712002557118800,0.7090,0.7502,0.6750,0.6271
745453,9/8/2024,0.69400000000000000,0.7745209169415859,0.67500000000000000,0.7155176071810294,0.6940,0.7745,0.6750,0.7155
745454,9/9/2024,0.67300000000000000,0.7912809968678751,0.67700000000000000,0.6294664271774395,0.6730,0.7913,0.6770,0.6295
745455,9/7/2024,0.69200000000000000,0.7035367668094398,0.67500000000000000,0.6541448289332148,0.6920,0.7035,0.6750,0.6541
745456,9/7/2024,0.69200000000000000,0.7101813356278597,0.67500000000000000,0.7349093431962644,0.6920,0.7102,0.6750,0.7349
745457,8/24/2024,0.7050000000000001,0.7833325458311551,0.67300000000000000,0.7773611046441676,0.7050,0.7833,0.6730,0.7774
745458,8/26/2024,0.70200000000000000,0.6910118155685352,0.6719999999999999,0.71229664680108800,0.7020,0.6910,0.6720,0.7123
745459,8/25/2024,0.70600000000000000,0.6816961717638198,0.67100000000000000,0.6755953704254121,0.7060,0.6817,0.6710,0.6756
745460,8/23/2024,0.70400000000000000,0.66432482281201000,0.6739999999999999,0.7087213272336167,0.7040,0.6643,0.6740,0.7087
745461,8/27/2024,0.70800000000000000,0.6291964404849419,0.67500000000000000,0.6927470453068862,0.7080,0.6292,0.6750,0.6927
745462,8/16/2024,0.6679999999999999,0.5932181037036754,0.6739999999999999,0.6302151545460412,0.6680,0.5932,0.6740,0.6302
745463,8/17/2024,0.6679999999999999,0.6566019899713225,0.67500000000000000,0.7099155559295018,0.6680,0.6566,0.6750,0.7099
745464,8/18/2024,0.66700000000000000,0.6475571704733243,0.67700000000000000,0.73563117681665500,0.6670,0.6476,0.6770,0.7356
745465,8/22/2024,0.70600000000000000,0.7108857001651909,0.6739999999999999,0.6346057336676181,0.7060,0.7109,0.6740,0.6346
745466,8/8/2024,0.74200000000000000,0.7866657023222033,0.6739999999999999,0.6670926451311023,0.7420,0.7867,0.6740,0.6671
745467,8/6/2024,0.73900000000000000,0.6448384261046016,0.67500000000000000,0.6955277781672162,0.7390,0.6448,0.6750,0.6955
745468,8/4/2024,0.75600000000000000,0.7814943118012413,0.6739999999999999,0.6105685185617724,0.7560,0.7815,0.6740,0.6106
745469,8/7/2024,0.73900000000000000,0.6644401371484546,0.67300000000000000,0.7438769177652771,0.7390,0.6644,0.6730,0.7439
745470,7/21/2024,0.75800000000000000,0.8204225530429361,0.67700000000000000,0.6902587392889736,0.7580,0.8204,0.6770,0.6903
745471,8/2/2024,0.75500000000000000,0.7122539784046233,0.6719999999999999,0.6317707726093904,0.7550,0.7123,0.6720,0.6318
745472,7/24/2024,0.6970000000000001,0.6960021411332156,0.67300000000000000,0.8013563802262631,0.6970,0.6960,0.6730,0.8014
745473,7/22/2024,0.7010000000000001,0.72303671047497800,0.6739999999999999,0.7220509656740426,0.7010,0.7230,0.6740,0.7221
745474,8/3/2024,0.75800000000000000,0.8296958163115149,0.6739999999999999,0.7061432899044517,0.7580,0.8297,0.6740,0.7061
745475,7/23/2024,0.7010000000000001,0.7302328181036354,0.67300000000000000,0.6207437081448006,0.7010,0.7302,0.6730,0.6207
745476,7/6/2024,0.73400000000000000,0.7161755206584752,0.66900000000000000,0.6958703684427403,0.7340,0.7162,0.6690,0.6959
745477,7/7/2024,0.73500000000000000,0.67094225646595400,0.6699999999999999,0.6682800856104154,0.7350,0.6709,0.6700,0.6683
745478,7/20/2024,0.76100000000000000,0.6295867352524138,0.6739999999999999,0.6332816905527481,0.7610,0.6296,0.6740,0.6333
745479,7/5/2024,0.73600000000000000,0.6471780431594103,0.6579999999999999,0.6617081658351838,0.7360,0.6472,0.6580,0.6617
745480,7/8/2024,0.73400000000000000,0.6767648212042986,0.66700000000000000,0.7255420454515557,0.7340,0.6768,0.6670,0.7255
745481,7/19/2024,0.75800000000000000,0.6409145670397194,0.6719999999999999,0.7897454738590077,0.7580,0.6409,0.6720,0.7897
745482,7/2/2024,0.68500000000000000,0.6867750636103109,0.6579999999999999,0.7082847152450824,0.6850,0.6868,0.6580,0.7083
745483,6/21/2024,0.66900000000000000,0.7115728029039317,0.66100000000000000,0.6649664911709694,0.6690,0.7116,0.6610,0.6650
745484,7/4/2024,0.68700000000000000,0.7348144154005258,0.65900000000000000,0.7960648784402394,0.6870,0.7348,0.6590,0.7961
745485,6/23/2024,0.67500000000000000,0.76361817304148700,0.65900000000000000,0.6459981602774545,0.6750,0.7636,0.6590,0.6460
745486,6/22/2024,0.67700000000000000,0.7327614306145319,0.6599999999999999,0.7088016046317278,0.6770,0.7328,0.6600,0.7088
745487,7/3/2024,0.6890000000000001,0.74123696629119600,0.65700000000000000,0.7019160204661894,0.6890,0.7412,0.6570,0.7019
745488,6/18/2024,0.6819999999999999,0.6431070603074973,0.6659999999999999,0.6883894071140181,0.6820,0.6431,0.6660,0.6884
745489,6/19/2024,0.68300000000000000,0.6685657752506544,0.66300000000000000,0.7232314140061503,0.6830,0.6686,0.6630,0.7232
745490,6/17/2024,0.6839999999999999,0.6536632290370886,0.6659999999999999,0.6464376591875649,0.6840,0.6537,0.6660,0.6464
745491,6/9/2024,0.69400000000000000,0.7170173534244676,0.66300000000000000,0.6848137415635723,0.6940,0.7170,0.6630,0.6848
745492,6/8/2024,0.69800000000000000,0.6622448308058856,0.66100000000000000,0.7728690319833975,0.6980,0.6622,0.6610,0.7729
745493,5/25/2024,0.73100000000000000,0.5975806684338092,0.66900000000000000,0.7287634593099881,0.7310,0.5976,0.6690,0.7288
745494,6/5/2024,0.76300000000000000,0.68139998921480400,0.65900000000000000,0.6056236661006346,0.7630,0.6814,0.6590,0.6056
745495,6/6/2024,0.76300000000000000,0.7390791432156746,0.65900000000000000,0.6391709008307216,0.7630,0.7391,0.6590,0.6392
745496,6/7/2024,0.70000000000000000,0.6841366676623614,0.66100000000000000,0.7022466068931913,0.7000,0.6841,0.6610,0.7022
745497,6/4/2024,0.76600000000000000,0.5967734163634666,0.66100000000000000,0.6949491234859171,0.7660,0.5968,0.6610,0.6949
745498,5/26/2024,0.72800000000000000,0.5627384530855873,0.66900000000000000,0.7724617873161601,0.7280,0.5627,0.6690,0.7725
745499,5/12/2024,0.71600000000000000,0.8371618286706572,0.64500000000000000,0.6816185316522196,0.7160,0.8372,0.6450,0.6816
745500,5/23/2024,0.70200000000000000,0.6448261784379613,0.65500000000000000,0.61760147281784700,0.7020,0.6448,0.6550,0.6176
745501,5/24/2024,0.73200000000000000,0.6709512847267509,0.6599999999999999,0.6655581238172479,0.7320,0.6710,0.6600,0.6656
745502,5/22/2024,0.69800000000000000,0.7895693742214406,0.6579999999999999,0.6746308095706326,0.6980,0.7896,0.6580,0.6746
745503,5/21/2024,0.69800000000000000,0.67844611266350400,0.6559999999999999,0.7752853458277553,0.6980,0.6784,0.6560,0.7753
745504,5/5/2024,0.6599999999999999,0.7707839475839476,0.64100000000000000,0.64604040404040400,0.6600,0.7708,0.6410,0.6460
745505,5/11/2024,0.71000000000000000,0.5894233540622249,0.62900000000000000,0.6657705182496472,0.7100,0.5894,0.6290,0.6658
745506,5/10/2024,0.70400000000000000,0.61979032171293300,0.63200000000000000,0.6330096544715448,0.7040,0.6198,0.6320,0.6330
745507,5/8/2024,0.6950000000000001,0.6804574190734147,0.63600000000000000,0.68955401340666900,0.6950,0.6805,0.6360,0.6896
745508,5/7/2024,0.6859999999999999,0.7397177136031478,0.64500000000000000,0.7338565951580942,0.6860,0.7397,0.6450,0.7339
745509,5/6/2024,0.6890000000000001,0.6454340872776678,0.64400000000000000,0.75143157276995300,0.6890,0.6454,0.6440,0.7514
745510,5/3/2024,0.6719999999999999,0.78627100271002700,0.64900000000000000,0.6830388911500023,0.6720,0.7863,0.6490,0.6830
745511,5/4/2024,0.6739999999999999,0.7757647759900319,0.64300000000000000,0.6780396825396826,0.6740,0.7758,0.6430,0.6780
745512,4/25/2024,0.75800000000000000,0.48400000000000000,0.6719999999999999,0.7325330271216098,0.7580,0.4840,0.6720,0.7325
745513,4/24/2024,0.76500000000000000,0.70400000000000000,0.6799999999999999,0.51413052325581400,0.7650,0.7040,0.6800,0.5141
745514,4/21/2024,0.7010000000000001,0.7737283950617284,0.68500000000000000,0.6999037037037037,0.7010,0.7737,0.6850,0.6999
745515,4/20/2024,0.70200000000000000,0.4759259259259259,0.6839999999999999,0.78900000000000000,0.7020,0.4759,0.6840,0.7890
745516,4/23/2024,0.78000000000000000,0.78000000000000000,0.6819999999999999,0.6357414448669201,0.7800,0.7800,0.6820,0.6357
745517,4/9/2024,0.62700000000000000,0.71400000000000000,0.7749999999999999,0.73300000000000000,0.6270,0.7140,0.7750,0.7330
745518,4/19/2024,0.6779999999999999,0.74600000000000000,0.6970000000000001,0.6970000000000001,0.6780,0.7460,0.6970,0.6970
745519,4/22/2024,0.79000000000000000,0.61700000000000000,0.6779999999999999,0.6553737373737374,0.7900,0.6170,0.6780,0.6554
745520,4/8/2024,0.62500000000000000,0.48400000000000000,0.75900000000000000,0.88000000000000000,0.6250,0.4840,0.7590,0.8800
745521,9/25/2024,0.71600000000000000,0.7050158865933087,0.75300000000000000,0.6780978616909323,0.7160,0.7050,0.7530,0.6781
745522,4/6/2024,0.74500000000000000,0.56500000000000000,0.79200000000000000,1.1059999999999999,0.7450,0.5650,0.7920,1.1060
745523,4/7/2024,0.6890000000000001,0.6579999999999999,0.78200000000000000,0.52200000000000000,0.6890,0.6580,0.7820,0.5220
745524,4/5/2024,0.7010000000000001,0.56000000000000000,0.81500000000000000,0.40700000000000003,0.7010,0.5600,0.8150,0.4070
745525,9/11/2024,0.67500000000000000,0.6858930102306624,0.75800000000000000,0.6229852895850783,0.6750,0.6859,0.7580,0.6230
745526,9/24/2024,0.71400000000000000,0.63729129112502400,0.75300000000000000,0.6640083417659173,0.7140,0.6373,0.7530,0.6640
745527,9/23/2024,0.7150000000000001,0.7652258708959366,0.75200000000000000,0.7057468055005831,0.7150,0.7652,0.7520,0.7057
745528,9/14/2024,0.73900000000000000,0.6871383834020646,0.75500000000000000,0.80491421781704200,0.7390,0.6871,0.7550,0.8049
745529,9/13/2024,0.73600000000000000,0.7149622918504243,0.75600000000000000,0.7032263084846893,0.7360,0.7150,0.7560,0.7032
745530,9/15/2024,0.73900000000000000,0.6882157415438925,0.75500000000000000,0.6732356915196165,0.7390,0.6882,0.7550,0.6732
745531,8/29/2024,0.72500000000000000,0.7264784967975411,0.75000000000000000,0.6662984143535593,0.7250,0.7265,0.7500,0.6663
745532,8/31/2024,0.72600000000000000,0.6349424757939416,0.75000000000000000,0.6311963275104642,0.7260,0.6349,0.7500,0.6312
745533,8/30/2024,0.72400000000000000,0.6470242340683826,0.75100000000000000,0.6420720272886613,0.7240,0.6470,0.7510,0.6421
745534,9/9/2024,0.67500000000000000,0.6952235067736401,0.75500000000000000,0.6782146493896927,0.6750,0.6952,0.7550,0.6782
745535,9/10/2024,0.67500000000000000,0.7147724982120929,0.75400000000000000,0.6529594314723848,0.6750,0.7148,0.7540,0.6530
745536,9/1/2024,0.72400000000000000,0.6712034434612655,0.75100000000000000,0.6917024026268086,0.7240,0.6712,0.7510,0.6917
745537,8/17/2024,0.6910000000000001,0.7509844598881423,0.75200000000000000,0.6694275722521843,0.6910,0.7510,0.7520,0.6694
745538,8/26/2024,0.74200000000000000,0.6573744394133728,0.75200000000000000,0.6286794675752463,0.7420,0.6574,0.7520,0.6287
745539,8/18/2024,0.68700000000000000,0.7109347643286661,0.75200000000000000,0.7669396669166435,0.6870,0.7109,0.7520,0.7669
745540,8/27/2024,0.74000000000000000,0.7136825733338328,0.75200000000000000,0.6983942417639789,0.7400,0.7137,0.7520,0.6984
745541,8/28/2024,0.73800000000000000,0.73541864775674500,0.75300000000000000,0.7882126483993297,0.7380,0.7354,0.7530,0.7882
745542,8/16/2024,0.69000000000000000,0.7926613843144678,0.75300000000000000,0.6935830031933128,0.6900,0.7927,0.7530,0.6936
745543,7/31/2024,0.77400000000000000,0.7319995962622217,0.74900000000000000,0.6453285397475916,0.7740,0.7320,0.7490,0.6453
745544,8/14/2024,0.66100000000000000,0.7648756998574913,0.74700000000000000,0.7021129164092657,0.6610,0.7649,0.7470,0.7021
745545,8/15/2024,0.69000000000000000,0.7002487996752227,0.74900000000000000,0.6232734642096454,0.6900,0.7002,0.7490,0.6233
745546,7/30/2024,0.77400000000000000,0.7549166275076216,0.75100000000000000,0.6561756842368023,0.7740,0.7549,0.7510,0.6562
745547,7/29/2024,0.76800000000000000,0.6521303816702679,0.75200000000000000,0.5983578785806327,0.7680,0.6521,0.7520,0.5984
745548,8/13/2024,0.6599999999999999,0.6919188844668107,0.75000000000000000,0.7665349905062544,0.6600,0.6919,0.7500,0.7665
745549,7/13/2024,0.6759999999999999,0.7386808711956994,0.75600000000000000,0.7241174810611867,0.6760,0.7387,0.7560,0.7241
745550,7/28/2024,0.7090000000000001,0.75152457585249400,0.75400000000000000,0.6956092755437928,0.7090,0.7515,0.7540,0.6956
745551,7/14/2024,0.6779999999999999,0.7746374380043715,0.76000000000000000,0.5378174810611867,0.6780,0.7746,0.7600,0.5378
745552,7/12/2024,0.6759999999999999,0.7519787727897396,0.75800000000000000,0.62364342250266600,0.6760,0.7520,0.7580,0.6236
745553,7/27/2024,0.71200000000000000,0.8014503201637971,0.75100000000000000,0.6867896695978827,0.7120,0.8015,0.7510,0.6868
745554,7/26/2024,0.7130000000000001,0.7511728722695852,0.75300000000000000,0.6414429793555011,0.7130,0.7512,0.7530,0.6414
745555,6/30/2024,0.62900000000000000,0.7565439719159759,0.75300000000000000,0.5794307657427281,0.6290,0.7565,0.7530,0.5794
745556,7/10/2024,0.77400000000000000,0.6597951050815296,0.75400000000000000,0.6350142024101093,0.7740,0.6598,0.7540,0.6350
745557,7/9/2024,0.77600000000000000,0.7503160782474962,0.75000000000000000,0.6051328629236927,0.7760,0.7503,0.7500,0.6051
745558,7/11/2024,0.77200000000000000,0.5964683067656187,0.75500000000000000,0.6409278562322718,0.7720,0.5965,0.7550,0.6409
745559,6/29/2024,0.62900000000000000,0.8351022519932337,0.75600000000000000,0.6325793349138195,0.6290,0.8351,0.7560,0.6326
745560,6/28/2024,0.63300000000000000,0.7163521876128205,0.75700000000000000,0.6374547005079967,0.6330,0.7164,0.7570,0.6375
745561,6/19/2024,0.7190000000000001,0.6852131125554525,0.74900000000000000,0.5647808430882095,0.7190,0.6852,0.7490,0.5648
745562,6/21/2024,0.73000000000000000,0.8304229706561554,0.74800000000000000,0.7238164018590575,0.7300,0.8304,0.7480,0.7238
745563,6/18/2024,0.7230000000000001,0.6889920649859496,0.74700000000000000,0.6405774898745913,0.7230,0.6890,0.7470,0.6406
745564,6/22/2024,0.7330000000000001,0.8630999167729603,0.74900000000000000,0.6079917332168705,0.7330,0.8631,0.7490,0.6080
745565,6/27/2024,0.62900000000000000,0.7880974220914361,0.75800000000000000,0.5912745345111403,0.6290,0.7881,0.7580,0.5913
745566,6/23/2024,0.7270000000000001,0.8058891636849101,0.75600000000000000,0.6515119934508484,0.7270,0.8059,0.7560,0.6515
745567,6/17/2024,0.72600000000000000,0.7913217563061186,0.73800000000000000,0.65597815569177000,0.7260,0.7913,0.7380,0.6560
745568,6/4/2024,0.75100000000000000,0.6146162438311533,0.74300000000000000,0.6442845296267186,0.7510,0.6146,0.7430,0.6443
745569,6/3/2024,0.75400000000000000,0.6158793520942409,0.74500000000000000,0.5670525445897583,0.7540,0.6159,0.7450,0.5671
745570,6/5/2024,0.74600000000000000,0.8011403861817834,0.74400000000000000,0.6171238574023502,0.7460,0.8011,0.7440,0.6171
745571,6/9/2024,0.7050000000000001,0.7335385992197127,0.74400000000000000,0.7600055207702148,0.7050,0.7335,0.7440,0.7600
745572,6/2/2024,0.67700000000000000,0.7227170928621798,0.75100000000000000,0.7533241299500981,0.6770,0.7227,0.7510,0.7533
745573,5/23/2024,0.7070000000000001,0.6882571787621741,0.75700000000000000,0.5832671561667546,0.7070,0.6883,0.7570,0.5833
745574,5/31/2024,0.6839999999999999,0.7648365770090353,0.75300000000000000,0.6196236576284317,0.6840,0.7648,0.7530,0.6196
745575,6/1/2024,0.68100000000000000,0.6567019184079602,0.75300000000000000,0.5417080529904752,0.6810,0.6567,0.7530,0.5417
745576,5/22/2024,0.70600000000000000,0.6828875289087839,0.75500000000000000,0.7608354393609296,0.7060,0.6829,0.7550,0.7608
745577,5/19/2024,0.6559999999999999,0.6193298212005109,0.74900000000000000,0.6176323204973927,0.6560,0.6193,0.7490,0.6176
745578,5/21/2024,0.7070000000000001,0.6418611652794293,0.75400000000000000,0.5116737524498719,0.7070,0.6419,0.7540,0.5117
745579,5/17/2024,0.6599999999999999,0.6824703620797883,0.75600000000000000,0.5711626372708672,0.6600,0.6825,0.7560,0.5712
745580,5/16/2024,0.6759999999999999,0.7313748391164719,0.75900000000000000,0.7494101114140497,0.6760,0.7314,0.7590,0.7494
745581,5/18/2024,0.6559999999999999,0.7234030940700236,0.75000000000000000,0.6391652575025192,0.6560,0.7234,0.7500,0.6392
745582,5/15/2024,0.67500000000000000,0.6743770339147843,0.75700000000000000,0.5013363138173526,0.6750,0.6744,0.7570,0.5013
745583,5/4/2024,0.67300000000000000,0.6138619867352262,0.73700000000000000,0.4580625800784419,0.6730,0.6139,0.7370,0.4581
745584,5/8/2024,0.66900000000000000,0.7674191416471096,0.76000000000000000,0.6265145560002965,0.6690,0.7674,0.7600,0.6265
745585,5/6/2024,0.67900000000000000,0.6674141330638989,0.74400000000000000,0.5350766860664156,0.6790,0.6674,0.7440,0.5351
745586,5/7/2024,0.6719999999999999,0.63861766034327000,0.74900000000000000,0.6198666341483243,0.6720,0.6386,0.7490,0.6199
745587,5/5/2024,0.6759999999999999,0.6582955432842481,0.74500000000000000,0.8774192737402077,0.6760,0.6583,0.7450,0.8774
745588,4/21/2024,0.5589999999999999,0.6945398956002982,0.70200000000000000,0.6777185185185186,0.5590,0.6945,0.7020,0.6777
745589,5/3/2024,0.6759999999999999,0.5737378747795414,0.74400000000000000,0.6183226642877089,0.6760,0.5737,0.7440,0.6183
745590,4/20/2024,0.5549999999999999,0.7921333333333334,0.68800000000000000,0.5900000000000001,0.5550,0.7921,0.6880,0.5900
745591,4/17/2024,0.7050000000000001,0.7010000000000001,0.6579999999999999,0.63500000000000000,0.7050,0.7010,0.6580,0.6350
745592,4/19/2024,0.5720000000000001,0.51600000000000000,0.6799999999999999,0.5369999999999999,0.5720,0.5160,0.6800,0.5370
745593,4/16/2024,0.7170000000000001,0.83300000000000000,0.65300000000000000,0.47700000000000000,0.7170,0.8330,0.6530,0.4770
745594,4/13/2024,0.73800000000000000,0.56200000000000000,0.65700000000000000,0.37600000000000000,0.7380,0.5620,0.6570,0.3760
745595,4/14/2024,0.72900000000000000,0.7909999999999999,0.6659999999999999,0.55200000000000000,0.7290,0.7910,0.6660,0.5520
745596,4/12/2024,0.74800000000000000,0.62200000000000000,0.6659999999999999,0.75200000000000000,0.7480,0.6220,0.6660,0.7520
745597,4/15/2024,0.73200000000000000,0.9380000000000001,0.6639999999999999,0.87300000000000000,0.7320,0.9380,0.6640,0.8730
745598,4/2/2024,0.90000000000000000,0.90000000000000000,0.61600000000000000,0.61600000000000000,0.9000,0.9000,0.6160,0.6160
745599,3/30/2024,0.87500000000000000,0.87500000000000000,0.47900000000000000,0.47900000000000000,0.8750,0.8750,0.4790,0.4790
745600,4/1/2024,0.97700000000000000,0.97700000000000000,0.65500000000000000,0.65500000000000000,0.9770,0.9770,0.6550,0.6550
745601,4/11/2024,0.77000000000000000,0.6719999999999999,0.66000000000000000,0.57900000000000000,0.7700,0.6720,0.6600,0.5790
745602,3/31/2024,1.07900000000000000,1.07900000000000000,0.60400000000000000,0.60400000000000000,1.0790,1.0790,0.6040,0.6040
745603,4/3/2024,0.8009999999999999,0.5529999999999999,0.6599999999999999,0.51200000000000000,0.8010,0.5530,0.6600,0.5120
745604,3/29/2024,0.84700000000000000,1.00000000000000000,0.76700000000000000,1.00000000000000000,0.8470,1.0000,0.7670,1.0000
745605,9/25/2024,0.6819999999999999,0.6966075676525366,0.6990000000000001,0.7583575967979781,0.6820,0.6966,0.6990,0.7584
745606,9/21/2024,0.76400000000000000,0.7260881048190237,0.70400000000000000,0.7800303966164064,0.7640,0.7261,0.7040,0.7800
745607,9/26/2024,0.68300000000000000,0.6554451222644955,0.6990000000000001,0.6309122998260599,0.6830,0.6554,0.6990,0.6309
745608,9/22/2024,0.76300000000000000,0.67279927388445900,0.7010000000000001,0.7502252748780711,0.7630,0.6728,0.7010,0.7502
745609,9/26/2024,0.68300000000000000,0.6917646344123773,0.6990000000000001,0.7523180715727555,0.6830,0.6918,0.6990,0.7523
745610,9/22/2024,0.76300000000000000,0.7322748316658858,0.7010000000000001,0.7365838212872542,0.7630,0.7323,0.7010,0.7366
745611,9/7/2024,0.6859999999999999,0.6021188910648472,0.70600000000000000,0.7524550973914556,0.6860,0.6021,0.7060,0.7525
745612,9/5/2024,0.66700000000000000,0.5780973678236573,0.70600000000000000,0.7263589615768095,0.6670,0.5781,0.7060,0.7264
745613,9/7/2024,0.6859999999999999,0.5817758997030451,0.70600000000000000,0.7488359880404827,0.6860,0.5818,0.7060,0.7488
745614,9/5/2024,0.66700000000000000,0.6626665043350286,0.70600000000000000,0.7386795265725571,0.6670,0.6627,0.7060,0.7387
745615,9/4/2024,0.66900000000000000,0.6771087073974705,0.70600000000000000,0.6783837268935502,0.6690,0.6771,0.7060,0.6784
745616,9/8/2024,0.68300000000000000,0.6949239430505276,0.70400000000000000,0.66800232574871400,0.6830,0.6949,0.7040,0.6680
745617,8/24/2024,0.73400000000000000,0.6919366441031323,0.69600000000000000,0.7327674469587943,0.7340,0.6919,0.6960,0.7328
745618,8/25/2024,0.73800000000000000,0.7177322223699965,0.69800000000000000,0.7397576423403314,0.7380,0.7177,0.6980,0.7398
745619,9/2/2024,0.66900000000000000,0.6013575007753333,0.7070000000000001,0.6075876210686229,0.6690,0.6014,0.7070,0.6076
745620,8/20/2024,0.6839999999999999,0.6869459693133029,0.70000000000000000,0.7642245582288952,0.6840,0.6869,0.7000,0.7642
745621,8/18/2024,0.71000000000000000,0.6357942518000188,0.7030000000000001,0.73044506359084000,0.7100,0.6358,0.7030,0.7304
745622,8/22/2024,0.6779999999999999,0.6782308034129054,0.69800000000000000,0.7556958642699683,0.6780,0.6782,0.6980,0.7557
745623,8/22/2024,0.6779999999999999,0.7713307177136484,0.69800000000000000,0.6320010898535624,0.6780,0.7713,0.6980,0.6320
745624,8/21/2024,0.6799999999999999,0.73068486533824000,0.70000000000000000,0.75233404004789600,0.6800,0.7307,0.7000,0.7523
745625,8/24/2024,0.73400000000000000,0.7416648043761502,0.69600000000000000,0.72910125769444400,0.7340,0.7417,0.6960,0.7291
745626,8/17/2024,0.71200000000000000,0.7526683513735506,0.7030000000000001,0.6707550291162379,0.7120,0.7527,0.7030,0.6708
745627,8/4/2024,0.76600000000000000,0.5892345270253623,0.7050000000000001,0.7046333685788624,0.7660,0.5892,0.7050,0.7046
745628,8/6/2024,0.62100000000000000,0.6866756489798438,0.70200000000000000,0.75685298045642700,0.6210,0.6867,0.7020,0.7569
745629,8/7/2024,0.61900000000000000,0.7459579871545577,0.7010000000000001,0.7820731333570433,0.6190,0.7460,0.7010,0.7821
745630,8/7/2024,0.61900000000000000,0.9251774763210322,0.7010000000000001,0.7531098311053915,0.6190,0.9252,0.7010,0.7531
745631,8/3/2024,0.76700000000000000,0.6985427845404975,0.7030000000000001,0.7691762202684158,0.7670,0.6985,0.7030,0.7692
745632,7/24/2024,0.73900000000000000,0.73356352274714400,0.69600000000000000,0.6101277998718949,0.7390,0.7336,0.6960,0.6101
745633,7/21/2024,0.68500000000000000,0.6557985396171635,0.6970000000000001,0.7690760863879301,0.6850,0.6558,0.6970,0.7691
745634,7/24/2024,0.73900000000000000,0.7248721026328111,0.69600000000000000,0.7650084572732263,0.7390,0.7249,0.6960,0.7650
745635,7/23/2024,0.74000000000000000,0.7602962088896092,0.6970000000000001,0.7683620037797948,0.7400,0.7603,0.6970,0.7684
745636,8/4/2024,0.76600000000000000,0.6572368088857075,0.7050000000000001,0.7552335898440279,0.7660,0.6572,0.7050,0.7552
745637,7/7/2024,0.77900000000000000,0.6832696889302216,0.6779999999999999,0.7226432775664697,0.7790,0.6833,0.6780,0.7226
745638,7/20/2024,0.68500000000000000,0.9954910754382227,0.68800000000000000,0.7683867417573649,0.6850,0.9955,0.6880,0.7684
745639,7/6/2024,0.77700000000000000,0.64951003677476400,0.66900000000000000,0.7423368577109644,0.7770,0.6495,0.6690,0.7423
745640,7/20/2024,0.68500000000000000,0.7511260765158627,0.68800000000000000,0.75700309475883400,0.6850,0.7511,0.6880,0.7570
745641,7/4/2024,0.6990000000000001,0.7490985156879477,0.66700000000000000,0.7615221619165606,0.6990,0.7491,0.6670,0.7615
745642,7/6/2024,0.77700000000000000,0.6870248524215901,0.66900000000000000,0.7310984225082442,0.7770,0.6870,0.6690,0.7311
745643,7/4/2024,0.6990000000000001,0.44373689252430887,0.66700000000000000,0.7711873091461066,0.6990,0.4437,0.6670,0.7712
745644,6/22/2024,0.75000000000000000,0.7434167300496373,0.67100000000000000,0.74277899757448500,0.7500,0.7434,0.6710,0.7428
745645,6/20/2024,0.7190000000000001,0.6338235923477372,0.66700000000000000,0.6985688016043723,0.7190,0.6338,0.6670,0.6986
745646,6/20/2024,0.7190000000000001,0.63497952972438500,0.66700000000000000,0.7241414882032065,0.7190,0.6350,0.6670,0.7241
745647,7/3/2024,0.6990000000000001,0.6719312143525209,0.66500000000000000,0.7346018290809462,0.6990,0.6719,0.6650,0.7346
745648,6/23/2024,0.74200000000000000,0.7518752564628641,0.67100000000000000,0.6910047417142264,0.7420,0.7519,0.6710,0.6910
745649,6/22/2024,0.75000000000000000,0.7540141014192234,0.67100000000000000,0.7962647411852664,0.7500,0.7540,0.6710,0.7963
745650,6/19/2024,0.70800000000000000,0.6761292689363949,0.6699999999999999,0.6860780677204555,0.7080,0.6761,0.6700,0.6861
745651,6/9/2024,0.68300000000000000,0.9374634169831049,0.66500000000000000,0.6810398171884904,0.6830,0.9375,0.6650,0.6810
745652,6/8/2024,0.7290000000000001,0.7337686667467724,0.6699999999999999,0.5130029250620882,0.7290,0.7338,0.6700,0.5130
745653,5/26/2024,0.75200000000000000,0.6252763661431147,0.6839999999999999,0.7078729013476375,0.7520,0.6253,0.6840,0.7079
745654,6/6/2024,0.6659999999999999,0.6107751865923068,0.68100000000000000,0.6823742279176899,0.6660,0.6108,0.6810,0.6824
745655,6/8/2024,0.7290000000000001,0.6920461307029934,0.6699999999999999,0.6396398171884903,0.7290,0.6920,0.6700,0.6396
745656,6/5/2024,0.7170000000000001,0.6411354169023005,0.6739999999999999,0.6837136897096343,0.7170,0.6411,0.6740,0.6837
745657,6/6/2024,0.6659999999999999,0.4735438376980885,0.68100000000000000,0.7053514693383706,0.6660,0.4735,0.6810,0.7054
745658,5/25/2024,0.76700000000000000,0.8048544798940547,0.67500000000000000,0.7510845556450881,0.7670,0.8049,0.6750,0.7511
745660,5/23/2024,0.68800000000000000,0.7579446929595666,0.67900000000000000,0.8491580006051946,0.6880,0.7579,0.6790,0.8492
745661,5/23/2024,0.68800000000000000,0.6894044034427841,0.67900000000000000,0.7097582295559433,0.6880,0.6894,0.6790,0.7098
745662,5/22/2024,0.71000000000000000,0.7134469650205761,0.6719999999999999,0.7022728598776207,0.7100,0.7134,0.6720,0.7023
745663,5/25/2024,0.76700000000000000,0.7286930453144528,0.67500000000000000,0.7959964824305672,0.7670,0.7287,0.6750,0.7960
745664,5/8/2024,0.7230000000000001,0.6534375809935206,0.6679999999999999,0.6956010335530258,0.7230,0.6534,0.6680,0.6956
745665,5/4/2024,0.70400000000000000,0.7914551774827703,0.6659999999999999,0.6933859469600068,0.7040,0.7915,0.6660,0.6934
745666,5/4/2024,0.70400000000000000,0.7755230900254028,0.6659999999999999,0.68047875944748500,0.7040,0.7755,0.6660,0.6805
745667,5/5/2024,0.61600000000000000,0.8662269861286255,0.67500000000000000,0.7283227397955068,0.6160,0.8662,0.6750,0.7283
745668,5/7/2024,0.77800000000000000,0.6902043196544276,0.6699999999999999,0.7312941176470588,0.7780,0.6902,0.6700,0.7313
745669,5/7/2024,0.77800000000000000,0.6542599597585513,0.6699999999999999,0.8042970798128031,0.7780,0.6543,0.6700,0.8043
745670,5/1/2024,0.66100000000000000,0.73630060900703100,0.63300000000000000,0.7857276707966363,0.6610,0.7363,0.6330,0.7857
745671,4/17/2024,0.67100000000000000,0.6839999999999999,0.6080000000000001,0.38800000000000000,0.6710,0.6840,0.6080,0.3880
745672,4/30/2024,0.7010000000000001,0.6541219483148744,0.66500000000000000,0.74487006886921200,0.7010,0.6541,0.6650,0.7449
745673,5/1/2024,0.66100000000000000,0.7453067381477978,0.63300000000000000,0.8420950158496214,0.6610,0.7453,0.6330,0.8421
745674,4/17/2024,0.67100000000000000,0.66700000000000000,0.6080000000000001,0.6539999999999999,0.6710,0.6670,0.6080,0.6540
745675,4/2/2024,0.74700000000000000,0.33299999999999996,0.6679999999999999,1.10000000000000000,0.7470,0.3330,0.6680,1.1000
745676,4/13/2024,0.70800000000000000,0.72300000000000000,0.66500000000000000,0.77200000000000000,0.7080,0.7230,0.6650,0.7720
745677,4/16/2024,0.73700000000000000,0.48700000000000000,0.66500000000000000,0.83900000000000000,0.7370,0.4870,0.6650,0.8390
745678,4/3/2024,0.65500000000000000,0.42899999999999994,0.5780000000000001,0.92000000000000000,0.6550,0.4290,0.5780,0.9200
745679,4/13/2024,0.70800000000000000,0.69400000000000000,0.66500000000000000,0.38800000000000000,0.7080,0.6940,0.6650,0.3880
745680,4/3/2024,0.65500000000000000,0.8360000000000001,0.5780000000000001,0.95200000000000000,0.6550,0.8360,0.5780,0.9520
745681,4/14/2024,0.67700000000000000,0.51800000000000000,0.59900000000000000,0.9790000000000001,0.6770,0.5180,0.5990,0.9790
745682,3/30/2024,0.90100000000000000,0.9530000000000001,0.32800000000000000,0.92000000000000000,0.9010,0.9530,0.3280,0.9200
745683,3/31/2024,0.93700000000000000,0.93700000000000000,0.5740000000000001,0.5740000000000001,0.9370,0.9370,0.5740,0.5740
745684,3/30/2024,0.90100000000000000,0.90100000000000000,0.32800000000000000,0.32800000000000000,0.9010,0.9010,0.3280,0.3280
745685,9/28/2024,0.6739999999999999,0.6232411414406942,0.76500000000000000,0.6736314640468618,0.6740,0.6232,0.7650,0.6736
745686,9/29/2024,0.67500000000000000,0.7134354551896065,0.76500000000000000,0.6915818300488865,0.6750,0.7134,0.7650,0.6916
745687,3/29/2024,0.69800000000000000,0.46499999999999997,0.66900000000000000,1.18800000000000000,0.6980,0.4650,0.6690,1.1880
745688,9/24/2024,0.75000000000000000,0.6854190087755614,0.76600000000000000,0.68957555409087900,0.7500,0.6854,0.7660,0.6896
745689,9/14/2024,0.75400000000000000,0.7278847013048656,0.76800000000000000,0.7194331769181779,0.7540,0.7279,0.7680,0.7194
745690,9/25/2024,0.75000000000000000,0.6899718882910794,0.76600000000000000,0.74776560984929200,0.7500,0.6900,0.7660,0.7478
745691,9/26/2024,0.75200000000000000,0.6560560778045501,0.76600000000000000,0.6979893068682236,0.7520,0.6561,0.7660,0.6980
745692,9/27/2024,0.6719999999999999,0.7220360867378628,0.76700000000000000,0.7270751524106895,0.6720,0.7220,0.7670,0.7271
745693,9/15/2024,0.75300000000000000,0.7000019668412079,0.76600000000000000,0.7337287237453619,0.7530,0.7000,0.7660,0.7337
745694,9/10/2024,0.72700000000000000,0.65626861094642200,0.77400000000000000,0.7491146442580354,0.7270,0.6563,0.7740,0.7491
745695,9/12/2024,0.75600000000000000,0.7300377722214915,0.76900000000000000,0.7191564801110604,0.7560,0.7300,0.7690,0.7192
745696,9/13/2024,0.75400000000000000,0.6477496018904714,0.76800000000000000,0.6909050484943392,0.7540,0.6477,0.7680,0.6909
745697,9/11/2024,0.72800000000000000,0.6488236126372864,0.77000000000000000,0.6669436873699008,0.7280,0.6488,0.7700,0.6669
745698,9/9/2024,0.72900000000000000,0.6888123719495926,0.77200000000000000,0.7343989353179237,0.7290,0.6888,0.7720,0.7344
745699,8/31/2024,0.7030000000000001,0.7409309537872991,0.77700000000000000,0.8324689777096511,0.7030,0.7409,0.7770,0.8325
745700,8/30/2024,0.7030000000000001,0.6869558112423682,0.77800000000000000,0.7352107930211929,0.7030,0.6870,0.7780,0.7352
745701,9/1/2024,0.7030000000000001,0.7511568697812363,0.77700000000000000,0.7219235550719816,0.7030,0.7512,0.7770,0.7219
745702,8/23/2024,0.7070000000000001,0.84208120718810300,0.77800000000000000,0.7328650073726355,0.7070,0.8421,0.7780,0.7329
745703,8/24/2024,0.70400000000000000,0.7019259047395044,0.77700000000000000,0.8162313526493788,0.7040,0.7019,0.7770,0.8162
745704,8/21/2024,0.7070000000000001,0.8656155293761609,0.77500000000000000,0.7247199342454755,0.7070,0.8656,0.7750,0.7247
745705,8/22/2024,0.7050000000000001,0.7733593285630991,0.77700000000000000,0.7498284957574682,0.7050,0.7734,0.7770,0.7498
745706,8/25/2024,0.7070000000000001,0.8094036623446696,0.77600000000000000,0.7342084316547604,0.7070,0.8094,0.7760,0.7342
745707,8/20/2024,0.70600000000000000,0.5376486347621048,0.77600000000000000,0.6623573497714121,0.7060,0.5376,0.7760,0.6624
745709,8/7/2024,0.6819999999999999,0.7157884221431621,0.77600000000000000,0.6563261242641422,0.6820,0.7158,0.7760,0.6563
745710,8/8/2024,0.6839999999999999,0.6794017509834347,0.77600000000000000,0.72851396643301000,0.6840,0.6794,0.7760,0.7285
745711,8/11/2024,0.6890000000000001,0.6915769622893231,0.77600000000000000,0.7508556653426506,0.6890,0.6916,0.7760,0.7509
745712,8/10/2024,0.68800000000000000,0.67090534735296400,0.77600000000000000,0.7402029643441841,0.6880,0.6709,0.7760,0.7402
745714,8/3/2024,0.6990000000000001,0.7170528750194107,0.77500000000000000,0.74599111497766200,0.6990,0.7171,0.7750,0.7460
745715,7/23/2024,0.74300000000000000,0.7208341599590604,0.76200000000000000,0.6458349422488342,0.7430,0.7208,0.7620,0.6458
745716,7/24/2024,0.74300000000000000,0.6764923029732577,0.76100000000000000,0.7628117212999928,0.7430,0.6765,0.7610,0.7628
745717,7/22/2024,0.6890000000000001,0.7619187746871059,0.75500000000000000,0.7496631748602581,0.6890,0.7619,0.7550,0.7497
745718,8/4/2024,0.69800000000000000,0.7002482376636947,0.77600000000000000,0.7955482664767819,0.6980,0.7002,0.7760,0.7955
745719,8/2/2024,0.69600000000000000,0.7180763216633116,0.77400000000000000,0.7438960450082638,0.6960,0.7181,0.7740,0.7439
745720,7/20/2024,0.6819999999999999,0.6758829288470972,0.75800000000000000,0.7001082814414377,0.6820,0.6759,0.7580,0.7001
745721,7/19/2024,0.68300000000000000,0.7155967629700396,0.75800000000000000,0.77663734100117000,0.6830,0.7156,0.7580,0.7766
745722,7/21/2024,0.6859999999999999,0.7836560415959748,0.75600000000000000,0.7236320664961544,0.6860,0.7837,0.7560,0.7236
745723,7/7/2024,0.74200000000000000,0.6698340445262461,0.76300000000000000,0.6371223339381378,0.7420,0.6698,0.7630,0.6371
745724,7/6/2024,0.74300000000000000,0.6764636434401439,0.75700000000000000,0.8068475106948537,0.7430,0.6765,0.7570,0.8068
745725,7/5/2024,0.74300000000000000,0.6116154146206219,0.76100000000000000,0.6820319713533474,0.7430,0.6116,0.7610,0.6820
745726,7/4/2024,0.6819999999999999,0.6953145180827437,0.76000000000000000,0.6951368081480884,0.6820,0.6953,0.7600,0.6951
745727,6/23/2024,0.72400000000000000,0.5985620067211805,0.76700000000000000,0.6645821300574892,0.7240,0.5986,0.7670,0.6646
745728,7/3/2024,0.6839999999999999,0.7025035041900778,0.76200000000000000,0.7307064623806663,0.6840,0.7025,0.7620,0.7307
745729,6/21/2024,0.72000000000000000,0.6041331976539489,0.76800000000000000,0.6692847494096663,0.7200,0.6041,0.7680,0.6693
745730,7/2/2024,0.68300000000000000,0.7491937907719209,0.76500000000000000,0.6291420147872502,0.6830,0.7492,0.7650,0.6291
745731,6/22/2024,0.72600000000000000,0.68193220302422400,0.76400000000000000,0.6922181092933797,0.7260,0.6819,0.7640,0.6922
745732,6/19/2024,0.76100000000000000,0.6276725527654494,0.76900000000000000,0.6984214296236113,0.7610,0.6277,0.7690,0.6984
745733,6/18/2024,0.76300000000000000,0.5886913573463215,0.77000000000000000,0.66340124908063000,0.7630,0.5887,0.7700,0.6634
745734,6/20/2024,0.76200000000000000,0.6693308012020192,0.76900000000000000,0.56713488197106400,0.7620,0.6693,0.7690,0.5671
745735,6/8/2024,0.76600000000000000,0.6386709172245053,0.77200000000000000,0.6468246794009506,0.7660,0.6387,0.7720,0.6468
745736,6/9/2024,0.77100000000000000,0.5945876569576904,0.77200000000000000,0.5393851855044388,0.7710,0.5946,0.7720,0.5394
745737,6/7/2024,0.77100000000000000,0.6424166372098503,0.77900000000000000,0.6302154509323024,0.7710,0.6424,0.7790,0.6302
745738,6/6/2024,0.6970000000000001,0.7163555894050944,0.77900000000000000,0.6535850311660572,0.6970,0.7164,0.7790,0.6536
745739,6/4/2024,0.7010000000000001,0.7193796391712501,0.77700000000000000,0.5433885611298395,0.7010,0.7194,0.7770,0.5434
745740,6/5/2024,0.69600000000000000,0.7375019815843182,0.77700000000000000,0.6675385277583183,0.6960,0.7375,0.7770,0.6675
745741,5/23/2024,0.6799999999999999,0.6704212350445955,0.76900000000000000,0.5864933035847092,0.6800,0.6704,0.7690,0.5865
745742,5/21/2024,0.67300000000000000,0.4445053168133397,0.77100000000000000,0.6623527618527618,0.6730,0.4445,0.7710,0.6624
745743,5/22/2024,0.68100000000000000,0.6224620213433771,0.76600000000000000,0.6400886757017411,0.6810,0.6225,0.7660,0.6401
745744,5/18/2024,0.6120000000000001,0.6215006132018757,0.76200000000000000,0.5882662026897683,0.6120,0.6215,0.7620,0.5883
745745,5/19/2024,0.6080000000000001,0.6989620180328561,0.76900000000000000,0.7081322273324573,0.6080,0.6990,0.7690,0.7081
745746,5/20/2024,0.67500000000000000,0.6043365577753308,0.77000000000000000,0.7113474489703182,0.6750,0.6043,0.7700,0.7113
745747,5/17/2024,0.61300000000000000,0.8173787694922803,0.75900000000000000,0.6573557359944142,0.6130,0.8174,0.7590,0.6574
745748,5/9/2024,0.73300000000000000,0.6295165467625898,0.75200000000000000,0.7174310929458068,0.7330,0.6295,0.7520,0.7174
745749,5/8/2024,0.7290000000000001,0.78978740008542300,0.74200000000000000,0.7180820299437605,0.7290,0.7898,0.7420,0.7181
745750,5/4/2024,0.66300000000000000,0.60097763109644300,0.72800000000000000,0.7302272228320528,0.6630,0.6010,0.7280,0.7302
745751,5/5/2024,0.6639999999999999,0.5093765182736905,0.7270000000000001,0.6657357566137565,0.6640,0.5094,0.7270,0.6657
745752,5/7/2024,0.73700000000000000,0.7002812023308316,0.7310000000000001,0.6191284029926749,0.7370,0.7003,0.7310,0.6191
745753,4/24/2024,0.6200000000000001,0.74627343392775500,0.6910000000000001,0.74885351111111100,0.6200,0.7463,0.6910,0.7489
745754,4/23/2024,0.6180000000000001,0.5911461279461279,0.6930000000000001,0.6432052783322244,0.6180,0.5911,0.6930,0.6432
745755,4/25/2024,0.61700000000000000,0.8599330894680689,0.70600000000000000,0.6502482566248258,0.6170,0.8599,0.7060,0.6502
745756,5/3/2024,0.66900000000000000,0.6169328726921506,0.73200000000000000,0.7423843862784261,0.6690,0.6169,0.7320,0.7424
745757,4/22/2024,0.62100000000000000,0.7627076281579592,0.7090000000000001,0.7208148148148148,0.6210,0.7627,0.7090,0.7208
745758,4/19/2024,0.6719999999999999,0.97200000000000000,0.74200000000000000,0.81700000000000000,0.6720,0.9720,0.7420,0.8170
745759,4/21/2024,0.67500000000000000,0.6467259259259259,0.7130000000000001,0.5717592592592593,0.6750,0.6467,0.7130,0.5718
745760,4/20/2024,0.68300000000000000,0.75900000000000000,0.73200000000000000,0.65500000000000000,0.6830,0.7590,0.7320,0.6550
745761,4/8/2024,0.62300000000000000,0.68500000000000000,0.72200000000000000,0.7989999999999999,0.6230,0.6850,0.7220,0.7990
745762,4/9/2024,0.58700000000000000,0.90900000000000000,0.74300000000000000,0.92800000000000000,0.5870,0.9090,0.7430,0.9280
745763,4/10/2024,0.5760000000000001,0.8320000000000001,0.74300000000000000,0.47900000000000000,0.5760,0.8320,0.7430,0.4790
745764,4/5/2024,0.5800000000000001,0.88300000000000000,0.69600000000000000,0.55300000000000000,0.5800,0.8830,0.6960,0.5530
745765,4/7/2024,0.64000000000000000,1.26300000000000000,0.71400000000000000,0.28900000000000003,0.6400,1.2630,0.7140,0.2890
745766,4/6/2024,0.58700000000000000,0.52100000000000000,0.66900000000000000,0.9039999999999999,0.5870,0.5210,0.6690,0.9040
745767,9/22/2024,0.75300000000000000,0.6234074246476113,0.74400000000000000,0.6699274638612976,0.7530,0.6234,0.7440,0.6699
745768,9/21/2024,0.75500000000000000,0.6690664804148326,0.74200000000000000,0.6358558465499056,0.7550,0.6691,0.7420,0.6359
745769,9/19/2024,0.75200000000000000,0.8222531100311674,0.74000000000000000,0.68181607981763500,0.7520,0.8223,0.7400,0.6818
745770,9/20/2024,0.75200000000000000,0.6735003078453696,0.74300000000000000,0.6751336969160571,0.7520,0.6735,0.7430,0.6751
745771,9/18/2024,0.68800000000000000,0.6841232177179668,0.73900000000000000,0.7022281845689113,0.6880,0.6841,0.7390,0.7022
745772,9/17/2024,0.69000000000000000,0.7043174194579591,0.73600000000000000,0.6889059057553928,0.6900,0.7043,0.7360,0.6889
745773,9/16/2024,0.69200000000000000,0.71528326853390700,0.73700000000000000,0.6426416790968328,0.6920,0.7153,0.7370,0.6426
745774,9/8/2024,0.70600000000000000,0.8141169173667651,0.74200000000000000,0.6919501707610602,0.7060,0.8141,0.7420,0.6920
745775,9/7/2024,0.7070000000000001,0.6607391321753708,0.74200000000000000,0.7207581068567646,0.7070,0.6607,0.7420,0.7208
745776,9/4/2024,0.75400000000000000,0.6555483854998839,0.74200000000000000,0.7138231914051957,0.7540,0.6555,0.7420,0.7138
745777,9/6/2024,0.7090000000000001,0.7065669030732861,0.74200000000000000,0.6503948010328195,0.7090,0.7066,0.7420,0.6504
745778,9/3/2024,0.75500000000000000,0.7035633473363991,0.74100000000000000,0.6872510624078059,0.7550,0.7036,0.7410,0.6873
745779,9/2/2024,0.75700000000000000,0.7301706977205766,0.74100000000000000,0.6947730785942134,0.7570,0.7302,0.7410,0.6948
745780,8/19/2024,0.77300000000000000,0.7579621575719153,0.74400000000000000,0.6950775522469832,0.7730,0.7580,0.7440,0.6951
745781,8/21/2024,0.77200000000000000,0.77470673855463000,0.74300000000000000,0.6680892506731619,0.7720,0.7747,0.7430,0.6681
745782,8/20/2024,0.77100000000000000,0.6941829296076547,0.74300000000000000,0.71703073239160100,0.7710,0.6942,0.7430,0.7170
745783,8/15/2024,0.70000000000000000,0.7496361643168674,0.74000000000000000,0.7093403504488052,0.7000,0.7496,0.7400,0.7093
745784,8/16/2024,0.66100000000000000,0.8177098592191256,0.74100000000000000,0.6690724428507948,0.6610,0.8177,0.7410,0.6691
745785,8/17/2024,0.66100000000000000,0.7980067865792486,0.74300000000000000,0.6954710120735144,0.6610,0.7980,0.7430,0.6955
745786,8/18/2024,0.65900000000000000,0.6667313743752021,0.74400000000000000,0.7103891097913241,0.6590,0.6667,0.7440,0.7104
745787,7/30/2024,0.75300000000000000,0.9402057308640492,0.74800000000000000,0.6837649989770156,0.7530,0.9402,0.7480,0.6838
745788,8/13/2024,0.7010000000000001,0.7490311334647946,0.73800000000000000,0.6987592216134623,0.7010,0.7490,0.7380,0.6988
745789,7/31/2024,0.74900000000000000,0.7039713916969232,0.74600000000000000,0.6663065487357697,0.7490,0.7040,0.7460,0.6663
745790,8/14/2024,0.7030000000000001,0.7506923086291934,0.73900000000000000,0.7100875642378153,0.7030,0.7507,0.7390,0.7101
745791,7/29/2024,0.75400000000000000,0.6640299475575067,0.74300000000000000,0.7222542307791044,0.7540,0.6640,0.7430,0.7223
745792,7/26/2024,0.70600000000000000,0.6919741043216756,0.74500000000000000,0.7261658724160147,0.7060,0.6920,0.7450,0.7262
745793,7/27/2024,0.7070000000000001,0.7048213313069929,0.74600000000000000,0.7044643592083072,0.7070,0.7048,0.7460,0.7045
745794,7/25/2024,0.7090000000000001,0.6065163837204388,0.74800000000000000,0.6598658725355527,0.7090,0.6065,0.7480,0.6599
745795,7/28/2024,0.70800000000000000,0.6493097099427332,0.74400000000000000,0.73551049498609500,0.7080,0.6493,0.7440,0.7355
745796,7/10/2024,0.6799999999999999,0.7802553943531986,0.73500000000000000,0.6679115066258904,0.6800,0.7803,0.7350,0.6679
745797,7/14/2024,0.70200000000000000,0.7583497086819349,0.74200000000000000,0.70390857811680100,0.7020,0.7583,0.7420,0.7039
745798,7/13/2024,0.70000000000000000,0.7896888752974034,0.74300000000000000,0.6470994270668665,0.7000,0.7897,0.7430,0.6471
745799,7/11/2024,0.6779999999999999,0.7129744749053868,0.73800000000000000,0.7202818501541257,0.6780,0.7130,0.7380,0.7203
745800,7/12/2024,0.69800000000000000,0.8260099367504934,0.73800000000000000,0.6545132320305402,0.6980,0.8260,0.7380,0.6545
745801,6/29/2024,0.74700000000000000,0.6835604107594005,0.74200000000000000,0.6915339670579423,0.7470,0.6836,0.7420,0.6915
745802,6/30/2024,0.74800000000000000,0.7484588227890585,0.74200000000000000,0.6390770309986087,0.7480,0.7485,0.7420,0.6391
745803,7/9/2024,0.67900000000000000,0.6521545516597117,0.73300000000000000,0.7216209594802787,0.6790,0.6522,0.7330,0.7216
745804,6/28/2024,0.74400000000000000,0.61138792380042500,0.73900000000000000,0.7239788645140373,0.7440,0.6114,0.7390,0.7240
745805,6/15/2024,0.73000000000000000,0.7637255470268134,0.70000000000000000,0.7395905105771795,0.7300,0.7637,0.7000,0.7396
745806,6/25/2024,0.76400000000000000,0.6279270620738637,0.72600000000000000,0.7241541389153188,0.7640,0.6279,0.7260,0.7242
745807,6/16/2024,0.7250000000000001,0.6394090186255557,0.70400000000000000,0.64562515049256700,0.7250,0.6394,0.7040,0.6456
745808,6/26/2024,0.76300000000000000,0.6071520088858624,0.73300000000000000,0.6808820622849744,0.7630,0.6072,0.7330,0.6809
745809,6/13/2024,0.63700000000000000,0.8398343689429462,0.70400000000000000,0.6170368431051705,0.6370,0.8398,0.7040,0.6170
745810,6/14/2024,0.7330000000000001,0.6866594477028466,0.70200000000000000,0.6853322519162699,0.7330,0.6867,0.7020,0.6853
745811,6/12/2024,0.63700000000000000,0.7281178338562053,0.6990000000000001,0.6994320158700774,0.6370,0.7281,0.6990,0.6994
745812,6/1/2024,0.6970000000000001,0.7416160580430653,0.6859999999999999,0.6534243201575394,0.6970,0.7416,0.6860,0.6534
745813,6/2/2024,0.6990000000000001,0.6950465431165167,0.6910000000000001,0.7199638495351656,0.6990,0.6950,0.6910,0.7200
745814,6/8/2024,0.74000000000000000,0.5330866287635887,0.70400000000000000,0.6606943287625535,0.7400,0.5331,0.7040,0.6607
745815,6/11/2024,0.6379999999999999,0.7208862024700884,0.7030000000000001,0.62956825512105700,0.6380,0.7209,0.7030,0.6296
745817,5/29/2024,0.75900000000000000,0.6692505711849958,0.67500000000000000,0.6747973272241314,0.7590,0.6693,0.6750,0.6748
745818,5/28/2024,0.75900000000000000,0.5940251028806585,0.6859999999999999,0.63787099552187400,0.7590,0.5940,0.6860,0.6379
745819,5/30/2024,0.6990000000000001,0.7171008972751631,0.67500000000000000,0.6610159637188209,0.6990,0.7171,0.6750,0.6610
745820,5/31/2024,0.6950000000000001,0.7737611123326382,0.6779999999999999,0.6148800048679566,0.6950,0.7738,0.6780,0.6149
745821,5/14/2024,0.75900000000000000,0.6472274734558301,0.6819999999999999,0.6536223959150789,0.7590,0.6472,0.6820,0.6536
745822,5/24/2024,0.70600000000000000,0.6866612736731424,0.6859999999999999,0.6931503603124356,0.7060,0.6867,0.6860,0.6932
745823,5/25/2024,0.71000000000000000,0.64785307160709800,0.69000000000000000,0.6404877251684551,0.7100,0.6479,0.6900,0.6405
745824,5/26/2024,0.7070000000000001,0.6768755566061369,0.68700000000000000,0.6426709155856364,0.7070,0.6769,0.6870,0.6427
745825,5/12/2024,0.74500000000000000,0.7726986385985719,0.6799999999999999,0.6233813357469513,0.7450,0.7727,0.6800,0.6234
745826,5/13/2024,0.76300000000000000,0.6208322863928996,0.68300000000000000,0.6577567716970703,0.7630,0.6208,0.6830,0.6578
745827,5/10/2024,0.74700000000000000,0.6072865136462259,0.68700000000000000,0.7350772991706894,0.7470,0.6073,0.6870,0.7351
745828,5/11/2024,0.74700000000000000,0.6024284880326911,0.68700000000000000,0.5468001949317738,0.7470,0.6024,0.6870,0.5468
745829,5/1/2024,0.7090000000000001,0.57445329606335900,0.69600000000000000,0.61941575246132200,0.7090,0.5745,0.6960,0.6194
745830,5/2/2024,0.70200000000000000,0.66245085152116400,0.68700000000000000,0.7291167023152838,0.7020,0.6625,0.6870,0.7291
745831,4/30/2024,0.71600000000000000,0.6218440999138675,0.6990000000000001,0.6484224664224665,0.7160,0.6218,0.6990,0.6484
745832,4/29/2024,0.7250000000000001,0.6499436936936936,0.70800000000000000,0.6601748775802829,0.7250,0.6499,0.7080,0.6602
745833,4/27/2024,0.64500000000000000,0.5897309368191721,0.7130000000000001,0.7294186948853616,0.6450,0.5897,0.7130,0.7294
745834,4/28/2024,0.64900000000000000,0.7498167720566096,0.70800000000000000,0.7431593689986282,0.6490,0.7498,0.7080,0.7432
745835,4/26/2024,0.64500000000000000,0.8239461972260326,0.71400000000000000,0.5719259259259258,0.6450,0.8239,0.7140,0.5719
745836,4/17/2024,0.7090000000000001,0.58200000000000000,0.7030000000000001,0.71200000000000000,0.7090,0.5820,0.7030,0.7120
745837,4/16/2024,0.7210000000000001,0.6990000000000001,0.7150000000000001,0.76200000000000000,0.7210,0.6990,0.7150,0.7620
745838,4/12/2024,0.77300000000000000,0.41700000000000004,0.68300000000000000,0.79000000000000000,0.7730,0.4170,0.6830,0.7900
745839,4/13/2024,0.74900000000000000,0.5660000000000001,0.7050000000000001,0.35800000000000000,0.7490,0.5660,0.7050,0.3580
745840,4/15/2024,0.73900000000000000,0.62400000000000000,0.71400000000000000,0.71600000000000000,0.7390,0.6240,0.7140,0.7160
745841,4/14/2024,0.76100000000000000,0.63500000000000000,0.71600000000000000,0.41100000000000003,0.7610,0.6350,0.7160,0.4110
745842,4/1/2024,0.69400000000000000,0.69400000000000000,0.5980000000000001,0.5980000000000001,0.6940,0.6940,0.5980,0.5980
745843,4/4/2024,0.6359999999999999,0.6359999999999999,0.5509999999999999,0.5509999999999999,0.6360,0.6360,0.5510,0.5510
745844,4/4/2024,0.6359999999999999,0.6359999999999999,0.5509999999999999,0.5509999999999999,0.6360,0.6360,0.5510,0.5510
745845,3/31/2024,0.74600000000000000,0.74600000000000000,0.64200000000000000,0.64200000000000000,0.7460,0.7460,0.6420,0.6420
745846,9/29/2024,0.75400000000000000,0.7185707188128161,0.72900000000000000,0.6911085821674587,0.7540,0.7186,0.7290,0.6911
745847,9/28/2024,0.75000000000000000,0.7577763760436271,0.73200000000000000,0.71890647319461800,0.7500,0.7578,0.7320,0.7189
745848,3/29/2024,0.70600000000000000,1.00000000000000000,0.72500000000000000,1.00000000000000000,0.7060,1.0000,0.7250,1.0000
745849,9/28/2024,0.75000000000000000,0.7320465167137645,0.73200000000000000,0.7987704225232091,0.7500,0.7320,0.7320,0.7988
745850,3/30/2024,0.6890000000000001,0.6890000000000001,0.25100000000000000,0.25100000000000000,0.6890,0.6890,0.2510,0.2510
745851,9/24/2024,0.67300000000000000,0.7551069079038502,0.73300000000000000,0.6784926104289575,0.6730,0.7551,0.7330,0.6785
745852,9/15/2024,0.7030000000000001,0.6137678279043761,0.74100000000000000,0.7513719870067278,0.7030,0.6138,0.7410,0.7514
745853,9/26/2024,0.67500000000000000,0.8029096387237842,0.73200000000000000,0.7403370542768624,0.6750,0.8029,0.7320,0.7403
745854,9/25/2024,0.6739999999999999,0.7713975735853345,0.73200000000000000,0.7046912768351037,0.6740,0.7714,0.7320,0.7047
745855,9/14/2024,0.69800000000000000,0.7684434354399778,0.74400000000000000,0.6795715318675413,0.6980,0.7684,0.7440,0.6796
745856,9/10/2024,0.67500000000000000,0.7605947188644513,0.74100000000000000,0.7025586100773242,0.6750,0.7606,0.7410,0.7026
745857,9/11/2024,0.67500000000000000,0.8094053515270985,0.74200000000000000,0.8126720990942773,0.6750,0.8094,0.7420,0.8127
745858,9/14/2024,0.69800000000000000,0.6810144781117375,0.74400000000000000,0.7015278093126738,0.6980,0.6810,0.7440,0.7015
745859,8/31/2024,0.70600000000000000,0.7054576980967442,0.75300000000000000,0.67706088990279700,0.7060,0.7055,0.7530,0.6771
745860,9/9/2024,0.67300000000000000,0.7590364777454637,0.74200000000000000,0.7343203212958972,0.6730,0.7590,0.7420,0.7343
745861,9/1/2024,0.71200000000000000,0.7038781217818678,0.74900000000000000,0.6863019548894203,0.7120,0.7039,0.7490,0.6863
745862,8/31/2024,0.70600000000000000,0.70063196786483700,0.75300000000000000,0.7044696290872727,0.7060,0.7006,0.7530,0.7045
745863,8/25/2024,0.7010000000000001,0.6917760985918482,0.75500000000000000,0.6836130974535632,0.7010,0.6918,0.7550,0.6836
745864,8/27/2024,0.72500000000000000,0.6651008952249226,0.75400000000000000,0.6859225259149724,0.7250,0.6651,0.7540,0.6859
745865,8/26/2024,0.72200000000000000,0.6386000071309441,0.75400000000000000,0.6706003487201886,0.7220,0.6386,0.7540,0.6706
745866,8/28/2024,0.72500000000000000,0.6195452624625719,0.75400000000000000,0.7656844740295182,0.7250,0.6195,0.7540,0.7657
745867,8/13/2024,0.72900000000000000,0.6332128743706826,0.75400000000000000,0.7417452130795892,0.7290,0.6332,0.7540,0.7417
745868,8/24/2024,0.70000000000000000,0.69531608357548800,0.75600000000000000,0.7087314584244291,0.7000,0.6953,0.7560,0.7087
745869,8/14/2024,0.72800000000000000,0.65222265622707000,0.75900000000000000,0.7940090478334743,0.7280,0.6522,0.7590,0.7940
745870,8/24/2024,0.70000000000000000,0.6894331771016848,0.75600000000000000,0.7702035311446371,0.7000,0.6894,0.7560,0.7702
745871,8/10/2024,0.7130000000000001,0.7412532104034795,0.75500000000000000,0.7799598704468955,0.7130,0.7413,0.7550,0.7800
745872,8/11/2024,0.71000000000000000,0.7162291189517851,0.75300000000000000,0.7910592111254708,0.7100,0.7162,0.7530,0.7911
745873,8/10/2024,0.7130000000000001,0.7708298488631915,0.75500000000000000,0.6807925505748873,0.7130,0.7708,0.7550,0.6808
745874,8/12/2024,0.73000000000000000,0.6742391191157282,0.75400000000000000,0.7110572204967132,0.7300,0.6742,0.7540,0.7111
745875,8/3/2024,0.62100000000000000,0.7761629042487007,0.75000000000000000,0.6783060792029598,0.6210,0.7762,0.7500,0.6783
745876,8/3/2024,0.62100000000000000,0.6592711145981867,0.75000000000000000,0.6806736345684513,0.6210,0.6593,0.7500,0.6807
745877,7/24/2024,0.75300000000000000,0.6449528471653917,0.75000000000000000,0.7276203178679961,0.7530,0.6450,0.7500,0.7276
745878,7/23/2024,0.75400000000000000,0.6044270520991947,0.75300000000000000,0.6756649366408171,0.7540,0.6044,0.7530,0.6757
745879,8/4/2024,0.6180000000000001,0.7646273951133913,0.75500000000000000,0.67735574092086500,0.6180,0.7646,0.7550,0.6774
745880,7/20/2024,0.73400000000000000,0.6650511927533953,0.75400000000000000,0.7187431377160909,0.7340,0.6651,0.7540,0.7187
745881,7/22/2024,0.75800000000000000,0.62459527259495100,0.75200000000000000,0.7112057258392638,0.7580,0.6246,0.7520,0.7112
745882,7/21/2024,0.7330000000000001,0.7250427986708107,0.75000000000000000,0.6874508916458417,0.7330,0.7250,0.7500,0.6875
745883,7/7/2024,0.75100000000000000,0.7737906469056663,0.75800000000000000,0.6826526075645731,0.7510,0.7738,0.7580,0.6827
745884,7/6/2024,0.74800000000000000,0.7004654420999903,0.74800000000000000,0.7198172652628229,0.7480,0.7005,0.7480,0.7198
745885,7/6/2024,0.74800000000000000,0.7206449962721697,0.74800000000000000,0.6752384646491572,0.7480,0.7206,0.7480,0.6752
745886,7/2/2024,0.66300000000000000,0.6215899360895245,0.74200000000000000,0.6776929018988044,0.6630,0.6216,0.7420,0.6777
745887,6/19/2024,0.66500000000000000,0.7081395780164585,0.73300000000000000,0.6707485574490041,0.6650,0.7081,0.7330,0.6707
745888,7/4/2024,0.6619999999999999,0.9153106125139436,0.74400000000000000,0.7917664108424052,0.6620,0.9153,0.7440,0.7918
745889,6/20/2024,0.66500000000000000,0.7579937976065974,0.73200000000000000,0.6849723586744639,0.6650,0.7580,0.7320,0.6850
745890,7/4/2024,0.6619999999999999,0.7459420275659414,0.74400000000000000,0.7137961052825391,0.6620,0.7459,0.7440,0.7138
745891,6/16/2024,0.6599999999999999,0.7404035700387633,0.7170000000000001,0.7406073697984181,0.6600,0.7404,0.7170,0.7406
745892,6/15/2024,0.6679999999999999,0.6958012628252565,0.74400000000000000,0.6828166066744796,0.6680,0.6958,0.7440,0.6828
745893,6/18/2024,0.66300000000000000,0.7558441625666467,0.73000000000000000,0.7392750467736086,0.6630,0.7558,0.7300,0.7393
745894,6/13/2024,0.66500000000000000,0.7008275878129078,0.71400000000000000,0.6798496887415433,0.6650,0.7008,0.7140,0.6798
745895,6/16/2024,0.6599999999999999,0.7121774265987524,0.7170000000000001,0.7433975513970223,0.6600,0.7122,0.7170,0.7434
745896,6/12/2024,0.68500000000000000,0.7142489827052383,0.70000000000000000,0.7385000155984827,0.6850,0.7142,0.7000,0.7385
745897,6/10/2024,0.68800000000000000,0.7381546061111277,0.6990000000000001,0.74133017442243500,0.6880,0.7382,0.6990,0.7413
745898,5/30/2024,0.72400000000000000,0.38269084146908416,0.70000000000000000,0.7267853429694433,0.7240,0.3827,0.7000,0.7268
745899,6/11/2024,0.6839999999999999,0.7141545569027119,0.70000000000000000,0.8787524491333836,0.6840,0.7142,0.7000,0.8788
745900,5/29/2024,0.72200000000000000,0.6027426553837134,0.7030000000000001,0.6796744191849875,0.7220,0.6027,0.7030,0.6797
745901,5/25/2024,0.70000000000000000,0.6806951523545706,0.7050000000000001,0.7301412860713474,0.7000,0.6807,0.7050,0.7301
745902,5/26/2024,0.6970000000000001,0.68305799399399400,0.7070000000000001,0.69514389291689900,0.6970,0.6831,0.7070,0.6951
745903,5/28/2024,0.72600000000000000,0.6005334730204344,0.7010000000000001,0.6470573086688429,0.7260,0.6005,0.7010,0.6471
745904,5/27/2024,0.72900000000000000,0.6121079451444571,0.7010000000000001,0.6547606962069205,0.7290,0.6121,0.7010,0.6548
745905,5/24/2024,0.7030000000000001,0.64042762645914400,0.7010000000000001,0.6780518171335044,0.7030,0.6404,0.7010,0.6781
745906,5/8/2024,0.6679999999999999,0.6228621781460094,0.7190000000000001,0.7341346215780998,0.6680,0.6229,0.7190,0.7341
745907,5/16/2024,0.75900000000000000,0.71228533981741200,0.7150000000000001,0.6588821890996688,0.7590,0.7123,0.7150,0.6589
745908,5/15/2024,0.75500000000000000,0.7498205125554461,0.72300000000000000,0.6510602456449169,0.7550,0.7498,0.7230,0.6511
745909,5/14/2024,0.75200000000000000,0.7272637372627555,0.72700000000000000,0.7236412920554142,0.7520,0.7273,0.7270,0.7236
745910,5/9/2024,0.6679999999999999,0.5474491520389675,0.7230000000000001,0.6826295219638243,0.6680,0.5474,0.7230,0.6826
745911,5/4/2024,0.74600000000000000,0.45564458496436816,0.75100000000000000,0.6982121962155861,0.7460,0.4556,0.7510,0.6982
745912,5/6/2024,0.66900000000000000,0.67195301280837900,0.7230000000000001,0.6637875864579541,0.6690,0.6720,0.7230,0.6638
745913,5/5/2024,0.72400000000000000,0.5550483790023085,0.7230000000000001,0.6769413998188192,0.7240,0.5550,0.7230,0.6769
745914,5/4/2024,0.74600000000000000,0.5441885914117675,0.75100000000000000,0.7350060267897062,0.7460,0.5442,0.7510,0.7350
745915,5/7/2024,0.65900000000000000,0.6772806593586196,0.7170000000000001,0.6966601100895049,0.6590,0.6773,0.7170,0.6967
745916,4/22/2024,0.5529999999999999,0.6148816803380562,0.61200000000000000,1.02300000000000000,0.5530,0.6149,0.6120,1.0230
745917,4/23/2024,0.5489999999999999,0.7686905294556301,0.62600000000000000,0.61200000000000000,0.5490,0.7687,0.6260,0.6120
745918,4/25/2024,0.5549999999999999,0.8213882642163381,0.6539999999999999,0.4048480589022757,0.5550,0.8214,0.6540,0.4048
745919,4/24/2024,0.5569999999999999,0.7208607636333905,0.6359999999999999,0.6520888888888889,0.5570,0.7209,0.6360,0.6521
745920,4/21/2024,0.63400000000000000,0.62000000000000000,0.61100000000000000,1.05300000000000000,0.6340,0.6200,0.6110,1.0530
745921,4/20/2024,0.68300000000000000,0.69400000000000000,0.74100000000000000,0.92100000000000000,0.6830,0.6940,0.7410,0.9210
745922,4/20/2024,0.68300000000000000,0.70800000000000000,0.74100000000000000,0.65100000000000000,0.6830,0.7080,0.7410,0.6510
745923,4/10/2024,0.81300000000000000,0.62600000000000000,0.59500000000000000,1.00600000000000000,0.8130,0.6260,0.5950,1.0060
745924,4/9/2024,0.81200000000000000,0.49800000000000000,0.58000000000000000,0.9850000000000001,0.8120,0.4980,0.5800,0.9850
745925,4/8/2024,0.80700000000000000,0.61300000000000000,0.61100000000000000,2.3289999999999997,0.8070,0.6130,0.6110,2.3290
745926,4/6/2024,0.76200000000000000,0.90700000000000000,0.63500000000000000,0.46300000000000000,0.7620,0.9070,0.6350,0.4630
745927,8/9/2024,0.7150000000000001,0.8406411577889514,0.75400000000000000,0.6762033723540393,0.7150,0.8406,0.7540,0.6762
745928,4/4/2024,0.7889999999999999,0.9119999999999999,0.63400000000000000,0.54200000000000000,0.7890,0.9120,0.6340,0.5420
745929,9/22/2024,0.78200000000000000,0.82951763618877000,0.73200000000000000,0.7014607646153646,0.7820,0.8295,0.7320,0.7015
745930,9/28/2024,0.73900000000000000,0.6342077422326031,0.7330000000000001,0.71604592969680900,0.7390,0.6342,0.7330,0.7160
745931,9/28/2024,0.73900000000000000,0.6930016273660464,0.7330000000000001,0.6234033965975639,0.7390,0.6930,0.7330,0.6234
745932,9/29/2024,0.73500000000000000,0.6841237755396339,0.7330000000000001,0.7251817385415249,0.7350,0.6841,0.7330,0.7252
745933,9/18/2024,0.75400000000000000,0.7085937321771147,0.73700000000000000,0.6916763334988889,0.7540,0.7086,0.7370,0.6917
745934,9/21/2024,0.78200000000000000,0.7305601281244392,0.7330000000000001,0.7234605934528491,0.7820,0.7306,0.7330,0.7235
745935,9/17/2024,0.75400000000000000,0.6261049876503343,0.73900000000000000,0.7048491156099354,0.7540,0.6261,0.7390,0.7048
745936,9/21/2024,0.78200000000000000,0.7593586631705171,0.7330000000000001,0.7290061256620362,0.7820,0.7594,0.7330,0.7290
745937,9/19/2024,0.78200000000000000,0.7537182718900889,0.73700000000000000,0.6837226342353566,0.7820,0.7537,0.7370,0.6837
745938,9/4/2024,0.70800000000000000,0.6993877617395465,0.74100000000000000,0.7045027790066665,0.7080,0.6994,0.7410,0.7045
745939,9/16/2024,0.75400000000000000,0.6684305673187678,0.73900000000000000,0.7314463179515623,0.7540,0.6684,0.7390,0.7314
745940,9/8/2024,0.70400000000000000,0.8265161324524565,0.73900000000000000,0.6860565824868741,0.7040,0.8265,0.7390,0.6861
745941,9/6/2024,0.7070000000000001,0.8072032168507205,0.74000000000000000,0.71457095627380900,0.7070,0.8072,0.7400,0.7146
745942,9/7/2024,0.7050000000000001,0.8974476486550553,0.7370000000000001,0.6879159831932251,0.7050,0.8974,0.7370,0.6879
745943,8/29/2024,0.71000000000000000,0.71825551175734100,0.7370000000000001,0.6895446752089351,0.7100,0.7183,0.7370,0.6895
745944,9/3/2024,0.70800000000000000,0.7900840051631474,0.74200000000000000,0.7263383118438226,0.7080,0.7901,0.7420,0.7263
745945,8/29/2024,0.71000000000000000,0.7144097144115618,0.7370000000000001,0.7437800596631945,0.7100,0.7144,0.7370,0.7438
745946,8/28/2024,0.71000000000000000,0.6545820008778146,0.7370000000000001,0.6756558290695911,0.7100,0.6546,0.7370,0.6757
745947,9/2/2024,0.70800000000000000,0.68488905031781900,0.74000000000000000,0.67722604472594900,0.7080,0.6849,0.7400,0.6772
745948,8/18/2024,0.71000000000000000,0.7593425719975505,0.73800000000000000,0.7059395996825504,0.7100,0.7593,0.7380,0.7059
745949,8/17/2024,0.7130000000000001,0.7459510345867782,0.7390000000000001,0.7535502913277601,0.7130,0.7460,0.7390,0.7536
745950,8/15/2024,0.76800000000000000,0.66561601982772200,0.7390000000000001,0.6709919846356232,0.7680,0.6656,0.7390,0.6710
745951,8/15/2024,0.76800000000000000,0.7883599241575632,0.7390000000000001,0.7367121353452217,0.7680,0.7884,0.7390,0.7367
745952,8/17/2024,0.7130000000000001,0.7238689034411521,0.7390000000000001,0.6944536911805038,0.7130,0.7239,0.7390,0.6945
745953,8/13/2024,0.76700000000000000,0.7495894789667525,0.74200000000000000,0.6887802921557098,0.7670,0.7496,0.7420,0.6888
745954,8/14/2024,0.76500000000000000,0.7200619734281162,0.7410000000000001,0.6848066431986912,0.7650,0.7201,0.7410,0.6848
745955,8/10/2024,0.70600000000000000,0.6716845889506204,0.74500000000000000,0.6795412447869843,0.7060,0.6717,0.7450,0.6795
745956,8/11/2024,0.7030000000000001,0.6828625229736109,0.74300000000000000,0.8371490495607381,0.7030,0.6829,0.7430,0.8371
745957,8/10/2024,0.70600000000000000,0.6944710278285375,0.74500000000000000,0.7420802626928888,0.7060,0.6945,0.7450,0.7421
745958,7/31/2024,0.7090000000000001,0.75586101636693900,0.7350000000000001,0.6778674446824278,0.7090,0.7559,0.7350,0.6779
745959,7/30/2024,0.7090000000000001,0.5161038455086266,0.7330000000000001,0.6813040138029121,0.7090,0.5161,0.7330,0.6813
745960,7/31/2024,0.7090000000000001,0.5981269372590843,0.7350000000000001,0.6692034644328574,0.7090,0.5981,0.7350,0.6692
745961,7/28/2024,0.6539999999999999,0.7368894358655398,0.73000000000000000,0.6663586382380905,0.6540,0.7369,0.7300,0.6664
745962,7/14/2024,0.68100000000000000,0.6679356639260365,0.73000000000000000,0.49171093060557547,0.6810,0.6679,0.7300,0.4917
745963,7/13/2024,0.6759999999999999,0.6719952784362908,0.73400000000000000,0.7578621049033724,0.6760,0.6720,0.7340,0.7579
745964,7/27/2024,0.64700000000000000,0.7867841281517922,0.73200000000000000,0.6543594230688689,0.6470,0.7868,0.7320,0.6544
745965,7/13/2024,0.6759999999999999,1.5195027310596239,0.73400000000000000,0.6486737612003775,0.6760,1.5195,0.7340,0.6487
745966,7/27/2024,0.64700000000000000,0.6838884825262832,0.73200000000000000,0.7335106742550679,0.6470,0.6839,0.7320,0.7335
745967,7/11/2024,0.67300000000000000,0.6583036768151769,0.73400000000000000,0.7353093099355228,0.6730,0.6583,0.7340,0.7353
745968,7/10/2024,0.6679999999999999,0.7298380687325083,0.73400000000000000,0.68878152726004400,0.6680,0.7298,0.7340,0.6888
745969,7/11/2024,0.67300000000000000,0.7799447034173186,0.73400000000000000,0.68132110558600800,0.6730,0.7799,0.7340,0.6813
745970,6/29/2024,0.7290000000000001,0.6736761149505097,0.7150000000000001,0.6962408037265218,0.7290,0.6737,0.7150,0.6962
745971,6/30/2024,0.68500000000000000,0.7645253536109642,0.7310000000000001,0.6531232180383186,0.6850,0.7645,0.7310,0.6531
745972,6/29/2024,0.7290000000000001,0.6480307328094346,0.7150000000000001,0.6556600925958209,0.7290,0.6480,0.7150,0.6557
745973,6/26/2024,0.6799999999999999,0.7013632077606061,0.73200000000000000,0.6737057274114857,0.6800,0.7014,0.7320,0.6737
745974,6/25/2024,0.75600000000000000,0.6626523128483721,0.7150000000000001,0.6567022662634976,0.7560,0.6627,0.7150,0.6567
745975,6/26/2024,0.6799999999999999,0.6554938299018966,0.73200000000000000,0.68814293006381000,0.6800,0.6555,0.7320,0.6881
745976,6/15/2024,0.73000000000000000,0.7091375751765013,0.71600000000000000,0.5688222642692986,0.7300,0.7091,0.7160,0.5688
745977,6/16/2024,0.6819999999999999,0.7103768838067936,0.73400000000000000,0.6895089058938184,0.6820,0.7104,0.7340,0.6895
745978,6/12/2024,0.6779999999999999,0.6917037941800181,0.74000000000000000,0.7083520182263254,0.6780,0.6917,0.7400,0.7084
745979,6/15/2024,0.73000000000000000,0.6702901282263913,0.71600000000000000,0.6731182846214332,0.7300,0.6703,0.7160,0.6731
745980,6/1/2024,0.6599999999999999,0.6614745598419596,0.7190000000000001,0.5952958191960435,0.6600,0.6615,0.7190,0.5953
745981,6/12/2024,0.6779999999999999,0.6787547888490835,0.74000000000000000,0.7534450016259477,0.6780,0.6788,0.7400,0.7534
745982,6/11/2024,0.72800000000000000,0.6885619176760598,0.71600000000000000,0.6957849380713893,0.7280,0.6886,0.7160,0.6958
745983,6/1/2024,0.6599999999999999,0.6862493955603911,0.7190000000000001,0.7647379788575903,0.6600,0.6862,0.7190,0.7647
745984,6/2/2024,0.6080000000000001,0.80858400642754400,0.75300000000000000,0.6551803642000218,0.6080,0.8086,0.7530,0.6552
745985,5/30/2024,0.67500000000000000,0.67393828131218600,0.74500000000000000,0.7152928987914916,0.6750,0.6739,0.7450,0.7153
745986,5/27/2024,0.6819999999999999,0.7330775132528287,0.75000000000000000,0.6336542349607035,0.6820,0.7331,0.7500,0.6337
745987,5/28/2024,0.6759999999999999,0.6194403607356411,0.74900000000000000,0.6642215882768878,0.6760,0.6194,0.7490,0.6642
745988,5/29/2024,0.6759999999999999,0.5628024595217608,0.74000000000000000,0.6897944407766662,0.6760,0.5628,0.7400,0.6898
745989,5/14/2024,0.6579999999999999,0.7554740651387213,0.75400000000000000,0.6834559765483754,0.6580,0.7555,0.7540,0.6835
745990,5/12/2024,0.63600000000000000,0.8135943019943019,0.75800000000000000,0.6083907584292596,0.6360,0.8136,0.7580,0.6084
745991,5/13/2024,0.64800000000000000,0.7304392142553062,0.75200000000000000,0.6726539903746975,0.6480,0.7304,0.7520,0.6727
745992,5/15/2024,0.65500000000000000,0.7238145200465012,0.75500000000000000,0.41005714228328105,0.6550,0.7238,0.7550,0.4101
745993,5/11/2024,0.7230000000000001,0.73654470899470900,0.71600000000000000,0.3907146705853539,0.7230,0.7365,0.7160,0.3907
745994,5/11/2024,0.7230000000000001,0.70835326207971500,0.71600000000000000,0.6168993107457234,0.7230,0.7084,0.7160,0.6169
745995,5/9/2024,0.63900000000000000,0.5818488121348823,0.74600000000000000,0.7556320878400525,0.6390,0.5818,0.7460,0.7556
745996,5/1/2024,0.66300000000000000,0.7028773690078037,0.75900000000000000,0.6784477732531835,0.6630,0.7029,0.7590,0.6784
745997,4/30/2024,0.66900000000000000,0.76082296296296300,0.75400000000000000,0.6217779340521956,0.6690,0.7608,0.7540,0.6218
745998,4/27/2024,0.70400000000000000,0.6825978672170623,0.71400000000000000,0.6542883597883599,0.7040,0.6826,0.7140,0.6543
745999,4/29/2024,0.6739999999999999,0.6420213690988884,0.76700000000000000,0.6986410608139003,0.6740,0.6420,0.7670,0.6986
746000,4/27/2024,0.70400000000000000,0.6515046370967743,0.71400000000000000,0.6817101851851852,0.7040,0.6515,0.7140,0.6817
746001,4/28/2024,0.73400000000000000,0.6922775219087827,0.75800000000000000,0.65723090992226800,0.7340,0.6923,0.7580,0.6572
746002,4/15/2024,0.75900000000000000,0.8300000000000001,0.84100000000000000,0.50600000000000000,0.7590,0.8300,0.8410,0.5060
746003,4/7/2024,0.5900000000000001,0.6539999999999999,0.74600000000000000,0.61800000000000000,0.5900,0.6540,0.7460,0.6180
746004,4/16/2024,0.75500000000000000,0.47900000000000000,0.83600000000000000,0.37700000000000000,0.7550,0.4790,0.8360,0.3770
746005,4/17/2024,0.75600000000000000,0.76900000000000000,0.82100000000000000,0.89800000000000000,0.7560,0.7690,0.8210,0.8980
746006,4/6/2024,0.72800000000000000,0.96400000000000000,0.7090000000000001,0.9790000000000001,0.7280,0.9640,0.7090,0.9790
746007,4/6/2024,0.72800000000000000,0.65000000000000000,0.7090000000000001,0.44000000000000000,0.7280,0.6500,0.7090,0.4400
746008,4/3/2024,0.56300000000000000,0.56300000000000000,0.75500000000000000,0.75500000000000000,0.5630,0.5630,0.7550,0.7550
746009,4/2/2024,0.62900000000000000,0.62900000000000000,0.76200000000000000,0.76200000000000000,0.6290,0.6290,0.7620,0.7620
746010,9/22/2024,0.72600000000000000,0.6830462217040754,0.67100000000000000,0.9451553601752563,0.7260,0.6830,0.6710,0.9452
746011,9/19/2024,0.77200000000000000,0.6832620707975354,0.67100000000000000,0.75493896930049200,0.7720,0.6833,0.6710,0.7549
746012,9/21/2024,0.72500000000000000,0.6457104150700455,0.67300000000000000,0.7797223489185214,0.7250,0.6457,0.6730,0.7797
746013,9/20/2024,0.72500000000000000,0.7209706295361729,0.6719999999999999,0.7893865468797696,0.7250,0.7210,0.6720,0.7894
746014,9/18/2024,0.77200000000000000,0.7240428833155554,0.6719999999999999,0.7234440874858463,0.7720,0.7240,0.6720,0.7234
746015,9/17/2024,0.77000000000000000,0.8323207392158785,0.6679999999999999,0.9364160897841185,0.7700,0.8323,0.6680,0.9364
746016,9/6/2024,0.75400000000000000,0.6269039896998211,0.6679999999999999,0.7824933716929254,0.7540,0.6269,0.6680,0.7825
746017,9/8/2024,0.75800000000000000,0.7146329399917152,0.67100000000000000,0.7886078220081609,0.7580,0.7146,0.6710,0.7886
746018,9/7/2024,0.75800000000000000,0.69211863453598000,0.66700000000000000,1.0057220172618164,0.7580,0.6921,0.6670,1.0057
746019,9/4/2024,0.6930000000000001,0.7476372426219557,0.67100000000000000,0.8143277045467094,0.6930,0.7476,0.6710,0.8143
746020,9/3/2024,0.6910000000000001,0.7761645178897003,0.67100000000000000,0.8372896672251755,0.6910,0.7762,0.6710,0.8373
746021,9/5/2024,0.75400000000000000,0.6560122440768607,0.6699999999999999,0.6817080316905655,0.7540,0.6560,0.6700,0.6817
746022,8/24/2024,0.6970000000000001,0.6698673699597237,0.66500000000000000,0.6997727969638254,0.6970,0.6699,0.6650,0.6998
746023,8/25/2024,0.7030000000000001,0.69590272204355000,0.6639999999999999,0.8671807995318004,0.7030,0.6959,0.6640,0.8672
746024,8/23/2024,0.6950000000000001,0.7506308830294317,0.6639999999999999,0.8352141619670603,0.6950,0.7506,0.6640,0.8352
746025,8/11/2024,0.74400000000000000,0.6466996010114243,0.6579999999999999,0.8235107729778982,0.7440,0.6467,0.6580,0.8235
746026,8/10/2024,0.74300000000000000,0.6936330967975998,0.6559999999999999,0.8328417017698919,0.7430,0.6936,0.6560,0.8328
746027,8/19/2024,0.76700000000000000,0.7084997389506227,0.6599999999999999,0.7201174283127336,0.7670,0.7085,0.6600,0.7201
746028,8/21/2024,0.76600000000000000,0.8121620969895533,0.66100000000000000,0.8270551990111839,0.7660,0.8122,0.6610,0.8271
746029,8/20/2024,0.76800000000000000,0.7539585614207999,0.66100000000000000,0.7844502930932105,0.7680,0.7540,0.6610,0.7845
746030,8/8/2024,0.70600000000000000,0.6210709690322401,0.6579999999999999,0.8086798055401323,0.7060,0.6211,0.6580,0.8087
746031,8/7/2024,0.7050000000000001,0.7174692464881351,0.65700000000000000,0.7051936638760634,0.7050,0.7175,0.6570,0.7052
746032,8/9/2024,0.74200000000000000,0.7980852920616222,0.65700000000000000,0.7915200582524857,0.7420,0.7981,0.6570,0.7915
746033,8/6/2024,0.70200000000000000,0.6910479114658464,0.6579999999999999,0.78125085165431000,0.7020,0.6910,0.6580,0.7813
746034,7/22/2024,0.73900000000000000,0.7137245259705762,0.64100000000000000,0.8571286901605453,0.7390,0.7137,0.6410,0.8571
746035,7/24/2024,0.76900000000000000,0.72997346859251200,0.6459999999999999,0.8271194066166686,0.7690,0.7300,0.6460,0.8271
746036,7/23/2024,0.77000000000000000,0.6729178378899154,0.6439999999999999,0.6834163327551481,0.7700,0.6729,0.6440,0.6834
746037,7/25/2024,0.76600000000000000,0.6367282335650815,0.64700000000000000,0.8051704975793779,0.7660,0.6367,0.6470,0.8052
746038,8/5/2024,0.6970000000000001,0.6815625406943485,0.65700000000000000,0.8165595092179059,0.6970,0.6816,0.6570,0.8166
746039,7/7/2024,0.63300000000000000,0.7572631257838489,0.63100000000000000,0.7582720888137142,0.6330,0.7573,0.6310,0.7583
746040,7/19/2024,0.74300000000000000,0.6614979603736395,0.63900000000000000,0.81957186172637100,0.7430,0.6615,0.6390,0.8196
746041,7/20/2024,0.74400000000000000,0.6676274398681714,0.64100000000000000,0.81854229300280900,0.7440,0.6676,0.6410,0.8185
746042,7/21/2024,0.74200000000000000,0.6959550593682473,0.63900000000000000,0.7901222621169917,0.7420,0.6960,0.6390,0.7901
746043,7/4/2024,0.74700000000000000,0.7212960936608478,0.63100000000000000,0.7119504680774098,0.7470,0.7213,0.6310,0.7120
746044,7/6/2024,0.63500000000000000,0.6331445704540948,0.63000000000000000,0.8220479971421146,0.6350,0.6331,0.6300,0.8220
746045,7/3/2024,0.74600000000000000,0.7413975662025754,0.63200000000000000,0.7862726238233468,0.7460,0.7414,0.6320,0.7863
746046,7/5/2024,0.6339999999999999,0.6650147658062502,0.63100000000000000,0.5307943673826968,0.6340,0.6650,0.6310,0.5308
746047,7/2/2024,0.74400000000000000,0.6767837829129517,0.6319999999999999,0.5295855172537316,0.7440,0.6768,0.6320,0.5296
746048,6/22/2024,0.66900000000000000,0.5943447482542068,0.6379999999999999,0.9765282741183172,0.6690,0.5943,0.6380,0.9765
746049,6/18/2024,0.6779999999999999,0.7019952802077152,0.63300000000000000,0.7650959862143308,0.6780,0.7020,0.6330,0.7651
746050,6/19/2024,0.6799999999999999,0.6890441653591589,0.63700000000000000,0.6929661414491239,0.6800,0.6890,0.6370,0.6930
746051,6/23/2024,0.67300000000000000,0.5989157448377581,0.6339999999999999,0.4439110333617754,0.6730,0.5989,0.6340,0.4439
746052,6/21/2024,0.67100000000000000,0.6238546551634225,0.6379999999999999,0.7985016507837732,0.6710,0.6239,0.6380,0.7985
746053,6/7/2024,0.7130000000000001,0.8329135988297564,0.6419999999999999,0.6896650519329959,0.7130,0.8329,0.6420,0.6897
746054,6/9/2024,0.7190000000000001,0.8084340805296631,0.6399999999999999,0.7965648318152382,0.7190,0.8084,0.6400,0.7966
746055,6/17/2024,0.6779999999999999,0.63628927891646100,0.6319999999999999,0.7528208533193672,0.6780,0.6363,0.6320,0.7528
746056,6/5/2024,0.66900000000000000,0.7311650714079134,0.64500000000000000,0.6775612296291673,0.6690,0.7312,0.6450,0.6776
746057,6/8/2024,0.7130000000000001,0.7405024788057785,0.6439999999999999,0.7819315726907814,0.7130,0.7405,0.6440,0.7819
746058,5/21/2024,0.75600000000000000,0.5297696856520385,0.6399999999999999,0.7982282595325954,0.7560,0.5298,0.6400,0.7982
746059,5/31/2024,0.69800000000000000,0.6874207220607127,0.64100000000000000,0.7525789613262301,0.6980,0.6874,0.6410,0.7526
746060,6/4/2024,0.66500000000000000,0.64736695199313000,0.6419999999999999,0.6927978730120621,0.6650,0.6474,0.6420,0.6928
746061,6/2/2024,0.69800000000000000,0.7207923480163163,0.6459999999999999,0.7933696486191214,0.6980,0.7208,0.6460,0.7934
746062,6/1/2024,0.69600000000000000,0.6632085327601193,0.6479999999999999,0.6792620041206614,0.6960,0.6632,0.6480,0.6793
746063,5/22/2024,0.75800000000000000,0.6666663344959309,0.6419999999999999,0.7290567304699658,0.7580,0.6667,0.6420,0.7291
746064,5/19/2024,0.6719999999999999,0.6380059291222182,0.6379999999999999,0.75945048751664900,0.6720,0.6380,0.6380,0.7595
746065,5/17/2024,0.6739999999999999,0.6248500524730132,0.6220000000000001,0.7610680155882616,0.6740,0.6249,0.6220,0.7611
746066,5/20/2024,0.76100000000000000,0.6874222538103134,0.6399999999999999,0.7147375630599092,0.7610,0.6874,0.6400,0.7147
746067,5/18/2024,0.6679999999999999,0.6250657333417453,0.6299999999999999,0.7647290893497275,0.6680,0.6251,0.6300,0.7647
746068,5/12/2024,0.76500000000000000,0.5240541479661279,0.62600000000000000,0.6934105663863405,0.7650,0.5241,0.6260,0.6934
746069,5/11/2024,0.76500000000000000,0.75765166000603500,0.61900000000000000,0.8099810619326971,0.7650,0.7577,0.6190,0.8100
746070,5/2/2024,0.6759999999999999,0.7140548302872062,0.61000000000000000,0.7326309954205833,0.6760,0.7141,0.6100,0.7326
746071,5/10/2024,0.75500000000000000,0.49735085506626764,0.62100000000000000,0.8193996861000694,0.7550,0.4974,0.6210,0.8194
746072,5/1/2024,0.68500000000000000,0.8084957720277355,0.6100000000000001,0.6944833694866233,0.6850,0.8085,0.6100,0.6945
746073,4/30/2024,0.68700000000000000,0.8465374063522213,0.6080000000000001,0.8297206555796577,0.6870,0.8465,0.6080,0.8297
746074,4/29/2024,0.6990000000000001,0.7655643658415969,0.61500000000000000,0.7750068692277527,0.6990,0.7656,0.6150,0.7750
746075,4/27/2024,0.67300000000000000,0.51088534522176500,0.58900000000000000,0.7222088213569695,0.6730,0.5109,0.5890,0.7222
746076,4/17/2024,0.70400000000000000,0.63100000000000000,0.60600000000000000,0.8420000000000001,0.7040,0.6310,0.6060,0.8420
746077,4/28/2024,0.6859999999999999,0.81501477895599600,0.6000000000000001,0.7504685853581821,0.6860,0.8150,0.6000,0.7505
746078,4/26/2024,0.6779999999999999,0.6425368852459017,0.5940000000000001,0.7085698005698007,0.6780,0.6425,0.5940,0.7086
746079,4/14/2024,0.85300000000000000,0.64800000000000000,0.57900000000000000,0.9249999999999999,0.8530,0.6480,0.5790,0.9250
746080,4/15/2024,0.7050000000000001,0.8089999999999999,0.5940000000000001,0.5940000000000001,0.7050,0.8090,0.5940,0.5940
746081,4/16/2024,0.7010000000000001,0.51600000000000000,0.59900000000000000,0.72100000000000000,0.7010,0.5160,0.5990,0.7210
746082,4/13/2024,0.87700000000000000,0.59400000000000000,0.5700000000000001,0.53700000000000000,0.8770,0.5940,0.5700,0.5370
746083,4/3/2024,0.64100000000000000,1.15400000000000000,0.58500000000000000,1.14300000000000000,0.6410,1.1540,0.5850,1.1430
746084,4/12/2024,0.86400000000000000,1.07100000000000000,0.58100000000000000,0.79300000000000000,0.8640,1.0710,0.5810,0.7930
746085,4/1/2024,0.53300000000000000,0.53300000000000000,0.5800000000000001,0.5800000000000001,0.5330,0.5330,0.5800,0.5800
746086,4/2/2024,0.63200000000000000,0.63200000000000000,0.59600000000000000,0.56400000000000000,0.6320,0.6320,0.5960,0.5640
746087,3/30/2024,0.7889999999999999,0.7889999999999999,0.59100000000000000,0.59100000000000000,0.7890,0.7890,0.5910,0.5910
746088,9/27/2024,0.74700000000000000,0.7166452150018109,0.77800000000000000,0.8058068504216539,0.7470,0.7166,0.7780,0.8058
746089,3/28/2024,0.7090000000000001,1.00000000000000000,0.7230000000000001,1.00000000000000000,0.7090,1.0000,0.7230,1.0000
746090,3/31/2024,0.8360000000000001,0.8360000000000001,0.5289999999999999,0.5289999999999999,0.8360,0.8360,0.5290,0.5290
746091,3/29/2024,0.78200000000000000,0.78200000000000000,0.54200000000000000,0.54200000000000000,0.7820,0.7820,0.5420,0.5420
746092,9/22/2024,0.70400000000000000,0.9930166220784661,0.77700000000000000,0.6654166284732098,0.7040,0.9930,0.7770,0.6654
746093,9/25/2024,0.74900000000000000,0.6707642688481237,0.77900000000000000,0.7084674709286082,0.7490,0.6708,0.7790,0.7085
746094,9/21/2024,0.70400000000000000,0.8121466679872564,0.77600000000000000,0.6287984688416293,0.7040,0.8121,0.7760,0.6288
746095,9/26/2024,0.74900000000000000,0.64557717286976400,0.77800000000000000,0.6879915139236683,0.7490,0.6456,0.7780,0.6880
746096,9/22/2024,0.70400000000000000,0.8211510252333947,0.77700000000000000,0.8096295052134101,0.7040,0.8212,0.7770,0.8096
746097,9/11/2024,0.71000000000000000,0.65017286225533100,0.76900000000000000,0.6558487514619218,0.7100,0.6502,0.7690,0.6558
746098,9/8/2024,0.7090000000000001,0.7091002825639479,0.76800000000000000,0.6803232083883684,0.7090,0.7091,0.7680,0.6803
746099,9/8/2024,0.7090000000000001,0.7225623268322743,0.76800000000000000,0.5812684699836141,0.7090,0.7226,0.7680,0.5813
746100,9/12/2024,0.7090000000000001,0.6910641796529283,0.76900000000000000,0.8270604008864659,0.7090,0.6911,0.7690,0.8271
746101,9/10/2024,0.7070000000000001,0.7570762824167905,0.76900000000000000,0.8086291561739651,0.7070,0.7571,0.7690,0.8086
746102,8/30/2024,0.76100000000000000,0.7756534650213546,0.76400000000000000,0.8240206269605573,0.7610,0.7757,0.7640,0.8240
746103,8/29/2024,0.76300000000000000,0.6627050309324387,0.76500000000000000,0.8115174588753623,0.7630,0.6627,0.7650,0.8115
746104,9/7/2024,0.7090000000000001,0.6125217131792449,0.76800000000000000,0.6914342873999418,0.7090,0.6125,0.7680,0.6914
746105,8/28/2024,0.76300000000000000,0.7771890286067238,0.76600000000000000,0.6718812594763361,0.7630,0.7772,0.7660,0.6719
746106,8/25/2024,0.6759999999999999,0.7218054715832477,0.76700000000000000,0.7111578511428116,0.6760,0.7218,0.7670,0.7112
746107,8/21/2024,0.66700000000000000,0.6145764634298543,0.76400000000000000,0.8016904831501777,0.6670,0.6146,0.7640,0.8017
746108,8/25/2024,0.6759999999999999,0.6916839317031815,0.76700000000000000,0.6854647234361761,0.6760,0.6917,0.7670,0.6855
746109,8/20/2024,0.6699999999999999,0.5679590753026004,0.76400000000000000,0.7212754690590175,0.6700,0.5680,0.7640,0.7213
746110,8/22/2024,0.66700000000000000,0.5964356864254033,0.76600000000000000,0.6747202695583117,0.6670,0.5964,0.7660,0.6747
746111,8/24/2024,0.6759999999999999,0.7666411331919982,0.76700000000000000,0.82649594516962600,0.6760,0.7666,0.7670,0.8265
746112,8/11/2024,0.67700000000000000,0.6218627240498635,0.76500000000000000,0.6539945465080994,0.6770,0.6219,0.7650,0.6540
746113,8/10/2024,0.67500000000000000,0.6993939612857156,0.76400000000000000,0.65020191046813600,0.6750,0.6994,0.7640,0.6502
746114,8/11/2024,0.67700000000000000,0.6980540345107866,0.76500000000000000,0.64090390558413300,0.6770,0.6981,0.7650,0.6409
746115,8/8/2024,0.74900000000000000,0.7072583554011483,0.76600000000000000,0.7153356408075704,0.7490,0.7073,0.7660,0.7153
746116,8/6/2024,0.74900000000000000,0.6623942807794734,0.76600000000000000,0.6414679239274521,0.7490,0.6624,0.7660,0.6415
746117,7/25/2024,0.7030000000000001,0.6890522879365839,0.77400000000000000,0.7387792509076567,0.7030,0.6891,0.7740,0.7388
746118,7/24/2024,0.70400000000000000,0.7219138342853043,0.77400000000000000,0.7081239131900627,0.7040,0.7219,0.7740,0.7081
746119,7/25/2024,0.7030000000000001,0.7094055421774833,0.77400000000000000,0.6267211327631184,0.7030,0.7094,0.7740,0.6267
746120,8/7/2024,0.74700000000000000,0.6511372518324414,0.76800000000000000,0.7738081524940745,0.7470,0.6511,0.7680,0.7738
746121,7/20/2024,0.75000000000000000,0.74190741389053900,0.76900000000000000,0.8600228526181865,0.7500,0.7419,0.7690,0.8600
746122,7/7/2024,0.7290000000000001,0.8164471920917713,0.77700000000000000,0.7379207630754119,0.7290,0.8164,0.7770,0.7379
746123,7/20/2024,0.75000000000000000,0.6984516773393331,0.76900000000000000,0.6824014735370239,0.7500,0.6985,0.7690,0.6824
746124,7/23/2024,0.70600000000000000,0.7149222343459323,0.77500000000000000,0.7492571036866207,0.7060,0.7149,0.7750,0.7493
746125,7/21/2024,0.75100000000000000,0.6503598470219734,0.77000000000000000,0.72008434149731200,0.7510,0.6504,0.7700,0.7201
746126,7/5/2024,0.7310000000000001,0.72122312915858900,0.77600000000000000,0.6505220180424262,0.7310,0.7212,0.7760,0.6505
746127,7/6/2024,0.73400000000000000,0.7268542560432629,0.77200000000000000,0.6224089320648534,0.7340,0.7269,0.7720,0.6224
746128,7/4/2024,0.7230000000000001,0.7752632207144541,0.77600000000000000,0.6306885764620352,0.7230,0.7753,0.7760,0.6307
746129,7/6/2024,0.73400000000000000,0.6450252901092007,0.77200000000000000,0.7007768662063516,0.7340,0.6450,0.7720,0.7008
746130,6/16/2024,0.72500000000000000,0.6807858514135439,0.77400000000000000,0.6145604810367593,0.7250,0.6808,0.7740,0.6146
746131,6/22/2024,0.72800000000000000,0.72841592850417000,0.79200000000000000,0.6064532758814056,0.7280,0.7284,0.7920,0.6065
746132,6/23/2024,0.6910000000000001,0.8754991977304337,0.77800000000000000,0.5825974466682373,0.6910,0.8755,0.7780,0.5826
746133,7/3/2024,0.7230000000000001,0.6390394831071682,0.77500000000000000,0.7617678193078388,0.7230,0.6390,0.7750,0.7618
746134,6/15/2024,0.71000000000000000,0.6319974469799481,0.77500000000000000,0.64586098225913400,0.7100,0.6320,0.7750,0.6459
746135,6/16/2024,0.72500000000000000,0.6314560891012091,0.77400000000000000,0.6210705026985653,0.7250,0.6315,0.7740,0.6211
746136,6/14/2024,0.6890000000000001,0.6621720135148698,0.77800000000000000,0.6162506994366729,0.6890,0.6622,0.7780,0.6163
746137,6/13/2024,0.69000000000000000,0.6478080772313942,0.78100000000000000,0.7385464812157143,0.6900,0.6478,0.7810,0.7385
746138,6/2/2024,0.69800000000000000,0.7135956474935266,0.76300000000000000,0.6417658908160553,0.6980,0.7136,0.7630,0.6418
746139,6/12/2024,0.76300000000000000,0.6958817548421509,0.79300000000000000,0.6792681014347681,0.7630,0.6959,0.7930,0.6793
746140,6/1/2024,0.71200000000000000,0.7046784141643884,0.78900000000000000,0.7442854944378491,0.7120,0.7047,0.7890,0.7443
746141,6/2/2024,0.69800000000000000,0.6869438442930217,0.76300000000000000,0.6429573796694514,0.6980,0.6869,0.7630,0.6430
746142,5/19/2024,0.66500000000000000,0.7026456534870558,0.78200000000000000,0.72180162688122000,0.6650,0.7026,0.7820,0.7218
746143,5/23/2024,0.71600000000000000,0.8322252127467593,0.77100000000000000,0.5892134278186608,0.7160,0.8322,0.7710,0.5892
746144,5/19/2024,0.66500000000000000,0.6509802787699135,0.78200000000000000,0.6313845667930049,0.6650,0.6510,0.7820,0.6314
746145,5/22/2024,0.7130000000000001,0.6906662707995197,0.77600000000000000,0.6488342165464918,0.7130,0.6907,0.7760,0.6488
746146,5/21/2024,0.72800000000000000,0.68278019462675000,0.79400000000000000,0.6124853006483701,0.7280,0.6828,0.7940,0.6125
746147,5/8/2024,0.62600000000000000,0.7801901437383563,0.81500000000000000,0.6013386657316708,0.6260,0.7802,0.8150,0.6013
746148,5/18/2024,0.66500000000000000,0.7022709170355237,0.78000000000000000,0.6522587351502447,0.6650,0.7023,0.7800,0.6523
746149,5/7/2024,0.70600000000000000,0.8120265751249358,0.80200000000000000,0.7811377416951014,0.7060,0.8120,0.8020,0.7811
746150,5/17/2024,0.73100000000000000,0.6940031709412198,0.78800000000000000,0.5845258629734551,0.7310,0.6940,0.7880,0.5845
746151,5/8/2024,0.62600000000000000,0.77931601932152300,0.81500000000000000,0.6469260447181417,0.6260,0.7793,0.8150,0.6469
746152,5/4/2024,0.83200000000000000,0.6421089743589743,0.7969999999999999,0.6476970821509132,0.8320,0.6421,0.7970,0.6477
746153,5/5/2024,0.75700000000000000,0.5884284740481059,0.79200000000000000,0.6686392585714778,0.7570,0.5884,0.7920,0.6686
746154,4/21/2024,0.72800000000000000,0.61800000000000000,0.75000000000000000,0.63200000000000000,0.7280,0.6180,0.7500,0.6320
746155,5/5/2024,0.75700000000000000,0.7750997125434093,0.79200000000000000,0.5857864557587741,0.7570,0.7751,0.7920,0.5858
746156,4/20/2024,0.7250000000000001,0.40600000000000000,0.79300000000000000,0.72500000000000000,0.7250,0.4060,0.7930,0.7250
746157,4/17/2024,0.7050000000000001,0.97600000000000000,0.76600000000000000,0.61100000000000000,0.7050,0.9760,0.7660,0.6110
746158,4/16/2024,0.7110000000000001,0.47400000000000000,0.79600000000000000,0.63200000000000000,0.7110,0.4740,0.7960,0.6320
746159,4/17/2024,0.7050000000000001,0.69400000000000000,0.76600000000000000,0.76600000000000000,0.7050,0.6940,0.7660,0.7660
746160,4/20/2024,0.7250000000000001,0.62100000000000000,0.79300000000000000,0.61300000000000000,0.7250,0.6210,0.7930,0.6130
746161,4/14/2024,0.75900000000000000,0.6679999999999999,0.80200000000000000,0.72500000000000000,0.7590,0.6680,0.8020,0.7250
746162,4/13/2024,0.74600000000000000,0.76900000000000000,0.79900000000000000,0.54400000000000000,0.7460,0.7690,0.7990,0.5440
746163,4/4/2024,0.76500000000000000,0.9189999999999999,0.88400000000000000,0.49800000000000000,0.7650,0.9190,0.8840,0.4980
746164,4/14/2024,0.75900000000000000,0.7210000000000001,0.80200000000000000,0.5449999999999999,0.7590,0.7210,0.8020,0.5450
746165,3/28/2024,0.74400000000000000,1.00000000000000000,0.7989999999999999,1.00000000000000000,0.7440,1.0000,0.7990,1.0000
746166,3/31/2024,0.40000000000000000,0.40000000000000000,0.96600000000000000,0.96600000000000000,0.4000,0.4000,0.9660,0.9660
746167,3/30/2024,0.73900000000000000,1.1099999999999999,0.8009999999999999,0.24300000000000000,0.7390,1.1100,0.8010,0.2430
746168,3/31/2024,0.40000000000000000,0.54400000000000000,0.96600000000000000,0.29400000000000000,0.4000,0.5440,0.9660,0.2940
746169,4/3/2024,0.7749999999999999,0.8140000000000001,0.89100000000000000,1.00000000000000000,0.7750,0.8140,0.8910,1.0000
746170,4/2/2024,0.70000000000000000,0.61800000000000000,0.8009999999999999,0.61300000000000000,0.7000,0.6180,0.8010,0.6130
746171,9/29/2024,0.6839999999999999,0.7073015128619798,0.67300000000000000,0.7716462657587775,0.6840,0.7073,0.6730,0.7716
746172,9/18/2024,0.62300000000000000,0.7627672684608502,0.67300000000000000,0.81581429060295000,0.6230,0.7628,0.6730,0.8158
746173,9/28/2024,0.6819999999999999,0.7211516331496488,0.67300000000000000,0.8005290813937368,0.6820,0.7212,0.6730,0.8005
746174,9/29/2024,0.6839999999999999,0.6943190556067564,0.67300000000000000,0.7580921861485193,0.6840,0.6943,0.6730,0.7581
746176,9/18/2024,0.62300000000000000,0.7256965773930786,0.67300000000000000,0.77045706555728400,0.6230,0.7257,0.6730,0.7705
746177,9/15/2024,0.74300000000000000,0.74673110634445700,0.6739999999999999,0.7074075656364082,0.7430,0.7467,0.6740,0.7074
746178,9/5/2024,0.77000000000000000,0.8176407992436177,0.67500000000000000,0.7676925637201508,0.7700,0.8176,0.6750,0.7677
746179,9/17/2024,0.6200000000000001,0.77723227000744600,0.67300000000000000,0.7595007092682806,0.6200,0.7772,0.6730,0.7595
746180,9/15/2024,0.74300000000000000,0.65953697661125800,0.6739999999999999,0.9252043100348459,0.7430,0.6595,0.6740,0.9252
746181,9/14/2024,0.74100000000000000,0.7046288952234725,0.6759999999999999,0.69347844319112300,0.7410,0.7046,0.6760,0.6935
746182,9/1/2024,0.6679999999999999,0.5641516843134754,0.67500000000000000,0.7071632409578243,0.6680,0.5642,0.6750,0.7072
746183,9/1/2024,0.6679999999999999,0.6222554770563492,0.67500000000000000,0.7009832296123701,0.6680,0.6223,0.6750,0.7010
746184,8/31/2024,0.66700000000000000,0.6522764453724018,0.6739999999999999,0.7084247811879039,0.6670,0.6523,0.6740,0.7084
746185,9/4/2024,0.77200000000000000,0.8068520680079923,0.67700000000000000,0.77562858975381400,0.7720,0.8069,0.6770,0.7756
746186,8/18/2024,0.72000000000000000,0.7337531230438163,0.6839999999999999,0.89226193086429100,0.7200,0.7338,0.6840,0.8923
746187,8/14/2024,0.6970000000000001,0.7275231791881906,0.6859999999999999,0.6768032822654642,0.6970,0.7275,0.6860,0.6768
746188,8/15/2024,0.6970000000000001,0.7273733256553229,0.68500000000000000,0.67884244793006900,0.6970,0.7274,0.6850,0.6788
746189,8/17/2024,0.72000000000000000,0.6777158092643475,0.6839999999999999,0.67444051497845900,0.7200,0.6777,0.6840,0.6744
746190,8/18/2024,0.72000000000000000,0.61303709261705400,0.6839999999999999,0.7598033979721317,0.7200,0.6130,0.6840,0.7598
746191,8/4/2024,0.74500000000000000,0.7142983337420198,0.68300000000000000,0.7555275983828633,0.7450,0.7143,0.6830,0.7555
746192,8/13/2024,0.69600000000000000,0.8079950293984139,0.68800000000000000,0.7679569124079846,0.6960,0.8080,0.6880,0.7680
746193,8/3/2024,0.74500000000000000,0.7019329555650986,0.6839999999999999,0.6765910674582742,0.7450,0.7019,0.6840,0.6766
746194,8/4/2024,0.74500000000000000,0.7316486924729726,0.68300000000000000,0.6833723331860233,0.7450,0.7316,0.6830,0.6834
746195,7/28/2024,0.7050000000000001,0.6352950255134315,0.6819999999999999,0.6743847182109504,0.7050,0.6353,0.6820,0.6744
746196,8/2/2024,0.7090000000000001,0.7924906338145401,0.68500000000000000,0.6697184932755531,0.7090,0.7925,0.6850,0.6697
746197,7/31/2024,0.71000000000000000,0.78574079312750400,0.6819999999999999,0.7567467410174773,0.7100,0.7857,0.6820,0.7567
746198,8/1/2024,0.7090000000000001,0.8478108166752303,0.68500000000000000,0.7491830294049288,0.7090,0.8478,0.6850,0.7492
746199,7/26/2024,0.70200000000000000,0.8046835012889857,0.6819999999999999,0.8683729720410334,0.7020,0.8047,0.6820,0.8684
746200,7/27/2024,0.70400000000000000,0.7171626652318519,0.68100000000000000,0.6820729720410335,0.7040,0.7172,0.6810,0.6821
746201,7/14/2024,0.67100000000000000,0.6050716599474446,0.6890000000000001,0.7005701686571149,0.6710,0.6051,0.6890,0.7006
746202,7/14/2024,0.67100000000000000,0.6277280136880272,0.6890000000000001,0.6843405927538524,0.6710,0.6277,0.6890,0.6843
746203,7/28/2024,0.7050000000000001,0.76399182994175700,0.6819999999999999,0.6775810652698009,0.7050,0.7640,0.6820,0.6776
746204,7/12/2024,0.6639999999999999,0.6656352923113189,0.68800000000000000,0.7101835819044509,0.6640,0.6656,0.6880,0.7102
746205,7/11/2024,0.69800000000000000,0.6715627632818836,0.6859999999999999,0.7453271457111317,0.6980,0.6716,0.6860,0.7453
746206,7/10/2024,0.69800000000000000,0.6022855169227128,0.68500000000000000,0.7460630715794752,0.6980,0.6023,0.6850,0.7461
746207,7/13/2024,0.67100000000000000,0.5304383228537731,0.6859999999999999,0.6803071316810273,0.6710,0.5304,0.6860,0.6803
746208,7/9/2024,0.69600000000000000,0.6890670308096947,0.68500000000000000,0.6619373021462038,0.6960,0.6891,0.6850,0.6619
746209,6/30/2024,0.6639999999999999,0.7244207948345307,0.6970000000000001,0.6852560614674696,0.6640,0.7244,0.6970,0.6853
746210,6/28/2024,0.68300000000000000,0.67575068454702200,0.72900000000000000,0.38719648774022536,0.6830,0.6758,0.7290,0.3872
746211,6/30/2024,0.6639999999999999,0.6585833698920094,0.6970000000000001,0.7409622047136355,0.6640,0.6586,0.6970,0.7410
746212,6/26/2024,0.66500000000000000,0.7926558862536446,0.6890000000000001,0.7232768389662028,0.6650,0.7927,0.6890,0.7233
746213,6/26/2024,0.66500000000000000,0.7340578383397354,0.6890000000000001,0.6850430422435214,0.6650,0.7341,0.6890,0.6850
746214,6/29/2024,0.6679999999999999,0.7479836515003091,0.69400000000000000,0.8097602164789044,0.6680,0.7480,0.6940,0.8098
746215,6/18/2024,0.71400000000000000,0.7781039340286164,0.73200000000000000,0.7617546076436001,0.7140,0.7781,0.7320,0.7618
746216,6/9/2024,0.74000000000000000,0.7253059511317869,0.68300000000000000,0.7130282221937796,0.7400,0.7253,0.6830,0.7130
746217,6/19/2024,0.73200000000000000,0.6686181665702517,0.70000000000000000,0.7483623875573396,0.7320,0.6686,0.7000,0.7484
746218,6/25/2024,0.66900000000000000,0.75147447639952400,0.72800000000000000,0.7405356586719782,0.6690,0.7515,0.7280,0.7405
746219,6/20/2024,0.7310000000000001,0.6597130017615107,0.7010000000000001,0.6728714892171845,0.7310,0.6597,0.7010,0.6729
746220,6/8/2024,0.76100000000000000,0.6856780459833557,0.72900000000000000,0.7323256678944174,0.7610,0.6857,0.7290,0.7323
746221,6/6/2024,0.71200000000000000,0.6272869477328098,0.68700000000000000,0.6704943857648163,0.7120,0.6273,0.6870,0.6705
746222,6/5/2024,0.71600000000000000,0.5065747600247716,0.68800000000000000,0.7123272447666573,0.7160,0.5066,0.6880,0.7123
746223,6/9/2024,0.74000000000000000,0.7707226030190555,0.68300000000000000,0.6796854536396131,0.7400,0.7707,0.6830,0.6797
746224,6/4/2024,0.73700000000000000,0.69925292623684400,0.73000000000000000,0.6676996205024739,0.7370,0.6993,0.7300,0.6677
746225,5/31/2024,0.77300000000000000,0.6668095198583914,0.70600000000000000,0.7255310540322921,0.7730,0.6668,0.7060,0.7255
746226,5/26/2024,0.7150000000000001,0.7488715845163805,0.71200000000000000,0.6638374258487086,0.7150,0.7489,0.7120,0.6638
746227,5/25/2024,0.70200000000000000,0.81077983902112600,0.73800000000000000,0.7354518975811419,0.7020,0.8108,0.7380,0.7355
746228,5/30/2024,0.77300000000000000,0.5437098398840443,0.7110000000000001,0.6606045123691533,0.7730,0.5437,0.7110,0.6606
746229,5/29/2024,0.72100000000000000,0.6463269366694939,0.73700000000000000,0.75196366848094900,0.7210,0.6463,0.7370,0.7520
746230,5/26/2024,0.7150000000000001,0.7582069760095896,0.71200000000000000,0.7548326291099072,0.7150,0.7582,0.7120,0.7548
746231,5/16/2024,0.6519999999999999,0.7592406673540859,0.69400000000000000,0.7289720405962705,0.6520,0.7592,0.6940,0.7290
746232,5/12/2024,0.7090000000000001,0.6468876039102887,0.68800000000000000,0.66264005987734800,0.7090,0.6469,0.6880,0.6626
746233,5/14/2024,0.72400000000000000,0.7245049382716051,0.73300000000000000,0.6777911762930774,0.7240,0.7245,0.7330,0.6778
746234,5/12/2024,0.7090000000000001,0.6176283377611085,0.68800000000000000,0.7068887515451174,0.7090,0.6176,0.6880,0.7069
746235,5/15/2024,0.64700000000000000,0.6917488164856586,0.68800000000000000,0.7312950948032049,0.6470,0.6917,0.6880,0.7313
746236,4/30/2024,0.76400000000000000,0.6045056792317269,0.73700000000000000,0.7668584862905053,0.7640,0.6045,0.7370,0.7669
746237,4/28/2024,0.68100000000000000,0.68635879309461600,0.68300000000000000,0.6507407943011704,0.6810,0.6864,0.6830,0.6507
746238,5/1/2024,0.74500000000000000,0.5050960081476513,0.69200000000000000,0.75855883597883600,0.7450,0.5051,0.6920,0.7586
746239,5/1/2024,0.74500000000000000,0.5181438986566773,0.69200000000000000,0.6528317877033681,0.7450,0.5181,0.6920,0.6528
746240,5/11/2024,0.71000000000000000,0.6092454795993816,0.69200000000000000,0.7322641873209821,0.7100,0.6092,0.6920,0.7323
746241,5/10/2024,0.7050000000000001,0.6890806552446607,0.73500000000000000,0.7307661774596055,0.7050,0.6891,0.7350,0.7308
746242,4/23/2024,0.74900000000000000,0.5211481481481481,0.73700000000000000,0.6600814814814815,0.7490,0.5211,0.7370,0.6601
746243,4/27/2024,0.74500000000000000,0.6687739402052655,0.73700000000000000,0.7500337301587302,0.7450,0.6688,0.7370,0.7500
746244,4/24/2024,0.78300000000000000,0.7014606294155428,0.6759999999999999,0.6107501563786009,0.7830,0.7015,0.6760,0.6108
746245,4/28/2024,0.68100000000000000,0.7843155616731665,0.68300000000000000,0.7190626106926685,0.6810,0.7843,0.6830,0.7191
746246,4/24/2024,0.78300000000000000,0.7441111111111111,0.6759999999999999,0.7702051912568306,0.7830,0.7441,0.6760,0.7702
746247,4/10/2024,0.6859999999999999,0.53700000000000000,0.70400000000000000,0.79600000000000000,0.6860,0.5370,0.7040,0.7960
746248,4/7/2024,0.72400000000000000,0.5429999999999999,0.68500000000000000,0.40000000000000000,0.7240,0.5430,0.6850,0.4000
746249,4/6/2024,0.74900000000000000,0.34600000000000000,0.74200000000000000,1.02900000000000000,0.7490,0.3460,0.7420,1.0290
746250,4/10/2024,0.6859999999999999,0.59700000000000000,0.70400000000000000,0.75400000000000000,0.6860,0.5970,0.7040,0.7540
746251,4/7/2024,0.72400000000000000,0.33299999999999996,0.68500000000000000,0.76400000000000000,0.7240,0.3330,0.6850,0.7640
746252,4/9/2024,0.77300000000000000,0.8320000000000001,0.74300000000000000,0.42400000000000000,0.7730,0.8320,0.7430,0.4240
746253,9/22/2024,0.70200000000000000,0.6214889707609019,0.72300000000000000,0.6563041541434091,0.7020,0.6215,0.7230,0.6563
746254,9/18/2024,0.6890000000000001,0.6053730500390742,0.72800000000000000,0.7036464917687655,0.6890,0.6054,0.7280,0.7036
746255,9/21/2024,0.70000000000000000,0.5938532841706505,0.72700000000000000,0.6909695025062316,0.7000,0.5939,0.7270,0.6910
746256,9/21/2024,0.70000000000000000,0.8270282782071862,0.72700000000000000,0.6789259172541775,0.7000,0.8270,0.7270,0.6789
746257,9/7/2024,0.74800000000000000,0.8120397751545851,0.73100000000000000,0.6546683544692626,0.7480,0.8120,0.7310,0.6547
746258,9/8/2024,0.74300000000000000,0.6962501218624578,0.73000000000000000,0.6867445881387684,0.7430,0.6963,0.7300,0.6867
746259,9/7/2024,0.74800000000000000,0.6871687517941982,0.73100000000000000,0.7096192819066343,0.7480,0.6872,0.7310,0.7096
746260,9/16/2024,0.68700000000000000,0.6527954579745388,0.72800000000000000,0.6466018088701608,0.6870,0.6528,0.7280,0.6466
746261,9/17/2024,0.6890000000000001,0.7162739462282175,0.72900000000000000,0.6482809490209409,0.6890,0.7163,0.7290,0.6483
746262,9/4/2024,0.71000000000000000,0.75628109671393300,0.73000000000000000,0.6574112754841336,0.7100,0.7563,0.7300,0.6574
746263,8/25/2024,0.74900000000000000,0.7599176919345592,0.73700000000000000,0.64505643092737700,0.7490,0.7599,0.7370,0.6451
746264,9/3/2024,0.7090000000000001,0.7338013189170576,0.73300000000000000,0.6922545925298229,0.7090,0.7338,0.7330,0.6923
746265,9/2/2024,0.70800000000000000,0.7712597492983346,0.73600000000000000,0.68564606120773600,0.7080,0.7713,0.7360,0.6856
746266,8/21/2024,0.6819999999999999,0.6940469859734457,0.73600000000000000,0.6481326167069217,0.6820,0.6940,0.7360,0.6481
746267,8/22/2024,0.6839999999999999,0.6999965572517473,0.73600000000000000,0.6973713633242287,0.6840,0.7000,0.7360,0.6974
746268,8/24/2024,0.74600000000000000,0.7682886308973684,0.73700000000000000,0.6797501725327812,0.7460,0.7683,0.7370,0.6798
746269,8/10/2024,0.6970000000000001,0.7113455987227204,0.72700000000000000,0.6871604609841729,0.6970,0.7113,0.7270,0.6872
746270,8/20/2024,0.68100000000000000,0.71080224324069400,0.73600000000000000,0.6449797051873578,0.6810,0.7108,0.7360,0.6450
746271,8/24/2024,0.74600000000000000,0.6403528565679055,0.73700000000000000,0.6801918164017895,0.7460,0.6404,0.7370,0.6802
746272,8/8/2024,0.77700000000000000,0.7081278018920178,0.72600000000000000,0.6433488231435096,0.7770,0.7081,0.7260,0.6433
746273,8/7/2024,0.77800000000000000,0.7511354988760301,0.72600000000000000,0.6217258871100253,0.7780,0.7511,0.7260,0.6217
746274,7/28/2024,0.6859999999999999,0.7028003172518141,0.72000000000000000,0.6384243166607593,0.6860,0.7028,0.7200,0.6384
746275,8/10/2024,0.6970000000000001,0.7579470332500622,0.72700000000000000,0.6926376093198462,0.6970,0.7579,0.7270,0.6926
746276,8/6/2024,0.77500000000000000,0.7232108439725371,0.72500000000000000,0.6675471474102783,0.7750,0.7232,0.7250,0.6675
746277,7/27/2024,0.68700000000000000,0.7613616092911203,0.72000000000000000,0.6850848121105839,0.6870,0.7614,0.7200,0.6851
746278,7/27/2024,0.68700000000000000,0.6523014911549894,0.72000000000000000,0.6287935139441094,0.6870,0.6523,0.7200,0.6288
746279,7/25/2024,0.73500000000000000,0.7908780263775369,0.71900000000000000,0.6672337934765331,0.7350,0.7909,0.7190,0.6672
746280,7/23/2024,0.73500000000000000,0.6730687431838742,0.7150000000000001,0.63193673867386300,0.7350,0.6731,0.7150,0.6319
746281,7/24/2024,0.73500000000000000,0.8305219277554987,0.72000000000000000,0.6915046708297719,0.7350,0.8305,0.7200,0.6915
746282,7/3/2024,0.6799999999999999,0.7598476238961457,0.7130000000000001,0.6776334557503042,0.6800,0.7598,0.7130,0.6776
746283,7/4/2024,0.6819999999999999,0.7019570817641434,0.7110000000000001,0.6735103021681066,0.6820,0.7020,0.7110,0.6735
746284,7/20/2024,0.6299999999999999,0.7452336166903306,0.7150000000000001,0.67946211507420600,0.6300,0.7452,0.7150,0.6795
746285,7/5/2024,0.6799999999999999,0.7190614708399345,0.71000000000000000,0.6760335353595122,0.6800,0.7191,0.7100,0.6760
746286,7/20/2024,0.6299999999999999,0.7390802846990728,0.7150000000000001,0.6926154483204678,0.6300,0.7391,0.7150,0.6926
746287,7/21/2024,0.62900000000000000,0.6425767983897547,0.71600000000000000,0.6432214495241886,0.6290,0.6426,0.7160,0.6432
746288,6/28/2024,0.70800000000000000,0.7450351136183899,0.7030000000000001,0.6733249260068155,0.7080,0.7450,0.7030,0.6733
746289,6/29/2024,0.73100000000000000,0.72965223534822400,0.7050000000000001,0.6271657928783245,0.7310,0.7297,0.7050,0.6272
746290,6/30/2024,0.73400000000000000,0.8424539136908548,0.71000000000000000,0.6291176946443056,0.7340,0.8425,0.7100,0.6291
746291,6/26/2024,0.6339999999999999,0.6921262041687899,0.70800000000000000,0.68591607822840200,0.6340,0.6921,0.7080,0.6859
746292,6/29/2024,0.73100000000000000,0.8023313744446382,0.7050000000000001,0.6802290190485134,0.7310,0.8023,0.7050,0.6802
746293,6/26/2024,0.6339999999999999,0.75712620416879000,0.70800000000000000,0.62680551742133700,0.6340,0.7571,0.7080,0.6268
746294,6/13/2024,0.77500000000000000,0.6105392003239722,0.72800000000000000,0.6989156516275274,0.7750,0.6105,0.7280,0.6989
746295,6/11/2024,0.72400000000000000,0.65421281357133100,0.7110000000000001,0.6286677296463203,0.7240,0.6542,0.7110,0.6287
746296,6/12/2024,0.77300000000000000,0.67573973320483200,0.72900000000000000,0.68288733105974500,0.7730,0.6757,0.7290,0.6829
746297,6/9/2024,0.66700000000000000,0.64186155853172500,0.73300000000000000,0.6299011680194228,0.6670,0.6419,0.7330,0.6299
746298,6/25/2024,0.69400000000000000,0.83604100978568400,0.7050000000000001,0.6312236609764323,0.6940,0.8360,0.7050,0.6312
746299,6/13/2024,0.77500000000000000,0.6642123137890357,0.72800000000000000,0.6757520966008858,0.7750,0.6642,0.7280,0.6758
746300,6/8/2024,0.71600000000000000,0.6506304820384234,0.7110000000000001,0.66133202793769800,0.7160,0.6506,0.7110,0.6613
746301,6/2/2024,0.7170000000000001,0.7085999915927947,0.72500000000000000,0.6221982883751606,0.7170,0.7086,0.7250,0.6222
746302,6/8/2024,0.71600000000000000,0.6135699398606129,0.7110000000000001,0.6964466116973435,0.7160,0.6136,0.7110,0.6964
746303,6/1/2024,0.73600000000000000,0.6266860369422091,0.7090000000000001,0.6651487201798274,0.7360,0.6267,0.7090,0.6651
746304,5/22/2024,0.6759999999999999,0.5490654351951378,0.71900000000000000,0.6230105790787039,0.6760,0.5491,0.7190,0.6230
746305,6/1/2024,0.73600000000000000,0.8247453440255126,0.7090000000000001,0.6223368130549556,0.7360,0.8247,0.7090,0.6223
746306,5/19/2024,0.6719999999999999,0.7369548506667846,0.6970000000000001,0.6420809394927314,0.6720,0.7370,0.6970,0.6421
746307,5/20/2024,0.6779999999999999,0.5583322043457961,0.7030000000000001,0.6826036853685369,0.6780,0.5583,0.7030,0.6826
746308,5/18/2024,0.67100000000000000,0.7844995874235311,0.69400000000000000,0.6004896035887968,0.6710,0.7845,0.6940,0.6005
746309,5/21/2024,0.67900000000000000,0.6416972181359699,0.7090000000000001,0.6204943576388888,0.6790,0.6417,0.7090,0.6205
746310,5/17/2024,0.6799999999999999,0.6668037579177091,0.6890000000000001,0.6419487446152277,0.6800,0.6668,0.6890,0.6419
746311,5/4/2024,0.7110000000000001,0.6868147428982381,0.6990000000000001,0.6916536937415599,0.7110,0.6868,0.6990,0.6917
746312,5/8/2024,0.74500000000000000,0.6872448979591836,0.69600000000000000,0.6107963342541167,0.7450,0.6872,0.6960,0.6108
746313,5/6/2024,0.74700000000000000,0.6558179974034405,0.69400000000000000,0.6413163933163933,0.7470,0.6558,0.6940,0.6413
746314,5/5/2024,0.7210000000000001,0.6406432062561095,0.69800000000000000,0.6711739048693364,0.7210,0.6406,0.6980,0.6712
746315,5/7/2024,0.74100000000000000,0.6523628286256349,0.6930000000000001,0.6132457342713893,0.7410,0.6524,0.6930,0.6132
746316,4/21/2024,0.77600000000000000,0.7643703703703704,0.72400000000000000,0.6037777777777779,0.7760,0.7644,0.7240,0.6038
746317,4/24/2024,0.6950000000000001,0.7411838896509679,0.7090000000000001,0.6239163679808841,0.6950,0.7412,0.7090,0.6239
746318,5/3/2024,0.71600000000000000,0.6493471918750506,0.6910000000000001,0.6230672713529857,0.7160,0.6493,0.6910,0.6231
746319,4/22/2024,0.6950000000000001,0.5905454015813566,0.71200000000000000,0.6141759259259258,0.6950,0.5905,0.7120,0.6142
746320,4/25/2024,0.69000000000000000,0.6103021726238611,0.70600000000000000,0.6821130378933847,0.6900,0.6103,0.7060,0.6821
746321,4/23/2024,0.69600000000000000,0.7723236270753513,0.71200000000000000,0.6365491898148148,0.6960,0.7723,0.7120,0.6365
746322,4/11/2024,0.74100000000000000,1.03800000000000000,0.74500000000000000,0.43800000000000000,0.7410,1.0380,0.7450,0.4380
746323,4/10/2024,0.74500000000000000,0.74500000000000000,0.72500000000000000,0.5529999999999999,0.7450,0.7450,0.7250,0.5530
746324,4/20/2024,0.76800000000000000,0.5800000000000001,0.72600000000000000,0.60700000000000000,0.7680,0.5800,0.7260,0.6070
746325,4/19/2024,0.77300000000000000,0.74900000000000000,0.71900000000000000,0.61900000000000000,0.7730,0.7490,0.7190,0.6190
746326,4/9/2024,0.76900000000000000,0.44500000000000000,0.73600000000000000,0.48500000000000000,0.7690,0.4450,0.7360,0.4850
746327,4/4/2024,0.57300000000000000,1.03600000000000000,0.72800000000000000,0.28200000000000003,0.5730,1.0360,0.7280,0.2820
746328,4/5/2024,0.5860000000000001,0.87900000000000000,0.75600000000000000,0.47200000000000000,0.5860,0.8790,0.7560,0.4720
746329,4/6/2024,0.57900000000000000,0.88300000000000000,0.73400000000000000,0.60000000000000000,0.5790,0.8830,0.7340,0.6000
746330,4/7/2024,0.5529999999999999,0.42200000000000004,0.74300000000000000,0.29900000000000000,0.5530,0.4220,0.7430,0.2990
746331,9/25/2024,0.68800000000000000,0.6576569350513481,0.74400000000000000,0.6965688748881005,0.6880,0.6577,0.7440,0.6966
746332,3/31/2024,0.70600000000000000,0.70600000000000000,0.48600000000000000,0.48600000000000000,0.7060,0.7060,0.4860,0.4860
746333,3/30/2024,0.73500000000000000,0.73500000000000000,0.51100000000000000,0.51100000000000000,0.7350,0.7350,0.5110,0.5110
746334,9/24/2024,0.68700000000000000,0.6224167894521344,0.74600000000000000,0.6907646922802857,0.6870,0.6224,0.7460,0.6908
746335,3/28/2024,0.75500000000000000,1.00000000000000000,0.70400000000000000,1.00000000000000000,0.7550,1.0000,0.7040,1.0000
746336,9/25/2024,0.68800000000000000,0.6089344036022741,0.74400000000000000,0.6361783112638282,0.6880,0.6089,0.7440,0.6362
746337,9/12/2024,0.7030000000000001,0.75441918323889600,0.74100000000000000,0.6377296634301363,0.7030,0.7544,0.7410,0.6377
746338,9/21/2024,0.67100000000000000,0.7755848930244023,0.73600000000000000,0.6582792765257888,0.6710,0.7756,0.7360,0.6583
746339,9/22/2024,0.6739999999999999,0.7671836449304408,0.74400000000000000,0.7385084895593755,0.6740,0.7672,0.7440,0.7385
746340,9/21/2024,0.67100000000000000,0.7153150582993902,0.73600000000000000,0.73993996428032300,0.6710,0.7153,0.7360,0.7399
746341,9/20/2024,0.67300000000000000,0.8830239870737182,0.73700000000000000,0.6978584931766993,0.6730,0.8830,0.7370,0.6979
746342,9/12/2024,0.7030000000000001,0.7356839808953661,0.74100000000000000,0.68594509971386100,0.7030,0.7357,0.7410,0.6859
746343,9/7/2024,0.77400000000000000,0.7346599481427092,0.73800000000000000,0.6435928166805174,0.7740,0.7347,0.7380,0.6436
746344,9/7/2024,0.77400000000000000,0.8106457334808863,0.73800000000000000,0.6995645731842539,0.7740,0.8106,0.7380,0.6996
746345,9/8/2024,0.77100000000000000,0.7734009789973401,0.74200000000000000,0.7233018427124566,0.7710,0.7734,0.7420,0.7233
746346,9/11/2024,0.7030000000000001,0.7362029668237076,0.74300000000000000,0.7314607597487668,0.7030,0.7362,0.7430,0.7315
746347,9/1/2024,0.73600000000000000,0.7085922860639122,0.74100000000000000,0.6624075802944576,0.7360,0.7086,0.7410,0.6624
746348,8/31/2024,0.74000000000000000,0.6545863285482103,0.74100000000000000,0.7069210249033487,0.7400,0.6546,0.7410,0.7069
746349,8/21/2024,0.77000000000000000,0.7198551871236307,0.74300000000000000,0.6455870346312651,0.7700,0.7199,0.7430,0.6456
746350,8/21/2024,0.77000000000000000,0.7342002979486502,0.74300000000000000,0.7220968732091624,0.7700,0.7342,0.7430,0.7221
746351,8/20/2024,0.77200000000000000,0.6486512753964799,0.74100000000000000,0.7157101745477212,0.7720,0.6487,0.7410,0.7157
746352,8/30/2024,0.74200000000000000,0.6949806508743983,0.74200000000000000,0.7018272903604483,0.7420,0.6950,0.7420,0.7018
746353,8/31/2024,0.74000000000000000,0.6580303755091272,0.74100000000000000,0.6551779203098758,0.7400,0.6580,0.7410,0.6552
746354,8/3/2024,0.6890000000000001,0.7136158889719736,0.74000000000000000,0.7358784099607127,0.6890,0.7136,0.7400,0.7359
746355,8/17/2024,0.62600000000000000,0.7806012311746922,0.74100000000000000,0.7174715360321169,0.6260,0.7806,0.7410,0.7175
746356,8/4/2024,0.6910000000000001,0.5570069056008389,0.73800000000000000,0.7553191094136721,0.6910,0.5570,0.7380,0.7553
746357,8/17/2024,0.62600000000000000,0.6932748280206389,0.74100000000000000,0.7368006943606638,0.6260,0.6933,0.7410,0.7368
746358,8/3/2024,0.6890000000000001,0.75514600077075100,0.74000000000000000,0.6498898268751976,0.6890,0.7551,0.7400,0.6499
746359,8/18/2024,0.62700000000000000,0.7592018171214028,0.74100000000000000,0.6684607194753972,0.6270,0.7592,0.7410,0.6685
746360,7/30/2024,0.6719999999999999,0.6006758196722941,0.74300000000000000,0.5071071437433314,0.6720,0.6007,0.7430,0.5071
746361,7/27/2024,0.77400000000000000,0.6855388945139111,0.74100000000000000,0.69949576430259300,0.7740,0.6855,0.7410,0.6995
746362,7/27/2024,0.77400000000000000,0.8104552518193795,0.74100000000000000,0.6435034713020196,0.7740,0.8105,0.7410,0.6435
746363,8/1/2024,0.6719999999999999,0.8971952568583351,0.74200000000000000,0.6918191742914271,0.6720,0.8972,0.7420,0.6918
746364,7/28/2024,0.77200000000000000,0.6007594564530683,0.74400000000000000,0.7553835126466655,0.7720,0.6008,0.7440,0.7554
746365,7/31/2024,0.6719999999999999,0.6899948328515918,0.74300000000000000,0.7251292097423404,0.6720,0.6900,0.7430,0.7251
746366,7/11/2024,0.63300000000000000,0.5847962886783966,0.74600000000000000,0.7111756582923463,0.6330,0.5848,0.7460,0.7112
746367,7/12/2024,0.63100000000000000,0.8415608717021634,0.74800000000000000,0.7347670247514639,0.6310,0.8416,0.7480,0.7348
746368,7/10/2024,0.63300000000000000,0.7875809848149806,0.74700000000000000,0.6386319785658634,0.6330,0.7876,0.7470,0.6386
746369,7/13/2024,0.6990000000000001,0.6429738452977184,0.74600000000000000,0.7707100206712107,0.6990,0.6430,0.7460,0.7707
746370,7/14/2024,0.69600000000000000,0.6782876591383864,0.74600000000000000,0.6390158660807834,0.6960,0.6783,0.7460,0.6390
746371,7/13/2024,0.6990000000000001,0.6920814617405434,0.74600000000000000,0.7324709489355099,0.6990,0.6921,0.7460,0.7325
746372,6/26/2024,0.71400000000000000,0.77649500693034200,0.76200000000000000,0.7277954692669714,0.7140,0.7765,0.7620,0.7278
746373,6/23/2024,0.77600000000000000,0.6196922834333392,0.74100000000000000,0.6866418296013176,0.7760,0.6197,0.7410,0.6866
746374,6/26/2024,0.71400000000000000,0.8047640941671979,0.76200000000000000,0.7714590912677914,0.7140,0.8048,0.7620,0.7715
746375,6/22/2024,0.75600000000000000,0.6803110183177636,0.76100000000000000,0.7319443093235909,0.7560,0.6803,0.7610,0.7319
746376,6/22/2024,0.75600000000000000,0.5956343030730638,0.76100000000000000,0.6093650387799703,0.7560,0.5956,0.7610,0.6094
746377,6/16/2024,0.68300000000000000,0.7457386572284461,0.74000000000000000,0.6374565003957078,0.6830,0.7457,0.7400,0.6375
746378,6/15/2024,0.68300000000000000,0.5951388192279548,0.76100000000000000,0.7549446934805237,0.6830,0.5951,0.7610,0.7549
746379,6/5/2024,0.6799999999999999,0.7609986274876785,0.74000000000000000,0.6338449640588797,0.6800,0.7610,0.7400,0.6338
746380,6/5/2024,0.6799999999999999,0.7916140275826842,0.74000000000000000,0.7624564165806903,0.6800,0.7916,0.7400,0.7625
746381,6/15/2024,0.68300000000000000,0.6583639980311279,0.76100000000000000,0.7444302229875932,0.6830,0.6584,0.7610,0.7444
746382,6/4/2024,0.7270000000000001,0.7070942201421184,0.76200000000000000,0.7284251435797846,0.7270,0.7071,0.7620,0.7284
746383,6/2/2024,0.7010000000000001,0.6512697045281463,0.73900000000000000,0.7916619020390038,0.7010,0.6513,0.7390,0.7917
746384,6/1/2024,0.74200000000000000,0.6369970375636924,0.76100000000000000,0.7374829284703476,0.7420,0.6370,0.7610,0.7375
746385,5/22/2024,0.7110000000000001,0.7383923064404573,0.75700000000000000,0.7452518525411653,0.7110,0.7384,0.7570,0.7453
746386,5/22/2024,0.7110000000000001,0.6426579064524005,0.75700000000000000,0.8538052253917342,0.7110,0.6427,0.7570,0.8538
746387,6/1/2024,0.74200000000000000,0.7145271191693785,0.76100000000000000,0.6297190191136753,0.7420,0.7145,0.7610,0.6297
746388,5/18/2024,0.72000000000000000,0.6604699708727486,0.74300000000000000,0.8392319104018777,0.7200,0.6605,0.7430,0.8392
746389,5/18/2024,0.72000000000000000,0.6571872157244965,0.74300000000000000,0.7246378966490925,0.7200,0.6572,0.7430,0.7246
746390,5/21/2024,0.73700000000000000,0.7498666703514858,0.76700000000000000,0.7550686469414359,0.7370,0.7499,0.7670,0.7551
746391,5/17/2024,0.6799999999999999,0.8323898558696026,0.74000000000000000,0.7013663421868779,0.6800,0.8324,0.7400,0.7014
746392,5/19/2024,0.76400000000000000,0.6797401409055281,0.74400000000000000,0.8180035285413467,0.7640,0.6797,0.7440,0.8180
746393,5/14/2024,0.6759999999999999,0.78277191354915800,0.76500000000000000,0.8235451609892338,0.6760,0.7828,0.7650,0.8235
746394,5/4/2024,0.72200000000000000,0.5607873105964627,0.75100000000000000,0.7015496017378711,0.7220,0.5608,0.7510,0.7015
746395,5/5/2024,0.65900000000000000,0.5745188855246659,0.73800000000000000,0.8243224448938735,0.6590,0.5745,0.7380,0.8243
746396,5/15/2024,0.6930000000000001,0.7351144254100768,0.74700000000000000,0.6345532890430747,0.6930,0.7351,0.7470,0.6346
746397,5/16/2024,0.68700000000000000,0.6224527953726868,0.74300000000000000,0.7026880218879085,0.6870,0.6225,0.7430,0.7027
746398,5/1/2024,0.7010000000000001,0.8464714275153398,0.76700000000000000,0.80253363133248200,0.7010,0.8465,0.7670,0.8025
746399,5/2/2024,0.72200000000000000,0.76403429355281200,0.75100000000000000,0.6921304162333679,0.7220,0.7640,0.7510,0.6921
746400,4/17/2024,0.85300000000000000,0.47600000000000000,0.77400000000000000,1.1520000000000001,0.8530,0.4760,0.7740,1.1520
746401,4/17/2024,0.85300000000000000,0.79300000000000000,0.77400000000000000,0.85100000000000000,0.8530,0.7930,0.7740,0.8510
746402,5/4/2024,0.72200000000000000,0.62242547071915600,0.75100000000000000,0.6259481666435475,0.7220,0.6224,0.7510,0.6259
746403,5/3/2024,0.72400000000000000,0.8224585979556038,0.74600000000000000,0.7781032117430606,0.7240,0.8225,0.7460,0.7781
746404,4/14/2024,0.76000000000000000,0.5369999999999999,0.7749999999999999,0.53300000000000000,0.7600,0.5370,0.7750,0.5330
746405,4/13/2024,0.79000000000000000,0.65700000000000000,0.76900000000000000,0.15700000000000000,0.7900,0.6570,0.7690,0.1570
746406,4/16/2024,0.84700000000000000,0.61800000000000000,0.77100000000000000,0.88500000000000000,0.8470,0.6180,0.7710,0.8850
746407,4/4/2024,0.61900000000000000,0.96200000000000000,0.7869999999999999,0.44500000000000000,0.6190,0.9620,0.7870,0.4450
746408,4/13/2024,0.79000000000000000,0.7170000000000001,0.76900000000000000,0.85100000000000000,0.7900,0.7170,0.7690,0.8510
746409,4/2/2024,0.74300000000000000,1.26300000000000000,0.77100000000000000,0.06900000000000000,0.7430,1.2630,0.7710,0.0690
746410,3/30/2024,0.7050000000000001,1.04100000000000000,0.77000000000000000,1.1179999999999999,0.7050,1.0410,0.7700,1.1180
746411,4/3/2024,0.59900000000000000,0.8280000000000001,0.78300000000000000,0.69000000000000000,0.5990,0.8280,0.7830,0.6900
746412,3/30/2024,0.7050000000000001,0.71400000000000000,0.77000000000000000,0.44400000000000000,0.7050,0.7140,0.7700,0.4440
746413,3/31/2024,0.85100000000000000,0.85100000000000000,0.62000000000000000,0.62000000000000000,0.8510,0.8510,0.6200,0.6200
746414,9/28/2024,0.61900000000000000,0.6610440194184357,0.6890000000000001,0.66346991272564800,0.6190,0.6610,0.6890,0.6635
746415,9/26/2024,0.6719999999999999,0.7839492877473084,0.68800000000000000,0.6577807141069492,0.6720,0.7839,0.6880,0.6578
746416,9/29/2024,0.61900000000000000,0.7578791618807943,0.68700000000000000,0.7744712921828814,0.6190,0.7579,0.6870,0.7745
746417,9/27/2024,0.6200000000000001,0.7023911937258744,0.68800000000000000,0.6498639600019003,0.6200,0.7024,0.6880,0.6499
746418,3/28/2024,0.7030000000000001,1.00000000000000000,0.77000000000000000,1.00000000000000000,0.7030,1.0000,0.7700,1.0000
746419,9/15/2024,0.75300000000000000,0.7730356441942776,0.68700000000000000,0.7278283918164848,0.7530,0.7730,0.6870,0.7278
746420,9/25/2024,0.6739999999999999,0.7270780681048927,0.68700000000000000,0.7459367491420288,0.6740,0.7271,0.6870,0.7459
746421,9/24/2024,0.6759999999999999,0.69245252939795300,0.68800000000000000,0.6055962059197417,0.6760,0.6925,0.6880,0.6056
746422,9/14/2024,0.75300000000000000,0.6691684979931323,0.68800000000000000,0.6813926127265746,0.7530,0.6692,0.6880,0.6814
746423,9/13/2024,0.75600000000000000,0.6926967060954735,0.68800000000000000,0.6888749098162759,0.7560,0.6927,0.6880,0.6889
746424,8/31/2024,0.76100000000000000,0.7265006294762453,0.6890000000000001,0.6054230323115872,0.7610,0.7265,0.6890,0.6054
746425,9/11/2024,0.7030000000000001,0.8833183979433981,0.68800000000000000,0.7146846425124138,0.7030,0.8833,0.6880,0.7147
746426,9/1/2024,0.75900000000000000,0.7454679447042681,0.6890000000000001,0.6988981128490288,0.7590,0.7455,0.6890,0.6989
746427,9/12/2024,0.70200000000000000,0.7999640692256418,0.69000000000000000,0.6062874451255883,0.7020,0.8000,0.6900,0.6063
746428,9/10/2024,0.70600000000000000,0.8202600065124195,0.6859999999999999,0.7612274230064102,0.7060,0.8203,0.6860,0.7612
746429,8/27/2024,0.6759999999999999,0.8436477839579796,0.68700000000000000,0.5812058936741852,0.6760,0.8436,0.6870,0.5812
746430,8/28/2024,0.6759999999999999,0.7691456572349761,0.6890000000000001,0.8594023416854848,0.6760,0.7691,0.6890,0.8594
746431,8/18/2024,0.77900000000000000,0.7463380502877981,0.68100000000000000,0.6019058366991452,0.7790,0.7463,0.6810,0.6019
746432,8/29/2024,0.67500000000000000,0.8345765219629215,0.6890000000000001,0.7474758515250518,0.6750,0.8346,0.6890,0.7475
746433,8/30/2024,0.76100000000000000,0.6616077551177058,0.6890000000000001,0.7128647893651585,0.7610,0.6616,0.6890,0.7129
746434,8/17/2024,0.78200000000000000,0.7316006513837534,0.67900000000000000,0.7803420274427859,0.7820,0.7316,0.6790,0.7803
746435,8/13/2024,0.67500000000000000,0.6276623903466099,0.67700000000000000,0.6040238874922317,0.6750,0.6277,0.6770,0.6040
746436,8/14/2024,0.67300000000000000,0.5810572687416422,0.68500000000000000,0.6941266795493755,0.6730,0.5811,0.6850,0.6941
746437,8/15/2024,0.67100000000000000,0.6269450567246718,0.6839999999999999,0.7210784451040222,0.6710,0.6269,0.6840,0.7211
746438,8/16/2024,0.78300000000000000,0.7718527553758849,0.6819999999999999,0.6969202010235029,0.7830,0.7719,0.6820,0.6969
746439,8/4/2024,0.72700000000000000,0.6813535792449816,0.67900000000000000,0.7195986334097964,0.7270,0.6814,0.6790,0.7196
746440,8/3/2024,0.72700000000000000,0.6938182320052275,0.67700000000000000,0.5538016105452848,0.7270,0.6938,0.6770,0.5538
746441,7/30/2024,0.7110000000000001,0.7584900790989935,0.6839999999999999,0.5593248526808234,0.7110,0.7585,0.6840,0.5593
746442,8/1/2024,0.72400000000000000,0.6307956876444123,0.68100000000000000,0.8366400257668805,0.7240,0.6308,0.6810,0.8366
746443,8/2/2024,0.72600000000000000,0.6430328738295037,0.67900000000000000,0.62060052356813200,0.7260,0.6430,0.6790,0.6206
746444,7/29/2024,0.7090000000000001,0.7196295685599277,0.6839999999999999,0.6835248526808235,0.7090,0.7196,0.6840,0.6835
746445,7/28/2024,0.75300000000000000,0.7004194808194026,0.68800000000000000,0.7033248526808236,0.7530,0.7004,0.6880,0.7033
746446,7/27/2024,0.75500000000000000,0.6887747619758742,0.68700000000000000,0.6240110261574308,0.7550,0.6888,0.6870,0.6240
746447,7/13/2024,0.76900000000000000,0.9125934031972509,0.68300000000000000,0.7372868777656565,0.7690,0.9126,0.6830,0.7373
746448,7/26/2024,0.75200000000000000,0.7063271980517435,0.68800000000000000,0.8014671425426061,0.7520,0.7063,0.6880,0.8015
746449,7/14/2024,0.77200000000000000,0.66169189842779700,0.6890000000000001,0.5876200639562267,0.7720,0.6617,0.6890,0.5876
746450,7/12/2024,0.77100000000000000,0.7107549841645678,0.6819999999999999,0.61344535770094600,0.7710,0.7108,0.6820,0.6134
746451,7/9/2024,0.73100000000000000,0.7429946283919318,0.67300000000000000,0.7577757537256631,0.7310,0.7430,0.6730,0.7578
746452,7/11/2024,0.73400000000000000,0.8625198959908763,0.67900000000000000,0.6773282917378767,0.7340,0.8625,0.6790,0.6773
746453,7/10/2024,0.73400000000000000,0.73076743082035500,0.6759999999999999,0.6582978360411826,0.7340,0.7308,0.6760,0.6583
746454,6/25/2024,0.75900000000000000,0.5714392361111111,0.67500000000000000,0.6304947244743198,0.7590,0.5714,0.6750,0.6305
746455,7/8/2024,0.73400000000000000,0.8706571948449419,0.6739999999999999,0.8486406641934066,0.7340,0.8707,0.6740,0.8486
746456,6/26/2024,0.75600000000000000,0.6014755144681867,0.6739999999999999,0.5639327994591307,0.7560,0.6015,0.6740,0.5639
746457,6/23/2024,0.62900000000000000,0.7145059586729673,0.66700000000000000,0.6695175054140323,0.6290,0.7145,0.6670,0.6695
746458,6/24/2024,0.75600000000000000,0.6359721685725925,0.6759999999999999,0.7111353851966258,0.7560,0.6360,0.6760,0.7111
746459,6/22/2024,0.6259999999999999,0.7733641668316793,0.6679999999999999,0.74762006928588300,0.6260,0.7734,0.6680,0.7476
746460,6/21/2024,0.6279999999999999,0.68403080060903900,0.6699999999999999,0.6564263668967187,0.6280,0.6840,0.6700,0.6564
746461,6/8/2024,0.74500000000000000,0.6488502327945597,0.67300000000000000,0.7225569769994853,0.7450,0.6489,0.6730,0.7226
746462,6/12/2024,0.65900000000000000,0.6650023618510718,0.67100000000000000,0.6497222304475285,0.6590,0.6650,0.6710,0.6497
746463,6/9/2024,0.74300000000000000,0.6980084087564635,0.66900000000000000,0.5850746655372884,0.7430,0.6980,0.6690,0.5851
746464,6/11/2024,0.6619999999999999,0.6524826494628517,0.67300000000000000,0.7544454439787731,0.6620,0.6525,0.6730,0.7544
746465,6/13/2024,0.66300000000000000,0.8096072533401304,0.67300000000000000,0.7244174230258746,0.6630,0.8096,0.6730,0.7244
746466,6/7/2024,0.73900000000000000,0.7759442007280046,0.6779999999999999,0.61236880051046100,0.7390,0.7759,0.6780,0.6124
746467,5/29/2024,0.66300000000000000,0.6854892390445965,0.6859999999999999,0.5768854199188261,0.6630,0.6855,0.6860,0.5769
746468,5/29/2024,0.66300000000000000,0.6223907828957524,0.6859999999999999,0.6765861682633343,0.6630,0.6224,0.6860,0.6766
746469,5/26/2024,0.6799999999999999,0.6577253568584207,0.67100000000000000,0.6865981153079741,0.6800,0.6577,0.6710,0.6866
746470,5/25/2024,0.68300000000000000,0.6951445728765316,0.6699999999999999,0.5930007317908714,0.6830,0.6951,0.6700,0.5930
746471,5/13/2024,0.6299999999999999,0.80313418493034300,0.67100000000000000,0.6336239162571418,0.6300,0.8031,0.6710,0.6336
746472,5/15/2024,0.62600000000000000,0.8257077015545173,0.6619999999999999,0.6464508017671202,0.6260,0.8257,0.6620,0.6465
746473,5/14/2024,0.6339999999999999,0.7691085424224896,0.67100000000000000,0.5759296160831653,0.6340,0.7691,0.6710,0.5759
746474,5/23/2024,0.67300000000000000,0.7511898770171324,0.6719999999999999,0.6764190777187824,0.6730,0.7512,0.6720,0.6764
746475,5/24/2024,0.6839999999999999,0.6178367256145034,0.6679999999999999,0.7606166653302037,0.6840,0.6178,0.6680,0.7606
746476,5/12/2024,0.73200000000000000,0.7964779193133824,0.6719999999999999,0.6587016944982624,0.7320,0.7965,0.6720,0.6587
746477,4/30/2024,0.64000000000000000,0.7493282373810676,0.6519999999999999,0.69205191288095500,0.6400,0.7493,0.6520,0.6921
746478,5/1/2024,0.64200000000000000,0.8335741198440161,0.66700000000000000,0.7325784016095813,0.6420,0.8336,0.6670,0.7326
746479,5/10/2024,0.73700000000000000,0.8068880670451473,0.66500000000000000,0.6410457033388068,0.7370,0.8069,0.6650,0.6410
746480,5/11/2024,0.73600000000000000,0.6758337598041194,0.6619999999999999,0.5391414563226924,0.7360,0.6758,0.6620,0.5391
746482,4/26/2024,0.7070000000000001,0.68079945799458000,0.64900000000000000,0.6844149659863945,0.7070,0.6808,0.6490,0.6844
746483,4/28/2024,0.6950000000000001,0.65956897343994100,0.64300000000000000,0.5236994598765433,0.6950,0.6596,0.6430,0.5237
746484,4/27/2024,0.70400000000000000,0.6247844112769485,0.63900000000000000,0.62307066217732900,0.7040,0.6248,0.6390,0.6231
746485,4/18/2024,0.7210000000000001,0.7210000000000001,0.61800000000000000,0.86100000000000000,0.7210,0.7210,0.6180,0.8610
746486,4/16/2024,0.75000000000000000,0.83500000000000000,0.61500000000000000,0.72800000000000000,0.7500,0.8350,0.6150,0.7280
746487,4/17/2024,0.7310000000000001,0.7170000000000001,0.61100000000000000,0.46200000000000000,0.7310,0.7170,0.6110,0.4620
746488,4/15/2024,0.76600000000000000,0.76600000000000000,0.62000000000000000,0.76200000000000000,0.7660,0.7660,0.6200,0.7620
746489,4/13/2024,0.60200000000000000,0.56000000000000000,0.64500000000000000,1.0350000000000001,0.6020,0.5600,0.6450,1.0350
746491,4/12/2024,0.61200000000000000,0.5690000000000001,0.62500000000000000,0.51400000000000000,0.6120,0.5690,0.6250,0.5140
746492,4/14/2024,0.61100000000000000,1.28800000000000000,0.61300000000000000,0.77200000000000000,0.6110,1.2880,0.6130,0.7720
746493,4/7/2024,0.59700000000000000,1.10000000000000000,0.62400000000000000,0.58100000000000000,0.5970,1.1000,0.6240,0.5810
746494,9/28/2024,0.77900000000000000,0.6379725197482662,0.7090000000000001,0.8258393477227088,0.7790,0.6380,0.7090,0.8258
746495,9/26/2024,0.70000000000000000,0.72653814436836300,0.7050000000000001,0.8179923415808057,0.7000,0.7265,0.7050,0.8180
746496,9/29/2024,0.78200000000000000,0.6683543116726449,0.70800000000000000,0.7932585351133044,0.7820,0.6684,0.7080,0.7933
746497,4/5/2024,0.59100000000000000,1.03800000000000000,0.61000000000000000,0.28600000000000000,0.5910,1.0380,0.6100,0.2860
746498,4/6/2024,0.60100000000000000,0.28500000000000003,0.65500000000000000,1.59600000000000000,0.6010,0.2850,0.6550,1.5960
746499,9/29/2024,0.78200000000000000,0.6734133558974408,0.70800000000000000,0.9090952678391628,0.7820,0.6734,0.7080,0.9091
746500,9/18/2024,0.78200000000000000,0.82314332729772500,0.7030000000000001,0.8021926782956924,0.7820,0.8231,0.7030,0.8022
746501,9/26/2024,0.70000000000000000,0.6889874089353993,0.7050000000000001,0.8177313685376415,0.7000,0.6890,0.7050,0.8177
746502,9/17/2024,0.78200000000000000,0.7782954409304834,0.70400000000000000,0.7949253893392241,0.7820,0.7783,0.7040,0.7949
746503,9/18/2024,0.78200000000000000,0.8266727581976331,0.7030000000000001,0.7947239095394374,0.7820,0.8267,0.7030,0.7947
746504,9/25/2024,0.70000000000000000,0.48510297989407314,0.70400000000000000,0.7910833150828969,0.7000,0.4851,0.7040,0.7911
746505,9/1/2024,0.75900000000000000,0.6939110411679401,0.7110000000000001,0.9036196387543531,0.7590,0.6939,0.7110,0.9036
746506,9/15/2024,0.7110000000000001,0.7582031571638472,0.7050000000000001,0.8170555875904213,0.7110,0.7582,0.7050,0.8171
746507,9/1/2024,0.75900000000000000,0.6906281259470577,0.7110000000000001,0.8048709546689277,0.7590,0.6906,0.7110,0.8049
746508,9/15/2024,0.7110000000000001,0.6836665105338247,0.7050000000000001,0.8113688956612553,0.7110,0.6837,0.7050,0.8114
746509,9/14/2024,0.7090000000000001,0.6999561026140042,0.70200000000000000,0.8013209218020496,0.7090,0.7000,0.7020,0.8013
746510,8/28/2024,0.6659999999999999,0.8374942476979756,0.70400000000000000,0.8075747592505862,0.6660,0.8375,0.7040,0.8076
746511,8/31/2024,0.76000000000000000,0.6947649137750961,0.71200000000000000,0.8091607432880531,0.7600,0.6948,0.7120,0.8092
746512,8/29/2024,0.6699999999999999,0.8407685346807802,0.70800000000000000,0.8384449396817091,0.6700,0.8408,0.7080,0.8384
746513,8/27/2024,0.6659999999999999,0.7897509920487773,0.7050000000000001,0.8039558124841726,0.6660,0.7898,0.7050,0.8040
746514,8/29/2024,0.6699999999999999,0.7669205205902927,0.70800000000000000,0.7482833589152076,0.6700,0.7669,0.7080,0.7483
746515,8/18/2024,0.74500000000000000,0.6489458246891655,0.71000000000000000,0.8385016325792759,0.7450,0.6489,0.7100,0.8385
746516,8/18/2024,0.74500000000000000,0.7813004533797936,0.71000000000000000,0.6799858551624871,0.7450,0.7813,0.7100,0.6800
746517,8/11/2024,0.71600000000000000,0.6811779965263123,0.7070000000000001,0.8307613403965467,0.7160,0.6812,0.7070,0.8308
746518,8/17/2024,0.74300000000000000,0.6978205663865708,0.7090000000000001,0.8093677463804714,0.7430,0.6978,0.7090,0.8094
746519,8/7/2024,0.74200000000000000,0.6785709627747256,0.70600000000000000,0.8330864297361968,0.7420,0.6786,0.7060,0.8331
746520,8/11/2024,0.71600000000000000,0.6391866420456102,0.7070000000000001,0.8204989133138114,0.7160,0.6392,0.7070,0.8205
746521,8/8/2024,0.74100000000000000,0.6970999800449333,0.70800000000000000,0.7974101499227283,0.7410,0.6971,0.7080,0.7974
746522,8/8/2024,0.74100000000000000,0.71610906017238900,0.70800000000000000,0.8023461297971499,0.7410,0.7161,0.7080,0.8023
746523,8/10/2024,0.71300000000000000,0.5785905246031406,0.70600000000000000,0.8782926148300336,0.7130,0.5786,0.7060,0.8783
746524,7/24/2024,0.75200000000000000,0.71569847380994700,0.71000000000000000,0.8521205854273769,0.7520,0.7157,0.7100,0.8521
746525,7/24/2024,0.75200000000000000,0.6875078367566276,0.71000000000000000,0.7766844178317126,0.7520,0.6875,0.7100,0.7767
746526,7/23/2024,0.75100000000000000,0.60694551798340000,0.7070000000000001,0.7850802827982939,0.7510,0.6069,0.7070,0.7851
746527,7/21/2024,0.70800000000000000,0.6793080224503918,0.71000000000000000,0.8162552174555594,0.7080,0.6793,0.7100,0.8163
746528,7/21/2024,0.70800000000000000,0.74249793905656300,0.71000000000000000,0.7844507759010693,0.7080,0.7425,0.7100,0.7845
746529,7/7/2024,0.7110000000000001,0.6221548579997249,0.6990000000000001,0.7837378009044489,0.7110,0.6222,0.6990,0.7837
746530,7/7/2024,0.7110000000000001,0.6741799499630179,0.6990000000000001,0.7290195997628767,0.7110,0.6742,0.6990,0.7290
746531,7/20/2024,0.7090000000000001,0.7397539019745472,0.70600000000000000,0.7748628893968698,0.7090,0.7398,0.7060,0.7749
746532,7/5/2024,0.7350000000000001,0.6679020593243981,0.69800000000000000,0.7617111086398214,0.7350,0.6679,0.6980,0.7617
746533,7/6/2024,0.71200000000000000,0.6368067072086603,0.69800000000000000,0.8342416465838745,0.7120,0.6368,0.6980,0.8342
746534,7/4/2024,0.7350000000000001,0.6981415181250166,0.70000000000000000,0.7972680260558757,0.7350,0.6981,0.7000,0.7973
746535,7/2/2024,0.73200000000000000,0.5830941128969314,0.69400000000000000,0.7843615349484676,0.7320,0.5831,0.6940,0.7844
746536,6/23/2024,0.67500000000000000,0.6858022614708905,0.70600000000000000,0.9224933818000077,0.6750,0.6858,0.7060,0.9225
746537,7/3/2024,0.73400000000000000,0.92717597781917100,0.69800000000000000,0.7996645120576967,0.7340,0.9272,0.6980,0.7997
746538,6/20/2024,0.78000000000000000,0.7284240710688772,0.70400000000000000,0.7888818975242009,0.7800,0.7284,0.7040,0.7889
746539,6/20/2024,0.78000000000000000,0.6438518650533537,0.70400000000000000,0.7783460831272107,0.7800,0.6439,0.7040,0.7783
746540,6/22/2024,0.7010000000000001,0.7239668490416074,0.71400000000000000,0.7803533984415771,0.7010,0.7240,0.7140,0.7804
746541,6/23/2024,0.67500000000000000,0.6515897740231329,0.70600000000000000,0.7432612836574233,0.6750,0.6516,0.7060,0.7433
746542,6/19/2024,0.77500000000000000,0.7517760977963649,0.6990000000000001,0.7583792206370706,0.7750,0.7518,0.6990,0.7584
746543,6/18/2024,0.79200000000000000,0.6553094967383958,0.7110000000000001,0.7213429109419631,0.7920,0.6553,0.7110,0.7213
746544,6/5/2024,0.6759999999999999,0.7298781571138031,0.69400000000000000,0.7225254119595657,0.6760,0.7299,0.6940,0.7225
746545,6/15/2024,0.69400000000000000,0.70631671755387400,0.7090000000000001,0.7780362892507541,0.6940,0.7063,0.7090,0.7780
746546,6/16/2024,0.6599999999999999,0.8080881274665843,0.69000000000000000,0.73231602739245000,0.6600,0.8081,0.6900,0.7323
746547,6/16/2024,0.6599999999999999,0.7101295133176144,0.69000000000000000,0.7776677247782817,0.6600,0.7101,0.6900,0.7777
746548,6/4/2024,0.7290000000000001,0.7047021481416327,0.7110000000000001,0.7808895989890858,0.7290,0.7047,0.7110,0.7809
746549,5/27/2024,0.7090000000000001,0.7163158570816599,0.69000000000000000,0.8788812482928161,0.7090,0.7163,0.6900,0.8789
746550,6/5/2024,0.6759999999999999,0.6900798074486952,0.69400000000000000,0.75751243827160500,0.6760,0.6901,0.6940,0.7575
746551,5/30/2024,0.7210000000000001,0.8311775576141078,0.69400000000000000,0.7111098922993255,0.7210,0.8312,0.6940,0.7111
746552,5/29/2024,0.7030000000000001,0.7501480111045468,0.7110000000000001,0.7548462831816745,0.7030,0.7501,0.7110,0.7548
746553,5/11/2024,0.77800000000000000,0.6622025825739866,0.7090000000000001,0.7418228035301994,0.7780,0.6622,0.7090,0.7418
746554,5/12/2024,0.72400000000000000,0.6932597484633323,0.6759999999999999,0.7515965259859934,0.7240,0.6933,0.6760,0.7516
746555,5/12/2024,0.72400000000000000,0.6561492354348197,0.6759999999999999,0.5830335429196282,0.7240,0.6561,0.6760,0.5830
746556,5/26/2024,0.75800000000000000,0.6218135700466043,0.6930000000000001,0.7206512178845512,0.7580,0.6218,0.6930,0.7207
746557,5/26/2024,0.75800000000000000,0.53216500576687200,0.6930000000000001,0.7041046371574826,0.7580,0.5322,0.6930,0.7041
746558,5/25/2024,0.76500000000000000,0.6633241548662094,0.7110000000000001,0.7337825364400667,0.7650,0.6633,0.7110,0.7338
746559,5/8/2024,0.6930000000000001,0.6763582075818917,0.70600000000000000,0.7750275283446713,0.6930,0.6764,0.7060,0.7750
746560,4/27/2024,0.7230000000000001,0.5426451335055986,0.6930000000000001,0.7784997530864197,0.7230,0.5426,0.6930,0.7785
746561,4/28/2024,0.74200000000000000,0.7034866481753412,0.6930000000000001,0.79967246376811600,0.7420,0.7035,0.6930,0.7997
746562,5/9/2024,0.67300000000000000,0.6250631605255641,0.65500000000000000,0.8607749017763737,0.6730,0.6251,0.6550,0.8608
746563,5/9/2024,0.67300000000000000,0.6481177970774745,0.65500000000000000,0.7309775191858525,0.6730,0.6481,0.6550,0.7310
746564,4/25/2024,0.7310000000000001,0.7465867916108879,0.68100000000000000,0.7744365581098339,0.7310,0.7466,0.6810,0.7744
746565,4/23/2024,0.74300000000000000,0.5467703703703704,0.6779999999999999,0.7644444444444445,0.7430,0.5468,0.6780,0.7644
746566,4/24/2024,0.7310000000000001,0.6755641058201058,0.66900000000000000,0.8261021367521368,0.7310,0.6756,0.6690,0.8261
746567,4/25/2024,0.7310000000000001,0.6741763942931258,0.68100000000000000,0.6451535947712419,0.7310,0.6742,0.6810,0.6452
746568,4/21/2024,0.72800000000000000,0.7710592592592593,0.71400000000000000,0.82800000000000000,0.7280,0.7711,0.7140,0.8280
746569,4/9/2024,0.73400000000000000,0.60300000000000000,0.71800000000000000,1.1840000000000002,0.7340,0.6030,0.7180,1.1840
746570,4/21/2024,0.64400000000000000,0.91100000000000000,0.70600000000000000,0.65900000000000000,0.6440,0.9110,0.7060,0.6590
746571,4/10/2024,0.7569999999999999,0.5740000000000001,0.72900000000000000,0.9380000000000001,0.7570,0.5740,0.7290,0.9380
746572,4/22/2024,0.65500000000000000,0.7675338363054414,0.68800000000000000,0.79630000000000000,0.6550,0.7675,0.6880,0.7963
746573,4/10/2024,0.7569999999999999,0.89900000000000000,0.72900000000000000,0.90400000000000000,0.7570,0.8990,0.7290,0.9040
746574,4/7/2024,0.77400000000000000,0.68300000000000000,0.7170000000000001,0.47300000000000003,0.7740,0.6830,0.7170,0.4730
746575,4/7/2024,0.77400000000000000,1.08100000000000000,0.7170000000000001,0.5549999999999999,0.7740,1.0810,0.7170,0.5550
746576,4/5/2024,0.6839999999999999,0.47300000000000003,0.62200000000000000,1.09300000000000000,0.6840,0.4730,0.6220,1.0930
746577,9/29/2024,0.74300000000000000,0.74300000000000000,0.7050000000000001,0.7050000000000001,0.7430,0.7430,0.7050,0.7050
746578,9/28/2024,0.74400000000000000,0.7446237541551699,0.7050000000000001,0.7356323512729331,0.7440,0.7446,0.7050,0.7356
746579,9/19/2024,0.73900000000000000,0.7034521262375648,0.7050000000000001,0.7415647866980848,0.7390,0.7035,0.7050,0.7416
746580,9/27/2024,0.74200000000000000,0.6660628280906683,0.70600000000000000,0.7359190934376674,0.7420,0.6661,0.7060,0.7359
746581,9/24/2024,0.7030000000000001,0.8582178741431242,0.70400000000000000,0.7184145514122815,0.7030,0.8582,0.7040,0.7184
746582,9/18/2024,0.74000000000000000,0.68204230054799500,0.7050000000000001,0.7237690792957385,0.7400,0.6820,0.7050,0.7238
746583,9/25/2024,0.7010000000000001,0.5950602367714195,0.70600000000000000,0.26655835752334167,0.7010,0.5951,0.7060,0.2666
746584,9/14/2024,0.67700000000000000,0.6136829743684571,0.7050000000000001,0.7659106199530682,0.6770,0.6137,0.7050,0.7659
746585,9/15/2024,0.67500000000000000,0.7220058617677312,0.70600000000000000,0.7430528974773998,0.6750,0.7220,0.7060,0.7431
746586,9/13/2024,0.6759999999999999,0.7518186817564476,0.7070000000000001,0.7169895401951503,0.6760,0.7518,0.7070,0.7170
746587,9/17/2024,0.74100000000000000,0.8334815798979938,0.70600000000000000,0.7476362588136892,0.7410,0.8335,0.7060,0.7476
746588,9/16/2024,0.74200000000000000,0.7074239675626273,0.7050000000000001,0.6520521156097956,0.7420,0.7074,0.7050,0.6521
746589,8/28/2024,0.74200000000000000,0.6788997067483171,0.70200000000000000,0.7245632849061445,0.7420,0.6789,0.7020,0.7246
746590,8/31/2024,0.6819999999999999,0.6700205942747548,0.7070000000000001,0.6372179590702338,0.6820,0.6700,0.7070,0.6372
746591,9/12/2024,0.67500000000000000,0.6982807936303734,0.70800000000000000,0.7363335906076244,0.6750,0.6983,0.7080,0.7363
746592,9/1/2024,0.68100000000000000,0.7192938945314804,0.7050000000000001,0.8071040946131876,0.6810,0.7193,0.7050,0.8071
746593,8/30/2024,0.6799999999999999,0.7162161618124778,0.70400000000000000,0.7523846174682169,0.6800,0.7162,0.7040,0.7524
746594,8/27/2024,0.74100000000000000,0.6898684714687189,0.7050000000000001,0.7770998594048064,0.7410,0.6899,0.7050,0.7771
746595,8/25/2024,0.68500000000000000,0.6355753719285735,0.7070000000000001,0.6949630974733682,0.6850,0.6356,0.7070,0.6950
746596,8/26/2024,0.73800000000000000,0.7028802602819562,0.7070000000000001,0.83182621009719200,0.7380,0.7029,0.7070,0.8318
746597,8/23/2024,0.68700000000000000,0.6743226865993747,0.7030000000000001,0.7233536003132157,0.6870,0.6743,0.7030,0.7234
746598,8/14/2024,0.69800000000000000,0.6830673356252841,0.71200000000000000,0.9478873285848555,0.6980,0.6831,0.7120,0.9479
746599,8/24/2024,0.6859999999999999,0.6864329191716232,0.70200000000000000,0.75788971563959700,0.6860,0.6864,0.7020,0.7579
746600,8/5/2024,0.75700000000000000,0.7363049231286253,0.71600000000000000,0.8277587489023073,0.7570,0.7363,0.7160,0.8278
746601,8/13/2024,0.70000000000000000,0.6994916966412759,0.71400000000000000,0.7389389262148215,0.7000,0.6995,0.7140,0.7389
746603,8/12/2024,0.69800000000000000,0.6627526571975495,0.7110000000000001,0.7458145546370842,0.6980,0.6628,0.7110,0.7458
746604,8/7/2024,0.75900000000000000,0.7174917848339164,0.71600000000000000,0.7439939713795316,0.7590,0.7175,0.7160,0.7440
746605,8/2/2024,0.77500000000000000,0.6953102911219957,0.7170000000000001,0.8012359160122359,0.7750,0.6953,0.7170,0.8012
746606,8/4/2024,0.77300000000000000,0.6380607264140516,0.71600000000000000,0.7194524441282555,0.7730,0.6381,0.7160,0.7195
746607,8/1/2024,0.77700000000000000,0.7528602713458029,0.71200000000000000,0.7382751055875645,0.7770,0.7529,0.7120,0.7383
746608,8/3/2024,0.77100000000000000,0.7099442481451521,0.7170000000000001,0.8813051294064446,0.7710,0.7099,0.7170,0.8813
746609,7/25/2024,0.68800000000000000,0.5515702579011393,0.71600000000000000,0.7634840246156614,0.6880,0.5516,0.7160,0.7635
746610,7/21/2024,0.7270000000000001,0.6927532118379354,0.7190000000000001,0.7568320246376514,0.7270,0.6928,0.7190,0.7568
746611,7/24/2024,0.6910000000000001,0.67200364134245500,0.7190000000000001,0.7304052835356252,0.6910,0.6720,0.7190,0.7304
746612,7/22/2024,0.68800000000000000,0.6134783990397215,0.7150000000000001,0.7968460483252984,0.6880,0.6135,0.7150,0.7968
746613,7/20/2024,0.7250000000000001,0.6800213846569931,0.72400000000000000,0.7405245232142346,0.7250,0.6800,0.7240,0.7405
746614,7/23/2024,0.69200000000000000,0.5490853393066598,0.7150000000000001,0.7968343974049379,0.6920,0.5491,0.7150,0.7968
746615,7/6/2024,0.7090000000000001,0.7457337786684481,0.73300000000000000,0.8359609034426125,0.7090,0.7457,0.7330,0.8360
746616,7/7/2024,0.7070000000000001,0.8231953102115465,0.73400000000000000,0.7948268816079562,0.7070,0.8232,0.7340,0.7948
746617,7/3/2024,0.62900000000000000,0.6848330765934714,0.73100000000000000,0.7595273622249609,0.6290,0.6848,0.7310,0.7595
746618,7/19/2024,0.72900000000000000,0.7050497298696259,0.7230000000000001,0.7359402647659727,0.7290,0.7050,0.7230,0.7359
746619,7/4/2024,0.63300000000000000,0.6796490788797158,0.72800000000000000,0.74605588570086000,0.6330,0.6796,0.7280,0.7461
746620,7/5/2024,0.7110000000000001,0.7057136851840345,0.73000000000000000,0.7289494023995855,0.7110,0.7057,0.7300,0.7289
746621,6/23/2024,0.67500000000000000,0.7214621258167839,0.7270000000000001,0.7685306411618845,0.6750,0.7215,0.7270,0.7685
746622,6/22/2024,0.67500000000000000,0.7094561459586843,0.7230000000000001,0.7326376841116686,0.6750,0.7095,0.7230,0.7326
746623,7/2/2024,0.6279999999999999,0.7529958467208298,0.73100000000000000,0.7995782503240212,0.6280,0.7530,0.7310,0.7996
746624,6/21/2024,0.67700000000000000,0.7633311423254698,0.72600000000000000,0.7995258012757858,0.6770,0.7633,0.7260,0.7995
746625,6/19/2024,0.67500000000000000,0.46289688654713285,0.7190000000000001,0.7376699643653586,0.6750,0.4629,0.7190,0.7377
746626,6/20/2024,0.6719999999999999,0.6472980084744896,0.7210000000000001,0.8158914479175624,0.6720,0.6473,0.7210,0.8159
746627,6/18/2024,0.66900000000000000,0.5935033202036519,0.72000000000000000,0.76403053027630800,0.6690,0.5935,0.7200,0.7640
746628,8/26/2024,0.73800000000000000,0.6546162531024731,0.7070000000000001,0.7238078251876647,0.7380,0.6546,0.7070,0.7238
746629,6/1/2024,0.6639999999999999,0.6663694841315935,0.72000000000000000,0.7439932938612701,0.6640,0.6664,0.7200,0.7440
746630,6/4/2024,0.72500000000000000,0.6083558965044726,0.7130000000000001,0.7489687244259078,0.7250,0.6084,0.7130,0.7490
746631,6/6/2024,0.72700000000000000,0.6531992394097077,0.7130000000000001,0.73764907042477800,0.7270,0.6532,0.7130,0.7376
746632,6/2/2024,0.66100000000000000,0.6687815829528159,0.7170000000000001,0.8027467889096755,0.6610,0.6688,0.7170,0.8027
746633,5/21/2024,0.6739999999999999,0.7350181696037996,0.70200000000000000,0.5135979213172991,0.6740,0.7350,0.7020,0.5136
746634,5/22/2024,0.6799999999999999,0.7165613716618349,0.7050000000000001,0.7080017213074725,0.6800,0.7166,0.7050,0.7080
746635,5/31/2024,0.6699999999999999,0.8076380376110047,0.71800000000000000,0.75496964243752400,0.6700,0.8076,0.7180,0.7550
746636,5/19/2024,0.7010000000000001,0.7665136572979598,0.71000000000000000,0.7580816659748166,0.7010,0.7665,0.7100,0.7581
746637,5/20/2024,0.67700000000000000,0.6745017671313569,0.70800000000000000,0.74938774698617200,0.6770,0.6745,0.7080,0.7494
746638,5/7/2024,0.6559999999999999,0.7032720664589823,0.71200000000000000,0.8167986483267834,0.6560,0.7033,0.7120,0.8168
746639,5/6/2024,0.65900000000000000,0.6425583180987202,0.71200000000000000,0.7698266369047619,0.6590,0.6426,0.7120,0.7698
746640,5/8/2024,0.66900000000000000,0.6106097357585866,0.7130000000000001,0.8142076508326508,0.6690,0.6106,0.7130,0.8142
746641,5/17/2024,0.7050000000000001,0.6777922356930509,0.70000000000000000,0.71925444270039000,0.7050,0.6778,0.7000,0.7193
746642,5/18/2024,0.7030000000000001,0.6517999423955592,0.70000000000000000,0.8216952258235042,0.7030,0.6518,0.7000,0.8217
746643,5/5/2024,0.69200000000000000,0.7711593201151212,0.71400000000000000,0.8537442132201074,0.6920,0.7712,0.7140,0.8537
746644,5/4/2024,0.7010000000000001,0.67498936092644900,0.7110000000000001,0.6958281802577648,0.7010,0.6750,0.7110,0.6958
746645,5/3/2024,0.6950000000000001,0.7136467087416265,0.72400000000000000,0.7738446378852004,0.6950,0.7136,0.7240,0.7738
746646,4/25/2024,0.71600000000000000,0.5100553846153846,0.72600000000000000,0.7787675137020428,0.7160,0.5101,0.7260,0.7788
746647,4/23/2024,0.7010000000000001,0.5380926383173297,0.73900000000000000,0.6900508351488743,0.7010,0.5381,0.7390,0.6901
746648,4/14/2024,0.75400000000000000,0.55800000000000000,0.73400000000000000,0.77300000000000000,0.7540,0.5580,0.7340,0.7730
746649,4/24/2024,0.69600000000000000,0.6822051282051282,0.74100000000000000,0.7823994190268699,0.6960,0.6822,0.7410,0.7824
746650,4/19/2024,0.6140000000000001,0.75800000000000000,0.71600000000000000,0.73100000000000000,0.6140,0.7580,0.7160,0.7310
746651,4/20/2024,0.61500000000000000,1.0419999999999998,0.7250000000000001,0.81000000000000000,0.6150,1.0420,0.7250,0.8100
746652,4/21/2024,0.62300000000000000,0.9123185185185185,0.73700000000000000,0.8773629629629629,0.6230,0.9123,0.7370,0.8774
746653,4/9/2024,0.57100000000000000,0.90600000000000000,0.74400000000000000,0.7090000000000001,0.5710,0.9060,0.7440,0.7090
746654,4/8/2024,0.58500000000000000,0.53600000000000000,0.7430000000000001,0.8200000000000001,0.5850,0.5360,0.7430,0.8200
746655,4/10/2024,0.59900000000000000,0.77600000000000000,0.73800000000000000,0.8140000000000001,0.5990,0.7760,0.7380,0.8140
746656,4/13/2024,0.73600000000000000,0.89700000000000000,0.74800000000000000,0.8009999999999999,0.7360,0.8970,0.7480,0.8010
746657,9/22/2024,0.67500000000000000,0.6269810427431701,0.7050000000000001,0.6341301157948727,0.6750,0.6270,0.7050,0.6341
746658,4/13/2024,0.73600000000000000,0.73600000000000000,0.74800000000000000,0.64900000000000000,0.7360,0.7360,0.7480,0.6490
746659,9/17/2024,0.71600000000000000,0.6747891431531794,0.7030000000000001,0.6357216858729362,0.7160,0.6748,0.7030,0.6357
746660,9/21/2024,0.6759999999999999,0.7153030962261101,0.70400000000000000,0.6370929874651179,0.6760,0.7153,0.7040,0.6371
746661,9/20/2024,0.6759999999999999,0.7296059956162947,0.7030000000000001,0.6721359995556369,0.6760,0.7296,0.7030,0.6721
746662,9/18/2024,0.71800000000000000,0.6867870918875658,0.70400000000000000,0.6248590961992311,0.7180,0.6868,0.7040,0.6249
746663,9/19/2024,0.71900000000000000,0.6172092154801199,0.7030000000000001,0.7417394637749952,0.7190,0.6172,0.7030,0.7417
746664,9/5/2024,0.74100000000000000,0.6915778017310126,0.71000000000000000,0.5844725019713342,0.7410,0.6916,0.7100,0.5845
746665,8/30/2024,0.73800000000000000,0.8302713134121464,0.70800000000000000,0.7192139627982053,0.7380,0.8303,0.7080,0.7192
746666,9/4/2024,0.74100000000000000,0.7183895496842514,0.70800000000000000,0.7012699987163427,0.7410,0.7184,0.7080,0.7013
746667,8/31/2024,0.74400000000000000,0.7096302548469969,0.70600000000000000,0.7190958612996055,0.7440,0.7096,0.7060,0.7191
746668,9/2/2024,0.74200000000000000,0.7174716743941268,0.7070000000000001,0.8413318809064534,0.7420,0.7175,0.7070,0.8413
746669,9/1/2024,0.74400000000000000,0.6749851855023952,0.7070000000000001,0.7208257933678852,0.7440,0.6750,0.7070,0.7208
746670,8/29/2024,0.70000000000000000,0.46433051446010015,0.70600000000000000,0.6959482141310154,0.7000,0.4643,0.7060,0.6959
746671,8/27/2024,0.6950000000000001,0.7536677186170553,0.70600000000000000,0.7236661675502878,0.6950,0.7537,0.7060,0.7237
746672,8/28/2024,0.69600000000000000,0.6223335770809464,0.70600000000000000,0.7209661675502879,0.6960,0.6223,0.7060,0.7210
746673,8/13/2024,0.6990000000000001,0.6821445812009777,0.7030000000000001,0.6220052600230368,0.6990,0.6821,0.7030,0.6220
746674,8/16/2024,0.73000000000000000,0.7044016610346191,0.70800000000000000,0.6429750510836105,0.7300,0.7044,0.7080,0.6430
746675,8/17/2024,0.73200000000000000,0.6855834543529808,0.70600000000000000,0.6842729037210502,0.7320,0.6856,0.7060,0.6843
746676,8/18/2024,0.73500000000000000,0.68431821214014700,0.70400000000000000,0.7245321307391555,0.7350,0.6843,0.7040,0.7245
746677,8/14/2024,0.69800000000000000,0.7186502489951776,0.7030000000000001,0.7650831801711282,0.6980,0.7187,0.7030,0.7651
746678,7/31/2024,0.68500000000000000,0.7622093076610084,0.70000000000000000,0.66851535349098600,0.6850,0.7622,0.7000,0.6685
746679,8/2/2024,0.71200000000000000,0.6807528922423758,0.70000000000000000,0.7145637444999369,0.7120,0.6808,0.7000,0.7146
746680,8/4/2024,0.7110000000000001,0.7679141944909299,0.69800000000000000,0.6852865204296501,0.7110,0.7679,0.6980,0.6853
746681,8/3/2024,0.7110000000000001,0.6992596936968396,0.6950000000000001,0.6317386522236669,0.7110,0.6993,0.6950,0.6317
746682,8/12/2024,0.70200000000000000,0.67802761820548700,0.70200000000000000,0.7272104202383662,0.7020,0.6780,0.7020,0.7272
746683,7/30/2024,0.68500000000000000,0.6279846893541791,0.69800000000000000,0.40861191050612405,0.6850,0.6280,0.6980,0.4086
746684,7/29/2024,0.68800000000000000,0.6560104363136299,0.6950000000000001,0.7196706777339397,0.6880,0.6560,0.6950,0.7197
746685,7/12/2024,0.63100000000000000,0.8029579569791763,0.69600000000000000,0.7151716283506013,0.6310,0.8030,0.6960,0.7152
746686,7/14/2024,0.63900000000000000,0.7972986481188846,0.7050000000000001,0.6781443862896839,0.6390,0.7973,0.7050,0.6781
746687,7/13/2024,0.63500000000000000,0.7705871244696314,0.70000000000000000,0.6867578475807301,0.6350,0.7706,0.7000,0.6868
746688,7/11/2024,0.7010000000000001,0.7772216996346274,0.6910000000000001,0.6576656423412237,0.7010,0.7772,0.6910,0.6577
746689,7/10/2024,0.69800000000000000,0.8150385736647119,0.68800000000000000,0.7054164879563625,0.6980,0.8150,0.6880,0.7054
746690,7/9/2024,0.6950000000000001,0.7605005294864922,0.6799999999999999,0.6526865390551433,0.6950,0.7605,0.6800,0.6527
746691,7/7/2024,0.6719999999999999,0.6228942438473937,0.68300000000000000,0.7357920782304059,0.6720,0.6229,0.6830,0.7358
746692,7/8/2024,0.69800000000000000,0.7964167365401296,0.67900000000000000,0.6951798725008078,0.6980,0.7964,0.6790,0.6952
746693,7/5/2024,0.66700000000000000,0.6606589274311381,0.68500000000000000,0.6438502092312842,0.6670,0.6607,0.6850,0.6439
746694,7/6/2024,0.6719999999999999,0.6627159969581748,0.68300000000000000,0.6661538140237161,0.6720,0.6627,0.6830,0.6662
746695,6/26/2024,0.65900000000000000,0.6862377702381353,0.6859999999999999,0.7352105800691018,0.6590,0.6862,0.6860,0.7352
746696,6/24/2024,0.65700000000000000,0.6926783873375928,0.68100000000000000,0.6852338153391255,0.6570,0.6927,0.6810,0.6852
746697,6/25/2024,0.6559999999999999,0.7011837215252695,0.68500000000000000,0.6581321871938719,0.6560,0.7012,0.6850,0.6581
746698,6/21/2024,0.74500000000000000,0.6577815417740256,0.67700000000000000,0.7047941985488649,0.7450,0.6578,0.6770,0.7048
746699,6/23/2024,0.74200000000000000,0.4724035290296845,0.68100000000000000,0.6376221763081757,0.7420,0.4724,0.6810,0.6376
746700,6/22/2024,0.74300000000000000,0.6925789939974882,0.6799999999999999,0.7048731981900522,0.7430,0.6926,0.6800,0.7049
746701,6/12/2024,0.72200000000000000,0.7337467073077131,0.6819999999999999,0.6367228323317817,0.7220,0.7337,0.6820,0.6367
746702,6/11/2024,0.7210000000000001,0.7712841627654283,0.68500000000000000,0.7424648756881781,0.7210,0.7713,0.6850,0.7425
746703,6/8/2024,0.6819999999999999,0.6094527895119314,0.68700000000000000,0.7015810591374974,0.6820,0.6095,0.6870,0.7016
746704,6/7/2024,0.6839999999999999,0.7060970169952282,0.69000000000000000,0.6283677800531863,0.6840,0.7061,0.6900,0.6284
746705,6/9/2024,0.6839999999999999,0.6365030383649248,0.68800000000000000,0.6899629853728655,0.6840,0.6365,0.6880,0.6900
746706,5/29/2024,0.67900000000000000,0.8107288855478294,0.6599999999999999,0.7113083362430949,0.6790,0.8107,0.6600,0.7113
746707,6/6/2024,0.6839999999999999,0.6520757211786214,0.68700000000000000,0.65646934785089100,0.6840,0.6521,0.6870,0.6565
746708,5/27/2024,0.67700000000000000,0.7258181778913726,0.6619999999999999,0.6161917203723271,0.6770,0.7258,0.6620,0.6162
746709,5/28/2024,0.67300000000000000,0.7177710640493102,0.6619999999999999,0.6809229722550452,0.6730,0.7178,0.6620,0.6809
746710,5/25/2024,0.77000000000000000,0.7359363437065555,0.6579999999999999,0.6496633643177218,0.7700,0.7359,0.6580,0.6497
746711,5/26/2024,0.76500000000000000,0.6194616135515361,0.6619999999999999,0.7363714528601986,0.7650,0.6195,0.6620,0.7364
746712,5/22/2024,0.71000000000000000,0.7113116354449688,0.6499999999999999,0.6686046769084035,0.7100,0.7113,0.6500,0.6686
746713,5/24/2024,0.76700000000000000,0.6546355692384239,0.65100000000000000,0.7073154909090911,0.7670,0.6546,0.6510,0.7073
746714,5/23/2024,0.71600000000000000,0.7292061111111112,0.64900000000000000,0.7043860936408106,0.7160,0.7292,0.6490,0.7044
746715,5/9/2024,0.71600000000000000,0.6484817923369031,0.64500000000000000,0.6318744460034298,0.7160,0.6485,0.6450,0.6319
746716,5/21/2024,0.7170000000000001,0.8096081416011972,0.65500000000000000,0.70000383173139100,0.7170,0.8096,0.6550,0.7000
746717,5/8/2024,0.71600000000000000,0.7869531243158991,0.64500000000000000,0.66923941600984400,0.7160,0.7870,0.6450,0.6692
746718,5/7/2024,0.71800000000000000,0.7386589502129473,0.6479999999999999,0.6905894304324776,0.7180,0.7387,0.6480,0.6906
746719,5/5/2024,0.75300000000000000,0.6751253382515963,0.6579999999999999,0.5754733506018589,0.7530,0.6751,0.6580,0.5755
746720,5/4/2024,0.75700000000000000,0.7359291747888239,0.66300000000000000,0.6848730976421065,0.7570,0.7359,0.6630,0.6849
746721,5/3/2024,0.75700000000000000,0.6798621465277424,0.67700000000000000,0.6455895763702073,0.7570,0.6799,0.6770,0.6456
746722,4/23/2024,0.71600000000000000,0.5784115369725126,0.6970000000000001,0.6890328342526923,0.7160,0.5784,0.6970,0.6890
746723,4/22/2024,0.71000000000000000,0.5088666666666667,0.7170000000000001,0.7029555555555556,0.7100,0.5089,0.7170,0.7030
746724,4/25/2024,0.71200000000000000,0.5230488490411641,0.71000000000000000,0.6720026455026455,0.7120,0.5230,0.7100,0.6720
746725,4/24/2024,0.71000000000000000,0.48236222222222225,0.7010000000000001,0.5545992063492062,0.7100,0.4824,0.7010,0.5546
746726,4/20/2024,0.68500000000000000,0.68700000000000000,0.71400000000000000,0.68700000000000000,0.6850,0.6870,0.7140,0.6870
746727,4/21/2024,0.68100000000000000,0.7237777777777779,0.7230000000000001,0.75000000000000000,0.6810,0.7238,0.7230,0.7500
746728,4/10/2024,0.80000000000000000,0.37700000000000000,0.74100000000000000,0.66200000000000000,0.8000,0.3770,0.7410,0.6620
746729,4/19/2024,0.69400000000000000,0.57700000000000000,0.71200000000000000,0.24600000000000000,0.6940,0.5770,0.7120,0.2460
746730,8/30/2024,0.73800000000000000,0.6948178022799705,0.70800000000000000,0.6847928000886767,0.7380,0.6948,0.7080,0.6848
746731,4/6/2024,0.53700000000000000,0.9630000000000001,0.78300000000000000,0.7769999999999999,0.5370,0.9630,0.7830,0.7770
746732,4/9/2024,0.8089999999999999,0.54300000000000000,0.76800000000000000,0.5529999999999999,0.8090,0.5430,0.7680,0.5530
746733,4/5/2024,0.53800000000000000,0.85500000000000000,0.8009999999999999,0.74200000000000000,0.5380,0.8550,0.8010,0.7420
746734,4/7/2024,0.5569999999999999,0.20600000000000000,0.78400000000000000,0.44899999999999995,0.5570,0.2060,0.7840,0.4490
746735,4/8/2024,0.80000000000000000,0.80000000000000000,0.74800000000000000,0.64300000000000000,0.8000,0.8000,0.7480,0.6430
746736,3/30/2024,0.46900000000000003,0.46900000000000003,0.91000000000000000,0.91000000000000000,0.4690,0.4690,0.9100,0.9100
746737,3/28/2024,0.71200000000000000,1.00000000000000000,0.74800000000000000,1.00000000000000000,0.7120,1.0000,0.7480,1.0000
746738,9/26/2024,0.67500000000000000,0.7249999443524192,0.61900000000000000,0.7951321913036148,0.6750,0.7250,0.6190,0.7951
746739,3/31/2024,0.7270000000000001,0.7270000000000001,0.89500000000000000,0.89500000000000000,0.7270,0.7270,0.8950,0.8950
746740,9/14/2024,0.7030000000000001,0.7200913192736137,0.6160000000000001,0.7929203083609013,0.7030,0.7201,0.6160,0.7929
746741,9/15/2024,0.70200000000000000,0.7291993375461394,0.61900000000000000,0.6122569496592121,0.7020,0.7292,0.6190,0.6123
746742,9/25/2024,0.67500000000000000,0.83849262500712700,0.6180000000000001,0.7317670953639455,0.6750,0.8385,0.6180,0.7318
746743,9/24/2024,0.67500000000000000,0.7928685549822119,0.6180000000000001,0.7726508260240248,0.6750,0.7929,0.6180,0.7727
746744,9/13/2024,0.7030000000000001,0.5512843055936629,0.61700000000000000,0.7111152095190816,0.7030,0.5513,0.6170,0.7111
746745,9/11/2024,0.70800000000000000,0.6202951143421218,0.6180000000000001,0.7035112065385963,0.7080,0.6203,0.6180,0.7035
746746,9/9/2024,0.70600000000000000,0.8639489815914768,0.6200000000000001,0.7495146643478454,0.7060,0.8639,0.6200,0.7495
746747,9/10/2024,0.70800000000000000,0.7444524217676355,0.61900000000000000,0.7754672565017234,0.7080,0.7445,0.6190,0.7755
746748,8/29/2024,0.6839999999999999,0.67221527116772300,0.6220000000000001,0.8135224409386586,0.6840,0.6722,0.6220,0.8135
746749,8/31/2024,0.74200000000000000,0.7252428038562247,0.62100000000000000,0.7745567009085257,0.7420,0.7252,0.6210,0.7746
746750,9/1/2024,0.74200000000000000,0.6603560513981532,0.61900000000000000,0.69823902703471300,0.7420,0.6604,0.6190,0.6982
746751,8/31/2024,0.74200000000000000,0.72379887789873200,0.62100000000000000,0.7022556506080669,0.7420,0.7238,0.6210,0.7023
746752,8/29/2024,0.6839999999999999,0.8855051516446304,0.6220000000000001,0.4996718185404938,0.6840,0.8855,0.6220,0.4997
746753,8/27/2024,0.68700000000000000,0.6808039718852674,0.62400000000000000,0.7028703838953292,0.6870,0.6808,0.6240,0.7029
746754,8/25/2024,0.6839999999999999,0.6822146638599753,0.62300000000000000,0.7676575717928023,0.6840,0.6822,0.6230,0.7677
746755,8/28/2024,0.6839999999999999,0.6979659357511623,0.62300000000000000,0.6979855052722572,0.6840,0.6980,0.6230,0.6980
746756,8/24/2024,0.6799999999999999,0.5990616914869711,0.62200000000000000,0.7394043313571321,0.6800,0.5991,0.6220,0.7394
746757,8/14/2024,0.78000000000000000,0.7383357069624957,0.62600000000000000,0.7479195698492224,0.7800,0.7383,0.6260,0.7479
746758,8/24/2024,0.6799999999999999,0.7522852050990961,0.62200000000000000,0.7911914477641551,0.6800,0.7523,0.6220,0.7912
746759,8/15/2024,0.78000000000000000,0.8295620804645369,0.62500000000000000,0.7308159796594152,0.7800,0.8296,0.6250,0.7308
746760,8/10/2024,0.69400000000000000,0.6684040560210258,0.6180000000000001,0.6635328339533153,0.6940,0.6684,0.6180,0.6635
746761,8/10/2024,0.69400000000000000,0.6381340200429891,0.6180000000000001,0.7813338977080624,0.6940,0.6381,0.6180,0.7813
746762,8/13/2024,0.78000000000000000,0.6523195014867318,0.6200000000000001,0.6824866905409694,0.7800,0.6523,0.6200,0.6825
746763,7/31/2024,0.72200000000000000,0.6842988953866147,0.62300000000000000,0.77049729111753100,0.7220,0.6843,0.6230,0.7705
746764,7/31/2024,0.72200000000000000,0.6746296496630925,0.62300000000000000,0.7125216389092714,0.7220,0.6746,0.6230,0.7125
746765,7/30/2024,0.71800000000000000,0.6946539897962776,0.6200000000000001,0.7654496327692211,0.7180,0.6947,0.6200,0.7654
746766,7/13/2024,0.66700000000000000,0.6491786610118568,0.63100000000000000,0.7545265292225256,0.6670,0.6492,0.6310,0.7545
746767,7/27/2024,0.66100000000000000,0.6148032236068378,0.62100000000000000,0.6415282703551082,0.6610,0.6148,0.6210,0.6415
746768,7/27/2024,0.66100000000000000,0.5869722750797843,0.62100000000000000,0.6741737578065972,0.6610,0.5870,0.6210,0.6742
746769,7/14/2024,0.66700000000000000,0.7152791754862378,0.62900000000000000,0.7054516411110539,0.6670,0.7153,0.6290,0.7055
746770,7/28/2024,0.6699999999999999,0.6212340727101103,0.62100000000000000,0.6494066438399982,0.6700,0.6212,0.6210,0.6494
746771,7/9/2024,0.75900000000000000,0.74853531458388200,0.63500000000000000,0.7449727640226989,0.7590,0.7485,0.6350,0.7450
746772,7/10/2024,0.76200000000000000,0.7117885545566365,0.6339999999999999,0.66971286033146500,0.7620,0.7118,0.6340,0.6697
746774,7/13/2024,0.66700000000000000,0.6650281261572211,0.63100000000000000,0.6388657977104377,0.6670,0.6650,0.6310,0.6389
746775,6/26/2024,0.77800000000000000,0.7473338611518388,0.62300000000000000,0.7553400557999447,0.7780,0.7473,0.6230,0.7553
746776,6/28/2024,0.70200000000000000,0.79795302138775900,0.6220000000000001,0.6717640765218418,0.7020,0.7980,0.6220,0.6718
746777,6/27/2024,0.77700000000000000,0.6215222923857548,0.6259999999999999,0.6892634366635837,0.7770,0.6215,0.6260,0.6893
746778,6/29/2024,0.70200000000000000,0.7445039760491803,0.6220000000000001,0.7808352426401457,0.7020,0.7445,0.6220,0.7808
746779,6/30/2024,0.6990000000000001,0.8461531337104568,0.6299999999999999,0.6482727503020858,0.6990,0.8462,0.6300,0.6483
746780,6/25/2024,0.79200000000000000,0.6420645687610966,0.6599999999999999,0.6547293440360584,0.7920,0.6421,0.6600,0.6547
746781,6/20/2024,0.73400000000000000,0.74756761322681600,0.62900000000000000,0.6476482252138185,0.7340,0.7476,0.6290,0.6476
746782,6/20/2024,0.73400000000000000,0.77112702792543200,0.62900000000000000,0.7467578921134391,0.7340,0.7711,0.6290,0.7468
746783,6/19/2024,0.75900000000000000,0.6870970327199484,0.66300000000000000,0.71199710245792300,0.7590,0.6871,0.6630,0.7120
746784,6/7/2024,0.74600000000000000,0.5509439903856013,0.61700000000000000,0.9082132436294571,0.7460,0.5509,0.6170,0.9082
746785,6/8/2024,0.73400000000000000,0.6765185081287854,0.61500000000000000,0.6523780954872439,0.7340,0.6765,0.6150,0.6524
746786,6/8/2024,0.73400000000000000,0.6740109066648665,0.61500000000000000,0.7994486909862875,0.7340,0.6740,0.6150,0.7994
746787,6/9/2024,0.72700000000000000,0.5736999707055742,0.62300000000000000,0.7314715297305885,0.7270,0.5737,0.6230,0.7315
746788,5/27/2024,0.69000000000000000,0.7237913199951767,0.6060000000000001,0.8137667228148979,0.6900,0.7238,0.6060,0.8138
746789,5/26/2024,0.74200000000000000,0.6506113946264989,0.61100000000000000,0.6638275923385661,0.7420,0.6506,0.6110,0.6638
746790,5/29/2024,0.69600000000000000,0.6844577249403038,0.6080000000000001,0.7377677878204179,0.6960,0.6845,0.6080,0.7378
746791,5/28/2024,0.69600000000000000,0.7249084885000107,0.6080000000000001,0.7482044659147076,0.6960,0.7249,0.6080,0.7482
746792,5/23/2024,0.73400000000000000,0.6848620701029113,0.6100000000000001,0.8192813903178097,0.7340,0.6849,0.6100,0.8193
746793,5/24/2024,0.74000000000000000,0.6209532192936877,0.61300000000000000,0.7374002157497304,0.7400,0.6210,0.6130,0.7374
746794,5/25/2024,0.74000000000000000,0.5695968654999277,0.61300000000000000,0.6838311975476155,0.7400,0.5696,0.6130,0.6838
746795,5/15/2024,0.66700000000000000,0.8069719357701929,0.6100000000000001,0.68234601176386200,0.6670,0.8070,0.6100,0.6823
746796,5/14/2024,0.67500000000000000,0.6099992555989447,0.6040000000000001,0.7081580305302839,0.6750,0.6100,0.6040,0.7082
746797,5/11/2024,0.70800000000000000,0.7420433368017856,0.60700000000000000,0.9590316812300053,0.7080,0.7420,0.6070,0.9590
746798,5/12/2024,0.7010000000000001,0.8356215304786028,0.60700000000000000,0.7679651200738672,0.7010,0.8356,0.6070,0.7680
746799,5/14/2024,0.67500000000000000,0.6504188816267248,0.6040000000000001,0.6929173219882083,0.6750,0.6504,0.6040,0.6929
746800,5/1/2024,0.7190000000000001,0.6999613638473288,0.60100000000000000,0.74439963570127500,0.7190,0.7000,0.6010,0.7444
746801,5/10/2024,0.70600000000000000,0.8378155550338153,0.60300000000000000,0.6990726382862772,0.7060,0.8378,0.6030,0.6991
746802,5/9/2024,0.70600000000000000,0.7258294675370816,0.60300000000000000,0.6929967650479791,0.7060,0.7258,0.6030,0.6930
746803,4/27/2024,0.66700000000000000,0.6803213905811816,0.5760000000000001,0.7958200849791199,0.6670,0.6803,0.5760,0.7958
746804,4/29/2024,0.72400000000000000,0.6924128904705417,0.58900000000000000,0.75766813485138100,0.7240,0.6924,0.5890,0.7577
746805,4/28/2024,0.67700000000000000,0.7180494393476046,0.58300000000000000,0.7321763468013467,0.6770,0.7180,0.5830,0.7322
746806,4/30/2024,0.7150000000000001,0.5939897835497835,0.58900000000000000,0.7977346357346358,0.7150,0.5940,0.5890,0.7977
746807,4/17/2024,0.73100000000000000,0.54100000000000000,0.56900000000000000,0.56900000000000000,0.7310,0.5410,0.5690,0.5690
746808,4/26/2024,0.66500000000000000,0.6783402469135803,0.5589999999999999,0.8024899338038187,0.6650,0.6783,0.5590,0.8025
746810,4/14/2024,0.75200000000000000,0.7629999999999999,0.58300000000000000,0.91900000000000000,0.7520,0.7630,0.5830,0.9190
746811,4/13/2024,0.77000000000000000,0.77000000000000000,0.60300000000000000,0.45200000000000000,0.7700,0.7700,0.6030,0.4520
746812,4/12/2024,0.74100000000000000,0.70800000000000000,0.62300000000000000,0.7909999999999999,0.7410,0.7080,0.6230,0.7910
746813,4/15/2024,0.74300000000000000,0.61700000000000000,0.5840000000000001,0.5840000000000001,0.7430,0.6170,0.5840,0.5840
746814,4/2/2024,0.94400000000000000,0.94400000000000000,0.59300000000000000,0.43400000000000000,0.9440,0.9440,0.5930,0.4340
746815,3/31/2024,0.68800000000000000,0.68800000000000000,0.58900000000000000,0.58900000000000000,0.6880,0.6880,0.5890,0.5890
746816,6/27/2024,0.7170000000000001,0.5993985095759744,0.6259999999999999,0.8401571495472994,0.7170,0.5994,0.6260,0.8402
746817,4/1/2024,0.94400000000000000,0.94400000000000000,0.59300000000000000,0.59300000000000000,0.9440,0.9440,0.5930,0.5930
746818,3/30/2024,0.42300000000000000,0.42300000000000000,0.20000000000000000,0.20000000000000000,0.4230,0.4230,0.2000,0.2000
746819,9/28/2024,0.69800000000000000,0.6351207824863133,0.71600000000000000,0.75231293489652700,0.6980,0.6351,0.7160,0.7523
746820,9/29/2024,0.69600000000000000,0.6359765579285623,0.7150000000000001,1.0549525713688024,0.6960,0.6360,0.7150,1.0550
746821,3/28/2024,0.68800000000000000,1.00000000000000000,0.67700000000000000,1.00000000000000000,0.6880,1.0000,0.6770,1.0000
746822,9/27/2024,0.70000000000000000,0.65679935894402400,0.71600000000000000,0.6769553909788524,0.7000,0.6568,0.7160,0.6770
746823,9/19/2024,0.6859999999999999,0.7703200325172374,0.71600000000000000,0.7048676931442881,0.6860,0.7703,0.7160,0.7049
746824,9/20/2024,0.68700000000000000,0.6392776590646896,0.71600000000000000,0.6844587975304313,0.6870,0.6393,0.7160,0.6845
746825,9/22/2024,0.68700000000000000,0.7093180435052444,0.71400000000000000,0.6628414540025098,0.6870,0.7093,0.7140,0.6628
746826,9/21/2024,0.68700000000000000,0.7315974323313219,0.71600000000000000,0.7496479256335699,0.6870,0.7316,0.7160,0.7496
746827,9/8/2024,0.77300000000000000,0.7357006474018106,0.7090000000000001,0.6818781047719801,0.7730,0.7357,0.7090,0.6819
746828,9/16/2024,0.7030000000000001,0.7337784389856241,0.71400000000000000,0.6608711576319033,0.7030,0.7338,0.7140,0.6609
746829,9/7/2024,0.77600000000000000,0.6928045982283122,0.71200000000000000,0.7028582486900663,0.7760,0.6928,0.7120,0.7029
746830,9/17/2024,0.7030000000000001,0.7558489132921355,0.7170000000000001,0.7460082730693977,0.7030,0.7558,0.7170,0.7460
746831,9/18/2024,0.70400000000000000,0.5831676446192848,0.7170000000000001,0.6367414439967636,0.7040,0.5832,0.7170,0.6367
746832,9/6/2024,0.77700000000000000,0.6789259356647759,0.71400000000000000,0.6899619753613816,0.7770,0.6789,0.7140,0.6900
746833,9/2/2024,0.6779999999999999,0.7092118050595837,0.71200000000000000,0.6962239782833514,0.6780,0.7092,0.7120,0.6962
746834,9/3/2024,0.67700000000000000,0.6288463012519755,0.71200000000000000,0.7664233330649872,0.6770,0.6288,0.7120,0.7664
746835,9/4/2024,0.67700000000000000,0.7055018056368199,0.71000000000000000,0.6663732077665716,0.6770,0.7055,0.7100,0.6664
746836,8/22/2024,0.67900000000000000,0.5317390885408789,0.6950000000000001,0.6327384376677188,0.6790,0.5317,0.6950,0.6327
746837,8/22/2024,0.67900000000000000,0.6976593827071547,0.6950000000000001,0.6798084935731346,0.6790,0.6977,0.6950,0.6798
746838,8/18/2024,0.69800000000000000,0.7568932238895187,0.69800000000000000,0.6708319129351017,0.6980,0.7569,0.6980,0.6708
746839,8/21/2024,0.67900000000000000,0.7216186733423164,0.6950000000000001,0.6961676499907119,0.6790,0.7216,0.6950,0.6962
746840,8/7/2024,0.75800000000000000,0.7000731085994639,0.6910000000000001,0.6702299056458705,0.7580,0.7001,0.6910,0.6702
746841,8/17/2024,0.6990000000000001,0.7302978350551463,0.69800000000000000,0.6371877517965118,0.6990,0.7303,0.6980,0.6372
746842,8/7/2024,0.75800000000000000,0.6780661548869966,0.6910000000000001,0.7002992893103793,0.7580,0.6781,0.6910,0.7003
746843,8/16/2024,0.6990000000000001,0.6932299007137659,0.6970000000000001,0.7583647905989495,0.6990,0.6932,0.6970,0.7584
746844,8/4/2024,0.70000000000000000,0.7564013013254904,0.6910000000000001,0.6408552456345135,0.7000,0.7564,0.6910,0.6409
746845,8/2/2024,0.70000000000000000,0.6805796644430553,0.6910000000000001,0.7029564448428858,0.7000,0.6806,0.6910,0.7030
746846,8/3/2024,0.70000000000000000,0.72482294572675900,0.69200000000000000,0.6691938416934253,0.7000,0.7248,0.6920,0.6692
746847,8/6/2024,0.75800000000000000,0.8665746312487359,0.69400000000000000,0.7624696250226837,0.7580,0.8666,0.6940,0.7625
746848,7/24/2024,0.73400000000000000,0.68293083126571500,0.6910000000000001,0.6639288561063308,0.7340,0.6829,0.6910,0.6639
746849,8/2/2024,0.70000000000000000,0.6906792513097095,0.6910000000000001,0.6600247099832046,0.7000,0.6907,0.6910,0.6600
746850,7/23/2024,0.73600000000000000,0.6598943516183182,0.6910000000000001,0.7040351739718604,0.7360,0.6599,0.6910,0.7040
746851,7/24/2024,0.73400000000000000,0.4935681797554969,0.6910000000000001,0.6229495914944654,0.7340,0.4936,0.6910,0.6229
746852,7/20/2024,0.74000000000000000,0.7491946529591973,0.69600000000000000,0.7632143776292516,0.7400,0.7492,0.6960,0.7632
746853,7/21/2024,0.73900000000000000,0.7249484173072626,0.6930000000000001,0.6631429086801232,0.7390,0.7249,0.6930,0.6631
746854,7/19/2024,0.74000000000000000,0.8076985839961968,0.6970000000000001,0.6078207946797964,0.7400,0.8077,0.6970,0.6078
746855,7/7/2024,0.69000000000000000,0.6796599979527351,0.6799999999999999,0.6983861939659868,0.6900,0.6797,0.6800,0.6984
746856,7/6/2024,0.68800000000000000,0.6983821454906423,0.6839999999999999,0.7738008376074523,0.6880,0.6984,0.6840,0.7738
746857,7/4/2024,0.75700000000000000,0.6190831389678967,0.67900000000000000,0.6764438241903716,0.7570,0.6191,0.6790,0.6764
746858,7/4/2024,0.75700000000000000,0.5979539157019484,0.67900000000000000,0.6577788659180688,0.7570,0.5980,0.6790,0.6578
746859,7/5/2024,0.6930000000000001,0.7422575521985282,0.68300000000000000,0.6477225561476305,0.6930,0.7423,0.6830,0.6477
746860,7/3/2024,0.75700000000000000,0.21216878289490065,0.68100000000000000,0.6667594196959576,0.7570,0.2122,0.6810,0.6668
746861,6/21/2024,0.71800000000000000,0.7308905065633713,0.6839999999999999,0.6165642713392951,0.7180,0.7309,0.6840,0.6166
746862,6/23/2024,0.7230000000000001,0.6478976139368486,0.68500000000000000,0.6657644178978146,0.7230,0.6479,0.6850,0.6658
746863,6/22/2024,0.72400000000000000,0.6517186892037985,0.6819999999999999,0.6855597569200407,0.7240,0.6517,0.6820,0.6856
746864,6/19/2024,0.71000000000000000,0.7152500354590755,0.6779999999999999,0.8334969317872856,0.7100,0.7153,0.6780,0.8335
746865,6/15/2024,0.6819999999999999,0.7241491167586026,0.6779999999999999,0.6283512631800425,0.6820,0.7241,0.6780,0.6284
746866,6/16/2024,0.6779999999999999,0.7326195818488137,0.67900000000000000,0.6778195766737543,0.6780,0.7326,0.6790,0.6778
746867,6/19/2024,0.71000000000000000,0.6729683682623301,0.6779999999999999,0.6397035357784925,0.7100,0.6730,0.6780,0.6397
746868,6/18/2024,0.7010000000000001,0.6906041979642596,0.73000000000000000,0.6668478898534085,0.7010,0.6906,0.7300,0.6668
746869,6/14/2024,0.68300000000000000,0.7112612230246209,0.6819999999999999,0.7121505080076722,0.6830,0.7113,0.6820,0.7122
746870,6/1/2024,0.6619999999999999,0.6596395610156967,0.6839999999999999,0.6960420526440663,0.6620,0.6596,0.6840,0.6960
746871,6/2/2024,0.6619999999999999,0.6238302341033704,0.6839999999999999,0.5728309516206475,0.6620,0.6238,0.6840,0.5728
746872,6/5/2024,0.6599999999999999,0.7286431226160346,0.73500000000000000,0.63492043078551900,0.6600,0.7286,0.7350,0.6349
746873,6/6/2024,0.6120000000000001,0.6908548459350097,0.6839999999999999,0.7027132754409111,0.6120,0.6909,0.6840,0.7027
746874,5/23/2024,0.73700000000000000,0.6838585133979682,0.6859999999999999,0.6465364886184358,0.7370,0.6839,0.6860,0.6465
746875,5/21/2024,0.73700000000000000,0.65817548311177300,0.69600000000000000,0.6027526899765286,0.7370,0.6582,0.6960,0.6028
746876,5/22/2024,0.73400000000000000,0.6127616149438935,0.6930000000000001,0.7471529783496087,0.7340,0.6128,0.6930,0.7472
746877,5/31/2024,0.6599999999999999,0.7265451310875706,0.67900000000000000,0.63871174821699200,0.6600,0.7265,0.6790,0.6387
746878,5/17/2024,0.6539999999999999,0.9040895938037117,0.7090000000000001,0.8134613016843506,0.6540,0.9041,0.7090,0.8135
746879,5/8/2024,0.73100000000000000,0.5500490867579908,0.71600000000000000,0.40995925168522307,0.7310,0.5500,0.7160,0.4100
746880,5/19/2024,0.65300000000000000,0.7383506416584402,0.70000000000000000,0.6396671174829914,0.6530,0.7384,0.7000,0.6397
746881,5/16/2024,0.65300000000000000,0.6687140573569204,0.71200000000000000,0.7110798875937385,0.6530,0.6687,0.7120,0.7111
746882,5/18/2024,0.66100000000000000,0.6956534724463088,0.70400000000000000,0.5793618369616036,0.6610,0.6957,0.7040,0.5794
746883,5/5/2024,0.75600000000000000,0.60151641848033600,0.70800000000000000,0.6093402051877662,0.7560,0.6015,0.7080,0.6093
746884,5/4/2024,0.75800000000000000,0.6968519774011299,0.7010000000000001,0.6010758928571429,0.7580,0.6969,0.7010,0.6011
746885,5/7/2024,0.73300000000000000,0.8370167158308751,0.7130000000000001,0.5484169694651623,0.7330,0.8370,0.7130,0.5484
746886,5/6/2024,0.73300000000000000,0.6777429951690821,0.7110000000000001,0.5938109829918778,0.7330,0.6777,0.7110,0.5938
746887,4/25/2024,0.73600000000000000,0.7288699397071491,0.74200000000000000,0.71169090909090900,0.7360,0.7289,0.7420,0.7117
746888,4/23/2024,0.74500000000000000,0.9268962962962963,0.73800000000000000,0.9462444444444444,0.7450,0.9269,0.7380,0.9462
746889,4/24/2024,0.73700000000000000,0.9192704565030146,0.74500000000000000,0.7078518518518518,0.7370,0.9193,0.7450,0.7079
746890,5/3/2024,0.76400000000000000,0.6740555555555556,0.7030000000000001,0.3944227678571428,0.7640,0.6741,0.7030,0.3944
746891,4/20/2024,0.59700000000000000,0.6938888888888889,0.75400000000000000,0.36100000000000000,0.5970,0.6939,0.7540,0.3610
746892,4/19/2024,0.6020000000000001,0.90300000000000000,0.74600000000000000,0.74600000000000000,0.6020,0.9030,0.7460,0.7460
746893,4/20/2024,0.59700000000000000,0.90300000000000000,0.75400000000000000,0.5760000000000001,0.5970,0.9030,0.7540,0.5760
746894,4/21/2024,0.60300000000000000,0.6292222222222222,0.74400000000000000,1.18100000000000000,0.6030,0.6292,0.7440,1.1810
746895,4/7/2024,0.84700000000000000,0.71200000000000000,0.8089999999999999,0.19000000000000000,0.8470,0.7120,0.8090,0.1900
746896,4/6/2024,0.88100000000000000,0.29400000000000000,0.8440000000000001,0.7849999999999999,0.8810,0.2940,0.8440,0.7850
746897,4/5/2024,0.88800000000000000,0.24300000000000000,0.8180000000000001,1.36600000000000000,0.8880,0.2430,0.8180,1.3660
746898,4/2/2024,0.5660000000000001,1.58500000000000000,0.6819999999999999,0.6819999999999999,0.5660,1.5850,0.6820,0.6820
746899,4/1/2024,0.6479999999999999,0.6479999999999999,0.70100000000000000,0.70100000000000000,0.6480,0.6480,0.7010,0.7010
746900,4/3/2024,0.58700000000000000,1.11300000000000000,0.8140000000000001,0.61900000000000000,0.5870,1.1130,0.8140,0.6190
746901,9/29/2024,0.67100000000000000,0.6873647883631896,0.74400000000000000,0.7559132920228911,0.6710,0.6874,0.7440,0.7559
746902,9/28/2024,0.67100000000000000,0.6472304012723085,0.74500000000000000,0.7022109288911236,0.6710,0.6472,0.7450,0.7022
746903,9/22/2024,0.73600000000000000,0.7040683191737676,0.74500000000000000,0.7231133241413907,0.7360,0.7041,0.7450,0.7231
746904,9/27/2024,0.6719999999999999,0.7157407444832757,0.74700000000000000,0.7192294891453695,0.6720,0.7157,0.7470,0.7192
746905,9/20/2024,0.73700000000000000,0.7484919970241191,0.74700000000000000,0.6029918747677633,0.7370,0.7485,0.7470,0.6030
746906,9/22/2024,0.73600000000000000,0.8199328309405027,0.74500000000000000,0.70569314961051900,0.7360,0.8199,0.7450,0.7057
746907,9/10/2024,0.75700000000000000,0.7108463928409394,0.75800000000000000,0.6971171325040286,0.7570,0.7108,0.7580,0.6971
746908,9/11/2024,0.75700000000000000,0.68796135165006600,0.75700000000000000,0.7180427756359883,0.7570,0.6880,0.7570,0.7180
746909,9/9/2024,0.75800000000000000,0.76969965680763700,0.75400000000000000,0.7303856832239388,0.7580,0.7697,0.7540,0.7304
746910,9/8/2024,0.6200000000000001,0.7887277241312918,0.75400000000000000,0.7375672686333282,0.6200,0.7887,0.7540,0.7376
746911,9/7/2024,0.6180000000000001,0.7006575389583387,0.75200000000000000,0.7267378077420537,0.6180,0.7007,0.7520,0.7267
746912,9/6/2024,0.61900000000000000,0.7201001249670974,0.75300000000000000,0.7211649144438428,0.6190,0.7201,0.7530,0.7212
746913,8/28/2024,0.71000000000000000,0.7221451428033175,0.76600000000000000,0.7483900165903099,0.7100,0.7221,0.7660,0.7484
746914,8/29/2024,0.7070000000000001,0.6827264122089525,0.76500000000000000,0.7069866418111278,0.7070,0.6827,0.7650,0.7070
746915,8/26/2024,0.7090000000000001,0.70943306050136900,0.76800000000000000,0.6679104417969703,0.7090,0.7094,0.7680,0.6679
746916,8/27/2024,0.7070000000000001,0.7018042999719398,0.76600000000000000,0.7363726687915488,0.7070,0.7018,0.7660,0.7364
746917,8/24/2024,0.77100000000000000,0.7409625513925426,0.76900000000000000,0.7103264404707379,0.7710,0.7410,0.7690,0.7103
746918,8/25/2024,0.77100000000000000,0.7027757471877595,0.76700000000000000,0.6560212686600397,0.7710,0.7028,0.7670,0.6560
746919,8/14/2024,0.68800000000000000,0.7434903549414009,0.77100000000000000,0.6426312193266888,0.6880,0.7435,0.7710,0.6426
746920,8/23/2024,0.76800000000000000,0.7631692216981132,0.77000000000000000,0.7470999093533857,0.7680,0.7632,0.7700,0.7471
746921,8/12/2024,0.6910000000000001,0.6352771744576926,0.77100000000000000,0.75163354089747100,0.6910,0.6353,0.7710,0.7516
746922,8/10/2024,0.73800000000000000,0.7486344430952118,0.77400000000000000,0.7150948598696447,0.7380,0.7486,0.7740,0.7151
746923,8/11/2024,0.74000000000000000,0.7213870490821472,0.77300000000000000,0.7177412837388037,0.7400,0.7214,0.7730,0.7177
746924,8/13/2024,0.69000000000000000,0.7130086115597449,0.76900000000000000,0.71251773127770400,0.6900,0.7130,0.7690,0.7125
746925,7/31/2024,0.6719999999999999,0.6165089640704464,0.76800000000000000,0.7477587592950934,0.6720,0.6165,0.7680,0.7478
746926,7/30/2024,0.67100000000000000,0.6559107449397965,0.76700000000000000,0.7170453544156496,0.6710,0.6559,0.7670,0.7170
746927,8/9/2024,0.73500000000000000,0.6555348088746973,0.77600000000000000,0.6460984245456385,0.7350,0.6555,0.7760,0.6461
746928,7/29/2024,0.66900000000000000,0.58621139461982900,0.76200000000000000,0.7163073973973603,0.6690,0.5862,0.7620,0.7163
746929,7/28/2024,0.76700000000000000,0.7437952729480422,0.76300000000000000,0.6277080495541877,0.7670,0.7438,0.7630,0.6277
746930,7/13/2024,0.71700000000000000,0.6255920677607687,0.74600000000000000,0.6619842386599254,0.7170,0.6256,0.7460,0.6620
746931,7/27/2024,0.76300000000000000,0.7302322746395512,0.76000000000000000,0.6813284747922563,0.7630,0.7302,0.7600,0.6813
746932,7/14/2024,0.71400000000000000,0.6703521851767467,0.74700000000000000,0.7397254238375618,0.7140,0.6704,0.7470,0.7397
746933,7/26/2024,0.76100000000000000,0.7208225673630906,0.75600000000000000,0.74574662945717000,0.7610,0.7208,0.7560,0.7457
746934,7/10/2024,0.67900000000000000,0.7544554398781133,0.74700000000000000,0.7044506044434087,0.6790,0.7545,0.7470,0.7045
746935,7/11/2024,0.67900000000000000,0.7353237028465753,0.74500000000000000,0.6114481906655826,0.6790,0.7353,0.7450,0.6114
746936,7/12/2024,0.7150000000000001,0.6362331288512302,0.74900000000000000,0.6937238012731642,0.7150,0.6362,0.7490,0.6937
746937,7/9/2024,0.67700000000000000,0.7394611277222242,0.74200000000000000,0.73354194836921300,0.6770,0.7395,0.7420,0.7335
746938,6/30/2024,0.73800000000000000,0.6898660358689124,0.74300000000000000,0.6838942683812022,0.7380,0.6899,0.7430,0.6839
746939,6/28/2024,0.73100000000000000,0.8321727044930929,0.74700000000000000,0.6934317329955599,0.7310,0.8322,0.7470,0.6934
746940,6/29/2024,0.73300000000000000,0.7055529455303193,0.74500000000000000,0.58735037542431400,0.7330,0.7056,0.7450,0.5874
746941,6/24/2024,0.6799999999999999,0.7107675465835295,0.74500000000000000,0.5818560717174185,0.6800,0.7108,0.7450,0.5819
746942,8/26/2024,0.6819999999999999,0.82753950787100700,0.74500000000000000,0.6733033899015295,0.6820,0.8275,0.7450,0.6733
746943,6/25/2024,0.6799999999999999,0.7414313990475665,0.74800000000000000,0.7159407057439788,0.6800,0.7414,0.7480,0.7159
746944,6/13/2024,0.74500000000000000,0.5987695241804438,0.72800000000000000,0.5583406422931971,0.7450,0.5988,0.7280,0.5583
746945,6/16/2024,0.77300000000000000,0.6774210695347699,0.73500000000000000,0.6534643543807193,0.7730,0.6774,0.7350,0.6535
746946,6/15/2024,0.77500000000000000,0.6540455595208665,0.73100000000000000,0.6850882364225437,0.7750,0.6540,0.7310,0.6851
746947,6/14/2024,0.77400000000000000,0.55387990058248100,0.73500000000000000,0.7007329366593533,0.7740,0.5539,0.7350,0.7007
746948,6/12/2024,0.74400000000000000,0.63441855676380800,0.72200000000000000,0.6447859361407111,0.7440,0.6344,0.7220,0.6448
746949,6/4/2024,0.72700000000000000,0.5900458302318252,0.7170000000000001,0.63997799914373400,0.7270,0.5900,0.7170,0.6400
746950,6/5/2024,0.72800000000000000,0.7679528893543254,0.71400000000000000,0.6865490947555006,0.7280,0.7680,0.7140,0.6865
746951,6/11/2024,0.74500000000000000,0.5692482525874201,0.72700000000000000,0.6408275459303523,0.7450,0.5692,0.7270,0.6408
746952,6/1/2024,0.68500000000000000,0.5869394818466862,0.71400000000000000,0.6802030733925978,0.6850,0.5869,0.7140,0.6802
746953,6/2/2024,0.6839999999999999,0.7059667077848435,0.71600000000000000,0.6792690676547349,0.6840,0.7060,0.7160,0.6793
746954,5/30/2024,0.6839999999999999,0.6923854660093834,0.71600000000000000,0.6919723028698541,0.6840,0.6924,0.7160,0.6920
746955,5/31/2024,0.68700000000000000,0.7323949377969738,0.70800000000000000,0.5719218709217757,0.6870,0.7324,0.7080,0.5719
746956,5/24/2024,0.75000000000000000,0.6626353130016052,0.72300000000000000,0.6067386936680547,0.7500,0.6626,0.7230,0.6067
746957,5/26/2024,0.75500000000000000,0.7547024537037037,0.7170000000000001,0.5631875630774008,0.7550,0.7547,0.7170,0.5632
746958,5/25/2024,0.75300000000000000,0.66944828125000000,0.72300000000000000,0.6472725099601594,0.7530,0.6694,0.7230,0.6473
746959,5/16/2024,0.68100000000000000,0.7019708190752083,0.71200000000000000,0.61299255609005700,0.6810,0.7020,0.7120,0.6130
746960,5/15/2024,0.68500000000000000,0.5421124213999371,0.7110000000000001,0.5606424374614285,0.6850,0.5421,0.7110,0.5606
746961,5/13/2024,0.68700000000000000,0.7063704969360057,0.7170000000000001,0.5679408818033902,0.6870,0.7064,0.7170,0.5679
746962,5/14/2024,0.6890000000000001,0.7353096677668081,0.71400000000000000,0.7034963330486532,0.6890,0.7353,0.7140,0.7035
746963,5/11/2024,0.67900000000000000,0.7038511617470238,0.7230000000000001,0.5988865478686234,0.6790,0.7039,0.7230,0.5989
746964,5/10/2024,0.6819999999999999,0.8170313648492171,0.7230000000000001,0.5470226626439174,0.6820,0.8170,0.7230,0.5470
746965,5/12/2024,0.6759999999999999,0.7335901134235109,0.72000000000000000,0.6143399979973613,0.6760,0.7336,0.7200,0.6143
746966,5/1/2024,0.6859999999999999,0.4834856399583767,0.74200000000000000,0.5403814963160758,0.6860,0.4835,0.7420,0.5404
746967,4/28/2024,0.73200000000000000,0.2039831081081081,0.73600000000000000,0.5565671453766692,0.7320,0.2040,0.7360,0.5566
746968,4/30/2024,0.6970000000000001,0.6048466656189428,0.73500000000000000,0.5984176299441692,0.6970,0.6048,0.7350,0.5984
746969,5/2/2024,0.68100000000000000,0.6968791041530769,0.74500000000000000,0.7127809752198241,0.6810,0.6969,0.7450,0.7128
746970,4/18/2024,0.72400000000000000,0.8440000000000001,0.68800000000000000,0.42200000000000004,0.7240,0.8440,0.6880,0.4220
746971,4/27/2024,0.74400000000000000,0.5886046046046045,0.71000000000000000,0.74360153061224500,0.7440,0.5886,0.7100,0.7436
746972,4/26/2024,0.74100000000000000,0.5656592592592592,0.71400000000000000,0.50353488694687200,0.7410,0.5657,0.7140,0.5035
746973,4/17/2024,0.74700000000000000,0.74700000000000000,0.6950000000000001,0.6639999999999999,0.7470,0.7470,0.6950,0.6640
746974,4/15/2024,0.73900000000000000,0.73900000000000000,0.70000000000000000,0.37700000000000000,0.7390,0.7390,0.7000,0.3770
746975,4/14/2024,0.69400000000000000,0.42400000000000000,0.68300000000000000,0.73600000000000000,0.6940,0.4240,0.6830,0.7360
746976,4/16/2024,0.73900000000000000,0.91800000000000000,0.6779999999999999,0.61300000000000000,0.7390,0.9180,0.6780,0.6130
746977,4/11/2024,0.6890000000000001,0.6779999999999999,0.6950000000000001,0.5429999999999999,0.6890,0.6780,0.6950,0.5430
746978,4/12/2024,0.69800000000000000,0.40000000000000000,0.69000000000000000,0.43600000000000000,0.6980,0.4000,0.6900,0.4360
746979,4/13/2024,0.7010000000000001,1.02900000000000000,0.6679999999999999,0.6679999999999999,0.7010,1.0290,0.6680,0.6680
746980,4/10/2024,0.67900000000000000,0.8300000000000001,0.69800000000000000,0.34600000000000000,0.6790,0.8300,0.6980,0.3460
746981,4/9/2024,0.66600000000000000,0.55500000000000000,0.73000000000000000,0.8360000000000001,0.6660,0.5550,0.7300,0.8360
746982,9/22/2024,0.68800000000000000,0.5309933255717467,0.75000000000000000,0.7104162874283168,0.6880,0.5310,0.7500,0.7104
746983,9/21/2024,0.68700000000000000,0.66181451523916900,0.75100000000000000,0.7643781192507793,0.6870,0.6618,0.7510,0.7644
746984,9/20/2024,0.68800000000000000,0.5168066905589074,0.74900000000000000,0.6601903251554857,0.6880,0.5168,0.7490,0.6602
746985,9/19/2024,0.7010000000000001,0.6828146796730801,0.75000000000000000,0.6887856080707602,0.7010,0.6828,0.7500,0.6888
746986,9/7/2024,0.67300000000000000,0.6975722229794095,0.76200000000000000,0.6841994758989091,0.6730,0.6976,0.7620,0.6842
746987,9/17/2024,0.70000000000000000,0.6376304307625782,0.75300000000000000,0.70454170567301700,0.7000,0.6376,0.7530,0.7045
746988,9/18/2024,0.7010000000000001,0.7263507721575682,0.75100000000000000,0.6803429639301065,0.7010,0.7264,0.7510,0.6803
746989,9/8/2024,0.67500000000000000,0.7614785901416948,0.76000000000000000,0.6656209435545988,0.6750,0.7615,0.7600,0.6656
746990,9/4/2024,0.61500000000000000,0.7787561703516316,0.76300000000000000,0.6890329176397719,0.6150,0.7788,0.7630,0.6890
746991,9/3/2024,0.6160000000000001,0.7835401116539766,0.76400000000000000,0.7954897434133772,0.6160,0.7835,0.7640,0.7955
746992,9/2/2024,0.61700000000000000,0.7828664171591554,0.76000000000000000,0.6659934469861284,0.6170,0.7829,0.7600,0.6660
746993,9/6/2024,0.6759999999999999,0.6966804691220316,0.76300000000000000,0.69502745063827200,0.6760,0.6967,0.7630,0.6950
746994,8/25/2024,0.74100000000000000,0.7136444463895489,0.76600000000000000,0.6884198597775637,0.7410,0.7136,0.7660,0.6884
746995,8/23/2024,0.74000000000000000,0.7075215159796443,0.76800000000000000,0.7537692496561526,0.7400,0.7075,0.7680,0.7538
746996,8/24/2024,0.74200000000000000,0.6583869275830614,0.76700000000000000,0.6891194150130024,0.7420,0.6584,0.7670,0.6891
746997,8/17/2024,0.77300000000000000,0.7500710765506631,0.77600000000000000,0.78293763549609200,0.7730,0.7501,0.7760,0.7829
746998,8/22/2024,0.74200000000000000,0.7428825092090396,0.77100000000000000,0.6578420627422246,0.7420,0.7429,0.7710,0.6578
746999,8/18/2024,0.77200000000000000,0.7103341378448491,0.77400000000000000,0.69179558998132400,0.7720,0.7103,0.7740,0.6918
747000,8/14/2024,0.6910000000000001,0.7345065688130703,0.77300000000000000,0.6985592183869798,0.6910,0.7345,0.7730,0.6986
747001,8/16/2024,0.76900000000000000,0.7384184466375862,0.77300000000000000,0.6397741094939142,0.7690,0.7384,0.7730,0.6398
747002,8/15/2024,0.77100000000000000,0.7172235578479846,0.77200000000000000,0.6954770345261018,0.7710,0.7172,0.7720,0.6955
747003,7/31/2024,0.6970000000000001,1.2661776511783271,0.77300000000000000,0.7049955448843332,0.6970,1.2662,0.7730,0.7050
747004,8/13/2024,0.6890000000000001,0.7081529911438027,0.77400000000000000,0.7569673903396915,0.6890,0.7082,0.7740,0.7570
747005,7/30/2024,0.6990000000000001,0.70671632973028100,0.77100000000000000,0.6389807229140385,0.6990,0.7067,0.7710,0.6390
747006,7/27/2024,0.73100000000000000,0.6749645485608478,0.76700000000000000,0.6972291886963261,0.7310,0.6750,0.7670,0.6972
747007,7/29/2024,0.6950000000000001,0.6873199688358977,0.76600000000000000,0.7045958755912567,0.6950,0.6873,0.7660,0.7046
747008,7/28/2024,0.73400000000000000,0.7858519947268201,0.76600000000000000,0.6982000720063066,0.7340,0.7859,0.7660,0.6982
747009,7/14/2024,0.75700000000000000,0.7471713304542362,0.76600000000000000,0.6882570280359666,0.7570,0.7472,0.7660,0.6883
747010,7/26/2024,0.73000000000000000,0.8033847335677857,0.76700000000000000,0.6976737061952725,0.7300,0.8034,0.7670,0.6977
747011,7/11/2024,0.68500000000000000,0.6131600544398297,0.77400000000000000,0.6572446529366425,0.6850,0.6132,0.7740,0.6572
747012,7/12/2024,0.75500000000000000,0.8221996574664587,0.77100000000000000,0.7563370531917089,0.7550,0.8222,0.7710,0.7563
747013,7/13/2024,0.75500000000000000,0.6472007568628932,0.76800000000000000,0.68614924436650600,0.7550,0.6472,0.7680,0.6861
747014,7/9/2024,0.68100000000000000,0.6589560890898387,0.77900000000000000,0.6553997296321725,0.6810,0.6590,0.7790,0.6554
747015,7/10/2024,0.6839999999999999,0.6583104526679321,0.77600000000000000,0.6221363163375505,0.6840,0.6583,0.7760,0.6221
747016,6/30/2024,0.67900000000000000,0.7069315262954818,0.78300000000000000,0.7117949346996284,0.6790,0.7069,0.7830,0.7118
747017,6/28/2024,0.67900000000000000,0.3949928924929429,0.78500000000000000,0.6645325687493954,0.6790,0.3950,0.7850,0.6645
747018,6/29/2024,0.67500000000000000,0.6671454587701837,0.78200000000000000,0.6615814778493032,0.6750,0.6671,0.7820,0.6616
747019,6/26/2024,0.73400000000000000,0.7932995752291526,0.77700000000000000,0.6880753084461819,0.7340,0.7933,0.7770,0.6881
747020,6/27/2024,0.6779999999999999,0.6596758089091104,0.77800000000000000,0.6092468845652325,0.6780,0.6597,0.7780,0.6092
747021,6/24/2024,0.73100000000000000,0.7254646997051577,0.77300000000000000,0.5957730725337869,0.7310,0.7255,0.7730,0.5958
747022,6/25/2024,0.73000000000000000,0.8096728456913826,0.76900000000000000,0.6868736666901735,0.7300,0.8097,0.7690,0.6869
747023,6/16/2024,0.73900000000000000,0.56725749882483900,0.76000000000000000,0.5856821798443825,0.7390,0.5673,0.7600,0.5857
747024,6/15/2024,0.74100000000000000,0.72875831272474400,0.75800000000000000,0.6550617521054272,0.7410,0.7288,0.7580,0.6551
747025,6/14/2024,0.74300000000000000,0.5579744950548081,0.76000000000000000,0.5884890835122412,0.7430,0.5580,0.7600,0.5885
747026,6/13/2024,0.70600000000000000,0.6225268989306594,0.76300000000000000,0.6573228340410437,0.7060,0.6225,0.7630,0.6573
747027,6/11/2024,0.71400000000000000,0.5900496373583795,0.76500000000000000,0.5790381926455459,0.7140,0.5900,0.7650,0.5790
747028,6/12/2024,0.71000000000000000,0.8385775590513485,0.76300000000000000,0.7257510259438242,0.7100,0.8386,0.7630,0.7258
747029,6/1/2024,0.66100000000000000,0.6372839481317436,0.74300000000000000,0.5816951116872129,0.6610,0.6373,0.7430,0.5817
747030,6/2/2024,0.66100000000000000,0.70619580959164300,0.74800000000000000,0.6309056824337809,0.6610,0.7062,0.7480,0.6309
747031,5/29/2024,0.72200000000000000,0.6418156730512318,0.74300000000000000,0.6111221206515036,0.7220,0.6418,0.7430,0.6111
747032,5/31/2024,0.6639999999999999,0.7463476814441798,0.74200000000000000,0.55700889347020000,0.6640,0.7463,0.7420,0.5570
747033,5/28/2024,0.7170000000000001,0.6848285350759854,0.74600000000000000,0.6669742390664102,0.7170,0.6848,0.7460,0.6670
747034,5/27/2024,0.71800000000000000,0.6564403226109328,0.74100000000000000,0.6413619525376266,0.7180,0.6564,0.7410,0.6414
747035,5/19/2024,0.67500000000000000,0.6331332770879521,0.75100000000000000,0.6020570209230305,0.6750,0.6331,0.7510,0.6021
747036,5/18/2024,0.6759999999999999,0.6652365040190584,0.75200000000000000,0.7151693562243104,0.6760,0.6652,0.7520,0.7152
747037,5/17/2024,0.6759999999999999,0.6055442205013266,0.74800000000000000,0.6313711910634079,0.6760,0.6055,0.7480,0.6314
747038,5/15/2024,0.6719999999999999,0.6478322575315107,0.74300000000000000,0.6358935886443746,0.6720,0.6478,0.7430,0.6359
747039,7/29/2024,0.6950000000000001,0.8077386280277613,0.76600000000000000,0.7671316360396927,0.6950,0.8077,0.7660,0.7671
747040,5/13/2024,0.6739999999999999,0.6937875243664717,0.75100000000000000,0.60833748563378200,0.6740,0.6938,0.7510,0.6083
747041,5/11/2024,0.71800000000000000,0.7793314303532206,0.74800000000000000,0.4240192994485872,0.7180,0.7793,0.7480,0.4240
747042,5/12/2024,0.7150000000000001,0.7058618660835156,0.75500000000000000,0.6320711989805623,0.7150,0.7059,0.7550,0.6321
747043,5/10/2024,0.7210000000000001,0.7284709242384956,0.75200000000000000,0.6264594860425057,0.7210,0.7285,0.7520,0.6265
747044,5/2/2024,0.73400000000000000,0.6614291426939243,0.75100000000000000,0.7166751801922904,0.7340,0.6614,0.7510,0.7167
747045,4/28/2024,0.61500000000000000,0.6282069776959279,0.77400000000000000,0.5705488809083324,0.6150,0.6282,0.7740,0.5705
747046,4/29/2024,0.7549999999999999,0.7480831955608764,0.77600000000000000,0.7501134319698288,0.7550,0.7481,0.7760,0.7501
747047,4/30/2024,0.74600000000000000,0.6479407684098186,0.76800000000000000,0.6736974113898845,0.7460,0.6479,0.7680,0.6737
747048,5/1/2024,0.7430000000000001,0.6572133389734913,0.76500000000000000,0.6275951088361511,0.7430,0.6572,0.7650,0.6276
747049,4/17/2024,0.62100000000000000,0.69000000000000000,0.77200000000000000,0.77200000000000000,0.6210,0.6900,0.7720,0.7720
747050,4/26/2024,0.61800000000000000,0.7853126855546152,0.78300000000000000,0.64036682191173200,0.6180,0.7853,0.7830,0.6404
747051,4/16/2024,0.62200000000000000,0.92800000000000000,0.75100000000000000,0.69000000000000000,0.6220,0.9280,0.7510,0.6900
747052,4/27/2024,0.62200000000000000,0.6581813786557513,0.77100000000000000,0.7337710086065177,0.6220,0.6582,0.7710,0.7338
747053,4/15/2024,0.60800000000000000,1.03700000000000000,0.73500000000000000,0.88000000000000000,0.6080,1.0370,0.7350,0.8800
747054,4/13/2024,0.82700000000000000,0.84700000000000000,0.6970000000000001,0.52800000000000000,0.8270,0.8470,0.6970,0.5280
747055,4/12/2024,0.80000000000000000,0.44000000000000000,0.71200000000000000,0.72700000000000000,0.8000,0.4400,0.7120,0.7270
747056,4/14/2024,0.83900000000000000,0.60900000000000000,0.71500000000000000,0.49400000000000000,0.8390,0.6090,0.7150,0.4940
747057,4/2/2024,0.75900000000000000,0.75900000000000000,0.8140000000000001,0.8140000000000001,0.7590,0.7590,0.8140,0.8140
747058,4/1/2024,0.79000000000000000,0.79000000000000000,0.83200000000000000,0.83200000000000000,0.7900,0.7900,0.8320,0.8320
747059,4/3/2024,0.73600000000000000,0.6990000000000001,0.72200000000000000,0.26400000000000000,0.7360,0.6990,0.7220,0.2640
747060,3/28/2024,0.74500000000000000,1.00000000000000000,0.74400000000000000,1.00000000000000000,0.7450,1.0000,0.7440,1.0000
747061,9/29/2024,0.71200000000000000,0.7105007958915814,0.72800000000000000,0.7154004677802357,0.7120,0.7105,0.7280,0.7154
747062,3/31/2024,0.53300000000000000,0.53300000000000000,1.0390000000000001,1.0390000000000001,0.5330,0.5330,1.0390,1.0390
747063,3/30/2024,0.37500000000000000,0.37500000000000000,0.9550000000000001,0.9550000000000001,0.3750,0.3750,0.9550,0.9550
747064,9/25/2024,0.74000000000000000,0.8388183412434129,0.72800000000000000,0.6952835792850727,0.7400,0.8388,0.7280,0.6953
747065,9/27/2024,0.7170000000000001,0.6991814500881917,0.72900000000000000,0.6403613629322787,0.7170,0.6992,0.7290,0.6404
747066,9/28/2024,0.7150000000000001,0.64929541738140500,0.72800000000000000,0.6468371211583621,0.7150,0.6493,0.7280,0.6468
747067,9/16/2024,0.77200000000000000,0.6553339147422035,0.71800000000000000,0.6502678706614495,0.7720,0.6553,0.7180,0.6503
747068,9/24/2024,0.74300000000000000,0.6807763461826983,0.72700000000000000,0.6898407235052664,0.7430,0.6808,0.7270,0.6898
747069,9/13/2024,0.77300000000000000,0.6836653703633784,0.71600000000000000,0.6905785658180181,0.7730,0.6837,0.7160,0.6906
747070,9/14/2024,0.77100000000000000,0.6757781200164084,0.71700000000000000,0.6169996008894518,0.7710,0.6758,0.7170,0.6170
747071,9/15/2024,0.76900000000000000,0.8273057272158276,0.71900000000000000,0.72588398938148700,0.7690,0.8273,0.7190,0.7259
747072,9/8/2024,0.7130000000000001,0.7063097956761133,0.71900000000000000,0.6208082759745135,0.7130,0.7063,0.7190,0.6208
747073,9/5/2024,0.7070000000000001,0.8124484103989165,0.72100000000000000,0.6472127734323407,0.7070,0.8124,0.7210,0.6472
747074,9/6/2024,0.7130000000000001,0.7003050911799142,0.71900000000000000,0.6421203568237148,0.7130,0.7003,0.7190,0.6421
747075,9/4/2024,0.70800000000000000,0.8143163222435041,0.72100000000000000,0.72595118193769200,0.7080,0.8143,0.7210,0.7260
747076,9/7/2024,0.71000000000000000,0.6995143453055233,0.71800000000000000,0.6680558863509278,0.7100,0.6995,0.7180,0.6681
747077,8/24/2024,0.6910000000000001,0.7179233469211155,0.72300000000000000,0.7225294280734342,0.6910,0.7179,0.7230,0.7225
747078,8/25/2024,0.6930000000000001,0.7254370311989828,0.72400000000000000,0.6529695430818284,0.6930,0.7254,0.7240,0.6530
747079,9/3/2024,0.71000000000000000,0.8338782687370951,0.72100000000000000,0.6209069903344779,0.7100,0.8339,0.7210,0.6209
747080,8/23/2024,0.69200000000000000,0.7522971690998361,0.72300000000000000,0.61194353935497900,0.6920,0.7523,0.7230,0.6119
747081,8/8/2024,0.73800000000000000,0.7276454778982915,0.7110000000000001,0.7057008915926505,0.7380,0.7276,0.7110,0.7057
747082,8/22/2024,0.74900000000000000,0.6561392633827655,0.72200000000000000,0.6804022725539455,0.7490,0.6561,0.7220,0.6804
747083,8/20/2024,0.75300000000000000,0.6203786250760975,0.72300000000000000,0.6574955221019685,0.7530,0.6204,0.7230,0.6575
747084,8/21/2024,0.75000000000000000,0.6930406173638322,0.72300000000000000,0.6453241212811462,0.7500,0.6930,0.7230,0.6453
747085,8/7/2024,0.7350000000000001,0.66708381926824500,0.71000000000000000,0.6079016994810653,0.7350,0.6671,0.7100,0.6079
747086,8/6/2024,0.7310000000000001,0.6825199195218188,0.7110000000000001,0.73090913326967400,0.7310,0.6825,0.7110,0.7309
747087,8/3/2024,0.6559999999999999,0.7757107519665976,0.71400000000000000,0.5164947536352241,0.6560,0.7757,0.7140,0.5165
747088,8/4/2024,0.6559999999999999,0.8000800740111231,0.71300000000000000,0.6280523617672449,0.6560,0.8001,0.7130,0.6281
747089,8/2/2024,0.65500000000000000,0.6974159817698384,0.71300000000000000,0.6738417838784652,0.6550,0.6974,0.7130,0.6738
747090,9/9/2024,0.7050000000000001,0.7019493011156159,0.71700000000000000,0.7287128834010901,0.7050,0.7019,0.7170,0.7287
747091,7/24/2024,0.7010000000000001,0.7256975079683441,0.71000000000000000,0.8164381844155714,0.7010,0.7257,0.7100,0.8164
747092,8/1/2024,0.65700000000000000,0.7130232844554059,0.71200000000000000,0.7074314474216007,0.6570,0.7130,0.7120,0.7074
747093,7/20/2024,0.69600000000000000,0.7319575042979326,0.71200000000000000,0.6951323251831285,0.6960,0.7320,0.7120,0.6951
747094,7/21/2024,0.6990000000000001,0.7507321985391745,0.71300000000000000,0.6834194230344142,0.6990,0.7507,0.7130,0.6834
747095,7/22/2024,0.7010000000000001,0.6535944109813563,0.71300000000000000,0.6373773953290205,0.7010,0.6536,0.7130,0.6374
747096,7/20/2024,0.69600000000000000,0.6567013203903463,0.71200000000000000,0.7288077271667177,0.6960,0.6567,0.7120,0.7288
747097,7/5/2024,0.75400000000000000,0.6365678765217765,0.71000000000000000,0.60376436493619300,0.7540,0.6366,0.7100,0.6038
747098,7/7/2024,0.75300000000000000,0.5122279831542275,0.7110000000000001,0.6332638353037068,0.7530,0.5122,0.7110,0.6333
747099,7/6/2024,0.75600000000000000,0.6082782441011447,0.7110000000000001,0.7313706659803554,0.7560,0.6083,0.7110,0.7314
747100,7/3/2024,0.71400000000000000,0.7168168838246597,0.71200000000000000,0.60127133444025600,0.7140,0.7168,0.7120,0.6013
747101,6/30/2024,0.65900000000000000,0.6983548689455872,0.71400000000000000,0.70990372195091500,0.6590,0.6984,0.7140,0.7099
747102,7/2/2024,0.7110000000000001,0.81425170109071400,0.71200000000000000,0.6176313471199906,0.7110,0.8143,0.7120,0.6176
747103,7/4/2024,0.71000000000000000,0.67977638249080100,0.7110000000000001,0.6835086419294275,0.7100,0.6798,0.7110,0.6835
747104,6/29/2024,0.6599999999999999,0.6527155968372351,0.7150000000000001,0.59857480419487600,0.6600,0.6527,0.7150,0.5986
747105,6/28/2024,0.66100000000000000,0.7743487300908405,0.7130000000000001,0.6945460099174197,0.6610,0.7743,0.7130,0.6945
747106,6/19/2024,0.67300000000000000,0.6052786116527913,0.71400000000000000,0.6048417634316345,0.6730,0.6053,0.7140,0.6048
747107,6/18/2024,0.6759999999999999,0.7115284807217643,0.71800000000000000,0.7564917562616373,0.6760,0.7115,0.7180,0.7565
747108,6/17/2024,0.6779999999999999,0.6750020825285588,0.7190000000000001,0.5990034502879469,0.6780,0.6750,0.7190,0.5990
747109,6/16/2024,0.6579999999999999,0.7231224189103995,0.7170000000000001,0.7673291664168516,0.6580,0.7231,0.7170,0.7673
747110,6/2/2024,0.6839999999999999,0.71293959151716400,0.72800000000000000,0.7007833690548817,0.6840,0.7129,0.7280,0.7008
747111,6/1/2024,0.67700000000000000,0.7885359868068773,0.72200000000000000,0.5612192138019556,0.6770,0.7885,0.7220,0.5612
747112,6/14/2024,0.65700000000000000,0.7263054685519819,0.70800000000000000,0.5993028064852477,0.6570,0.7263,0.7080,0.5993
747113,6/15/2024,0.65700000000000000,0.6796054939981533,0.7110000000000001,0.6919167802942122,0.6570,0.6796,0.7110,0.6919
747114,5/30/2024,0.6699999999999999,0.6323537611292713,0.72900000000000000,0.7612769014716121,0.6700,0.6324,0.7290,0.7613
747115,5/28/2024,0.6659999999999999,0.6874255785517833,0.73400000000000000,0.58365922951286400,0.6660,0.6874,0.7340,0.5837
747116,5/31/2024,0.67900000000000000,0.72531709741496700,0.72500000000000000,0.6081046594982079,0.6790,0.7253,0.7250,0.6081
747117,5/29/2024,0.66500000000000000,0.6978436373767603,0.73200000000000000,0.6941195620960541,0.6650,0.6978,0.7320,0.6941
747118,5/27/2024,0.65900000000000000,0.6775909007725135,0.73600000000000000,0.65466923826293200,0.6590,0.6776,0.7360,0.6547
747119,5/20/2024,0.72200000000000000,0.5559536307159588,0.73000000000000000,0.6041309092083529,0.7220,0.5560,0.7300,0.6041
747120,5/19/2024,0.71400000000000000,0.6082967982247582,0.73700000000000000,0.7281709697174761,0.7140,0.6083,0.7370,0.7282
747121,5/20/2024,0.72200000000000000,0.8053949208544644,0.73000000000000000,0.57539370720431600,0.7220,0.8054,0.7300,0.5754
747122,5/17/2024,0.7130000000000001,0.71757057902973400,0.74100000000000000,0.5607013316081729,0.7130,0.7176,0.7410,0.5607
747123,5/15/2024,0.7030000000000001,0.6063477938749806,0.74500000000000000,0.59640077624029700,0.7030,0.6063,0.7450,0.5964
747124,5/14/2024,0.7110000000000001,0.5669921802151133,0.74200000000000000,0.5739463389541304,0.7110,0.5670,0.7420,0.5739
747125,4/28/2024,0.71800000000000000,0.6852542534941928,0.81200000000000000,0.6756385696040869,0.7180,0.6853,0.8120,0.6756
747126,5/7/2024,0.73300000000000000,0.5452619474313023,0.74200000000000000,0.5741612515042118,0.7330,0.5453,0.7420,0.5742
747127,5/8/2024,0.73100000000000000,0.5425351519933866,0.74200000000000000,0.5863351131230473,0.7310,0.5425,0.7420,0.5863
747128,5/13/2024,0.71800000000000000,0.5729584065612185,0.74200000000000000,0.5922798041202296,0.7180,0.5730,0.7420,0.5923
747129,4/26/2024,0.73400000000000000,0.8345923563116546,0.82500000000000000,0.6335925925925927,0.7340,0.8346,0.8250,0.6336
747130,4/23/2024,0.6080000000000001,0.7536691995221027,0.82600000000000000,0.85500000000000000,0.6080,0.7537,0.8260,0.8550
747131,4/27/2024,0.7230000000000001,0.8308718391797707,0.82500000000000000,0.6515185185185185,0.7230,0.8309,0.8250,0.6515
747132,4/24/2024,0.5960000000000001,0.7542854700854702,0.82700000000000000,0.5361944444444444,0.5960,0.7543,0.8270,0.5362
747133,4/21/2024,0.7130000000000001,0.6439444444444444,0.84800000000000000,0.61800000000000000,0.7130,0.6439,0.8480,0.6180
747134,4/22/2024,0.61100000000000000,0.7573925925925926,0.83100000000000000,0.83100000000000000,0.6110,0.7574,0.8310,0.8310
747135,4/20/2024,0.7270000000000001,0.68300000000000000,0.84700000000000000,0.7410000000000001,0.7270,0.6830,0.8470,0.7410
747136,4/19/2024,0.7370000000000001,0.70000000000000000,0.84400000000000000,0.63400000000000000,0.7370,0.7000,0.8440,0.6340
747137,4/11/2024,0.64200000000000000,0.8009999999999999,0.88000000000000000,0.88000000000000000,0.6420,0.8010,0.8800,0.8800
747138,4/9/2024,0.62100000000000000,0.47600000000000000,0.89200000000000000,0.45100000000000000,0.6210,0.4760,0.8920,0.4510
747139,9/26/2024,0.73900000000000000,0.6679638834464748,0.72800000000000000,0.6763314311563381,0.7390,0.6680,0.7280,0.6763
747140,4/6/2024,0.81900000000000000,0.5960000000000001,0.88100000000000000,1.21400000000000000,0.8190,0.5960,0.8810,1.2140
747141,4/7/2024,0.81500000000000000,1.0670000000000002,0.90000000000000000,0.7849999999999999,0.8150,1.0670,0.9000,0.7850
747142,4/8/2024,0.57600000000000000,0.57600000000000000,0.88700000000000000,0.48400000000000000,0.5760,0.5760,0.8870,0.4840
747143,4/5/2024,0.83900000000000000,1.00900000000000000,0.89000000000000000,0.58300000000000000,0.8390,1.0090,0.8900,0.5830
747144,9/26/2024,0.7050000000000001,0.7785383549039995,0.78000000000000000,0.7423786929095133,0.7050,0.7785,0.7800,0.7424
747145,9/28/2024,0.74700000000000000,0.6880627104244454,0.78100000000000000,0.74300151293962200,0.7470,0.6881,0.7810,0.7430
747146,9/29/2024,0.74700000000000000,0.7849642225465141,0.78000000000000000,0.8173250470073428,0.7470,0.7850,0.7800,0.8173
747147,9/29/2024,0.74700000000000000,0.7593803817725404,0.78000000000000000,0.7550086232755747,0.7470,0.7594,0.7800,0.7550
747148,9/15/2024,0.7330000000000001,0.6867705381526672,0.78100000000000000,0.7468715423998524,0.7330,0.6868,0.7810,0.7469
747149,9/25/2024,0.7010000000000001,0.6766503208602305,0.78200000000000000,0.7471124627374317,0.7010,0.6767,0.7820,0.7471
747150,9/24/2024,0.6990000000000001,0.7110017780322566,0.78300000000000000,0.7893720022657873,0.6990,0.7110,0.7830,0.7894
747151,9/15/2024,0.7330000000000001,0.7404518109682994,0.78100000000000000,0.7342443706242825,0.7330,0.7405,0.7810,0.7342
747152,9/11/2024,0.68700000000000000,0.6674321284242164,0.77500000000000000,0.7405976355468862,0.6870,0.6674,0.7750,0.7406
747153,9/14/2024,0.7330000000000001,0.6958535076477487,0.78200000000000000,0.8229985937775575,0.7330,0.6959,0.7820,0.8230
747154,9/11/2024,0.68700000000000000,0.6121503572948319,0.77500000000000000,0.7765827694748577,0.6870,0.6122,0.7750,0.7766
747155,9/2/2024,0.76900000000000000,0.6807960138614748,0.77600000000000000,0.7645625760956872,0.7690,0.6808,0.7760,0.7646
747156,8/31/2024,0.76500000000000000,0.71731093467737100,0.77200000000000000,0.7379370747441378,0.7650,0.7173,0.7720,0.7379
747157,9/1/2024,0.76700000000000000,0.7793473319711726,0.77400000000000000,0.7333126074773388,0.7670,0.7793,0.7740,0.7333
747158,9/1/2024,0.76700000000000000,0.7089421378231666,0.77400000000000000,0.7461957007884832,0.7670,0.7089,0.7740,0.7462
747159,8/29/2024,0.74300000000000000,0.6841259872877332,0.77000000000000000,0.7645739913661087,0.7430,0.6841,0.7700,0.7646
747160,8/14/2024,0.71200000000000000,0.8236230031079532,0.77000000000000000,0.7448103350256686,0.7120,0.8236,0.7700,0.7448
747161,8/29/2024,0.74300000000000000,0.6853421796176161,0.77000000000000000,0.7622712627565675,0.7430,0.6853,0.7700,0.7623
747162,8/28/2024,0.74100000000000000,0.6616905970345841,0.77100000000000000,0.7212637568282886,0.7410,0.6617,0.7710,0.7213
747163,8/14/2024,0.71200000000000000,0.8655434185960524,0.77000000000000000,0.81208861525964400,0.7120,0.8655,0.7700,0.8121
747164,8/11/2024,0.75200000000000000,0.6755225078512233,0.76300000000000000,0.7228756504529743,0.7520,0.6755,0.7630,0.7229
747165,8/13/2024,0.7110000000000001,0.4027691873978544,0.77100000000000000,0.6997981999215384,0.7110,0.4028,0.7710,0.6998
747166,8/11/2024,0.75200000000000000,0.6525617139917805,0.76300000000000000,0.6494090514401264,0.7520,0.6526,0.7630,0.6494
747167,7/31/2024,0.68500000000000000,0.7643521413976948,0.74600000000000000,0.7994419599717681,0.6850,0.7644,0.7460,0.7994
747168,8/10/2024,0.75300000000000000,0.6127775334666496,0.76300000000000000,0.7858810197460738,0.7530,0.6128,0.7630,0.7859
747169,8/9/2024,0.75100000000000000,0.7473711713409185,0.76100000000000000,0.8278279301150175,0.7510,0.7474,0.7610,0.8278
747170,7/31/2024,0.68500000000000000,0.7316273592017093,0.74600000000000000,0.7391028618744989,0.6850,0.7316,0.7460,0.7391
747171,7/28/2024,0.67100000000000000,0.68333538448563200,0.74000000000000000,0.7072519314324841,0.6710,0.6833,0.7400,0.7073
747172,7/30/2024,0.68100000000000000,0.70161581173970200,0.74300000000000000,0.8169168713146802,0.6810,0.7016,0.7430,0.8169
747173,7/28/2024,0.67100000000000000,0.7116044278140667,0.74000000000000000,0.8121899258723274,0.6710,0.7116,0.7400,0.8122
747174,7/27/2024,0.6719999999999999,0.6133373568354649,0.73800000000000000,0.7429231266492055,0.6720,0.6133,0.7380,0.7429
747175,7/13/2024,0.68800000000000000,0.7023249095673474,0.73600000000000000,0.8163332801033036,0.6880,0.7023,0.7360,0.8163
747176,7/14/2024,0.68700000000000000,0.7211396928866638,0.73500000000000000,0.7282085987717566,0.6870,0.7211,0.7350,0.7282
747177,7/14/2024,0.68700000000000000,0.7157314154988896,0.73500000000000000,0.6240485214941996,0.6870,0.7157,0.7350,0.6240
747178,7/12/2024,0.71400000000000000,0.6232523618770922,0.73600000000000000,0.7379561621685831,0.7140,0.6233,0.7360,0.7380
747179,7/11/2024,0.7150000000000001,0.6922004439241853,0.73400000000000000,0.8052964094564377,0.7150,0.6922,0.7340,0.8053
747180,7/10/2024,0.7130000000000001,0.59613366372189900,0.73500000000000000,0.7195842243345927,0.7130,0.5961,0.7350,0.7196
747181,7/9/2024,0.7150000000000001,0.7555242666501033,0.74100000000000000,0.76064820834687800,0.7150,0.7555,0.7410,0.7606
747182,6/30/2024,0.6679999999999999,0.7556231202773589,0.72000000000000000,0.7375326092179256,0.6680,0.7556,0.7200,0.7375
747183,6/29/2024,0.6719999999999999,0.7669352929231139,0.72800000000000000,0.7998750747815404,0.6720,0.7669,0.7280,0.7999
747184,6/27/2024,0.73900000000000000,0.6807563157690366,0.7230000000000001,0.8420995110817413,0.7390,0.6808,0.7230,0.8421
747185,6/27/2024,0.73900000000000000,0.7329963619807318,0.7230000000000001,0.8252472300103528,0.7390,0.7330,0.7230,0.8252
747186,6/29/2024,0.6719999999999999,0.7049883240157913,0.72800000000000000,0.7439779489966982,0.6720,0.7050,0.7280,0.7440
747187,6/16/2024,0.62500000000000000,0.6880484223108901,0.72600000000000000,0.8480852908843298,0.6250,0.6880,0.7260,0.8481
747188,6/26/2024,0.75000000000000000,0.6751735585901026,0.7290000000000001,0.7373249844969106,0.7500,0.6752,0.7290,0.7373
747189,6/16/2024,0.62500000000000000,0.6359423275452087,0.72600000000000000,0.8546938894692786,0.6250,0.6359,0.7260,0.8547
747190,6/12/2024,0.72900000000000000,0.8974533078800777,0.7290000000000001,0.8463137433323806,0.7290,0.8975,0.7290,0.8463
747191,6/15/2024,0.62500000000000000,0.7411195852676962,0.7230000000000001,0.8433794947403727,0.6250,0.7411,0.7230,0.8434
747192,6/14/2024,0.69600000000000000,0.7364034647438573,0.7190000000000001,0.7394420690573871,0.6960,0.7364,0.7190,0.7394
747193,6/13/2024,0.6890000000000001,0.6662791673386013,0.72000000000000000,0.8389430548687669,0.6890,0.6663,0.7200,0.8389
747194,6/4/2024,0.69600000000000000,0.69336227042998200,0.7250000000000001,0.8283138570039812,0.6960,0.6934,0.7250,0.8283
747195,6/5/2024,0.69400000000000000,0.6860846617067633,0.70600000000000000,0.8092574149709135,0.6940,0.6861,0.7060,0.8093
747196,6/5/2024,0.69400000000000000,0.7559142491532815,0.70600000000000000,0.6713284199164538,0.6940,0.7559,0.7060,0.6713
747197,5/26/2024,0.6399999999999999,0.6917637585856226,0.71000000000000000,0.6551908082334056,0.6400,0.6918,0.7100,0.6552
747198,5/19/2024,0.6679999999999999,0.6577963479326605,0.7090000000000001,0.7691071802692155,0.6680,0.6578,0.7090,0.7691
747199,5/26/2024,0.6399999999999999,0.7522361176386319,0.71000000000000000,0.7751445319847782,0.6400,0.7522,0.7100,0.7751
747200,5/25/2024,0.70400000000000000,0.6335910015507622,0.7270000000000001,0.7117462874195812,0.7040,0.6336,0.7270,0.7117
747201,5/18/2024,0.68500000000000000,0.5078884346325065,0.72800000000000000,0.83804906107221300,0.6850,0.5079,0.7280,0.8380
747202,5/19/2024,0.6679999999999999,0.6648909166133408,0.7090000000000001,0.7001989768492242,0.6680,0.6649,0.7090,0.7002
747203,5/15/2024,0.66100000000000000,0.7188747557677737,0.7250000000000001,0.7110641471184477,0.6610,0.7189,0.7250,0.7111
747204,5/14/2024,0.73100000000000000,0.7208513244256913,0.73000000000000000,0.7765236576289208,0.7310,0.7209,0.7300,0.7765
747205,5/15/2024,0.66100000000000000,0.65187103125617000,0.7250000000000001,0.6985812608353034,0.6610,0.6519,0.7250,0.6986
747206,5/5/2024,0.71800000000000000,0.7006216188419212,0.71200000000000000,0.7723323764662418,0.7180,0.7006,0.7120,0.7723
747207,5/2/2024,0.7909999999999999,0.6079109311740891,0.7270000000000001,0.7839729344729345,0.7910,0.6079,0.7270,0.7840
747208,5/4/2024,0.74000000000000000,0.5531741192776194,0.7290000000000001,0.64728913062246400,0.7400,0.5532,0.7290,0.6473
747209,5/5/2024,0.71800000000000000,0.7261729652019184,0.71200000000000000,0.7372148388460057,0.7180,0.7262,0.7120,0.7372
747210,5/1/2024,0.7989999999999999,0.6362400632339658,0.7230000000000001,0.7252338772338772,0.7990,0.6362,0.7230,0.7252
747211,4/30/2024,0.7989999999999999,0.6680895381437214,0.7310000000000001,0.7950185185185186,0.7990,0.6681,0.7310,0.7950
747212,4/17/2024,0.7290000000000001,0.74200000000000000,0.72000000000000000,0.84500000000000000,0.7290,0.7420,0.7200,0.8450
747213,4/16/2024,0.75100000000000000,0.60900000000000000,0.7310000000000001,0.5760000000000001,0.7510,0.6090,0.7310,0.5760
747214,4/17/2024,0.7290000000000001,1.18100000000000000,0.72000000000000000,0.9440000000000001,0.7290,1.1810,0.7200,0.9440
747215,4/14/2024,0.68300000000000000,0.8320000000000001,0.7549999999999999,0.81900000000000000,0.6830,0.8320,0.7550,0.8190
747216,4/14/2024,0.68300000000000000,0.79800000000000000,0.7549999999999999,0.60300000000000000,0.6830,0.7980,0.7550,0.6030
747217,4/13/2024,0.73900000000000000,0.6839999999999999,0.73400000000000000,0.84500000000000000,0.7390,0.6840,0.7340,0.8450
747218,4/2/2024,0.70600000000000000,0.28900000000000003,0.73600000000000000,1.0670000000000002,0.7060,0.2890,0.7360,1.0670
747219,4/3/2024,0.7769999999999999,0.71400000000000000,0.87100000000000000,0.45400000000000000,0.7770,0.7140,0.8710,0.4540
747220,4/3/2024,0.7769999999999999,0.7989999999999999,0.87100000000000000,0.49500000000000000,0.7770,0.7990,0.8710,0.4950
747221,3/31/2024,0.52600000000000000,1.09300000000000000,1.11500000000000000,1.00900000000000000,0.5260,1.0930,1.1150,1.0090
747222,3/31/2024,0.52600000000000000,0.52600000000000000,1.11500000000000000,1.11500000000000000,0.5260,0.5260,1.1150,1.1150
747223,3/30/2024,0.43500000000000000,1.11300000000000000,1.08800000000000000,0.45400000000000000,0.4350,1.1130,1.0880,0.4540
747224,3/29/2024,0.71600000000000000,1.58500000000000000,0.73500000000000000,0.5640000000000001,0.7160,1.5850,0.7350,0.5640
