"game_id","date_played","away_team_id","home_team_id","away_score","home_score","winner","loser","created_at"
"746739","2024-03-31",120,113,5,6,"home","away","2025-05-19 12:45:14.769254-04"
"746090","2024-03-31",134,146,9,7,"away","home","2025-05-19 12:45:14.769254-04"
"745845","2024-03-31",158,121,4,1,"away","home","2025-05-19 12:45:14.769254-04"
"745115","2024-03-31",141,139,9,2,"away","home","2025-05-19 12:45:14.769254-04"
"746815","2024-03-31",116,145,3,2,"away","home","2025-05-19 12:45:14.769254-04"
"746413","2024-03-31",147,117,4,3,"away","home","2025-05-19 12:45:14.769254-04"
"746332","2024-03-31",142,118,0,11,"home","away","2025-05-19 12:45:14.769254-04"
"745035","2024-03-31",112,140,9,5,"away","home","2025-05-19 12:45:14.769254-04"
"747060","2024-03-28",108,110,3,11,"home","away","2025-05-19 12:45:13.987309-04"
"746821","2024-03-28",116,145,1,0,"away","home","2025-05-19 12:45:13.987309-04"
"746335","2024-03-28",142,118,4,1,"away","home","2025-05-19 12:45:13.987309-04"
"746737","2024-03-28",120,113,2,8,"home","away","2025-05-19 12:45:13.987309-04"
"745683","2024-03-31",114,133,3,4,"home","away","2025-05-19 12:45:14.769254-04"
"745039","2024-03-28",112,140,3,4,"home","away","2025-05-19 12:45:13.987309-04"
"747222","2024-03-31",115,109,1,5,"home","away","2025-05-19 12:45:14.769254-04"
"745279","2024-03-31",111,136,5,1,"away","home","2025-05-19 12:45:14.769254-04"
"745438","2024-03-31",137,135,4,13,"home","away","2025-05-19 12:45:14.769254-04"
"745116","2024-03-28",141,139,8,2,"away","home","2025-05-19 12:45:13.987309-04"
"746089","2024-03-28",134,146,6,5,"away","home","2025-05-19 12:45:13.987309-04"
"746418","2024-03-28",147,117,5,4,"away","home","2025-05-19 12:45:13.987309-04"
"747224","2024-03-28",115,109,1,16,"home","away","2025-05-19 12:45:13.987309-04"
"745283","2024-03-28",111,136,6,4,"away","home","2025-05-19 12:45:13.987309-04"
"745687","2024-03-28",114,133,8,0,"away","home","2025-05-19 12:45:13.987309-04"
"745445","2024-03-28",137,135,4,6,"home","away","2025-05-19 12:45:13.987309-04"
"746165","2024-03-28",138,119,1,7,"home","away","2025-05-19 12:45:13.987309-04"
"745119","2024-03-30",141,139,1,5,"home","away","2025-05-19 12:45:14.497136-04"
"746166","2024-03-31",138,119,4,5,"home","away","2025-05-19 12:45:14.769254-04"
"745436","2024-03-30",137,135,9,6,"away","home","2025-05-19 12:45:14.497136-04"
"745599","2024-03-30",144,143,12,4,"away","home","2025-05-19 12:45:14.497136-04"
"747063","2024-03-30",108,110,4,13,"home","away","2025-05-19 12:45:14.497136-04"
"746736","2024-03-30",120,113,7,6,"away","home","2025-05-19 12:45:14.497136-04"
"746087","2024-03-30",134,146,9,3,"away","home","2025-05-19 12:45:14.497136-04"
"745850","2024-03-30",158,121,7,6,"away","home","2025-05-19 12:45:14.497136-04"
"746818","2024-03-30",116,145,7,6,"away","home","2025-05-19 12:45:14.497136-04"
"746410","2024-03-30",147,117,5,3,"away","home","2025-05-19 12:45:14.497136-04"
"746333","2024-03-30",142,118,5,1,"away","home","2025-05-19 12:45:14.497136-04"
"745848","2024-03-29",158,121,3,1,"away","home","2025-05-19 12:45:14.231812-04"
"745604","2024-03-29",144,143,9,3,"away","home","2025-05-19 12:45:14.231812-04"
"745682","2024-03-29",114,133,6,4,"away","home","2025-05-19 12:45:14.231812-04"
"746091","2024-03-29",134,146,7,2,"away","home","2025-05-19 12:45:14.231812-04"
"745117","2024-03-29",141,139,2,8,"home","away","2025-05-19 12:45:14.231812-04"
"746412","2024-03-29",147,117,7,1,"away","home","2025-05-19 12:45:14.231812-04"
"745435","2024-03-29",137,135,8,3,"away","home","2025-05-19 12:45:14.231812-04"
"747223","2024-03-29",115,109,3,7,"home","away","2025-05-19 12:45:14.231812-04"
"746167","2024-03-29",138,119,3,6,"home","away","2025-05-19 12:45:14.231812-04"
"745276","2024-03-29",111,136,0,1,"home","away","2025-05-19 12:45:14.231812-04"
"745037","2024-03-30",112,140,2,11,"home","away","2025-05-19 12:45:14.497136-04"
"745684","2024-03-30",114,133,12,3,"away","home","2025-05-19 12:45:14.497136-04"
"747221","2024-03-30",115,109,9,4,"away","home","2025-05-19 12:45:14.497136-04"
"745278","2024-03-30",111,136,3,4,"home","away","2025-05-19 12:45:14.497136-04"
"746168","2024-03-30",138,119,6,5,"away","home","2025-05-19 12:45:14.497136-04"
"745602","2024-03-31",144,143,4,5,"home","away","2025-05-19 12:45:14.769254-04"
"747062","2024-03-31",108,110,4,1,"away","home","2025-05-19 12:45:14.769254-04"
"744875","2024-04-01",134,120,8,4,"away","home","2025-05-19 12:45:15.008928-04"
"746170","2024-04-01",137,119,3,8,"home","away","2025-05-19 12:45:15.008928-04"
"747058","2024-04-01",118,110,4,6,"home","away","2025-05-19 12:45:15.008928-04"
"745600","2024-04-01",113,143,6,3,"away","home","2025-05-19 12:45:15.008928-04"
"746085","2024-04-01",108,146,7,4,"away","home","2025-05-19 12:45:15.008928-04"
"745109","2024-04-01",140,139,9,3,"away","home","2025-05-19 12:45:15.008928-04"
"745842","2024-04-01",116,121,5,0,"away","home","2025-05-19 12:45:15.008928-04"
"746899","2024-04-01",115,112,0,5,"home","away","2025-05-19 12:45:15.008928-04"
"746409","2024-04-01",141,117,0,10,"home","away","2025-05-19 12:45:15.008928-04"
"747218","2024-04-01",147,109,5,2,"away","home","2025-05-19 12:45:15.008928-04"
"745675","2024-04-01",111,133,9,0,"away","home","2025-05-19 12:45:15.008928-04"
"745277","2024-04-01",114,136,4,5,"home","away","2025-05-19 12:45:15.008928-04"
"745437","2024-04-01",138,135,6,2,"away","home","2025-05-19 12:45:15.008928-04"
"746814","2024-04-02",144,145,2,3,"home","away","2025-05-19 12:45:15.275987-04"
"746898","2024-04-02",115,112,2,12,"home","away","2025-05-19 12:45:15.275987-04"
"747057","2024-04-02",118,110,4,1,"away","home","2025-05-19 12:45:15.275987-04"
"745598","2024-04-02",113,143,4,9,"home","away","2025-05-19 12:45:15.275987-04"
"746086","2024-04-02",108,146,3,1,"away","home","2025-05-19 12:45:15.275987-04"
"746009","2024-04-02",142,158,2,3,"home","away","2025-05-19 12:45:15.275987-04"
"745111","2024-04-02",140,139,2,5,"home","away","2025-05-19 12:45:15.275987-04"
"745680","2024-04-02",111,133,5,4,"away","home","2025-05-19 12:45:15.275987-04"
"747220","2024-04-02",147,109,0,7,"home","away","2025-05-19 12:45:15.275987-04"
"745273","2024-04-02",114,136,5,2,"away","home","2025-05-19 12:45:15.275987-04"
"745439","2024-04-02",138,135,5,2,"away","home","2025-05-19 12:45:15.275987-04"
"746411","2024-04-02",141,117,2,1,"away","home","2025-05-19 12:45:15.275987-04"
"746169","2024-04-02",137,119,4,5,"home","away","2025-05-19 12:45:15.275987-04"
"746083","2024-04-03",108,146,10,2,"away","home","2025-05-19 12:45:15.54753-04"
"746008","2024-04-03",142,158,7,3,"away","home","2025-05-19 12:45:15.54753-04"
"745114","2024-04-03",140,139,4,1,"away","home","2025-05-19 12:45:15.54753-04"
"744874","2024-04-05",143,120,4,0,"away","home","2025-05-19 12:45:15.940763-04"
"745678","2024-04-03",111,133,1,0,"away","home","2025-05-19 12:45:15.54753-04"
"747219","2024-04-03",147,109,6,5,"away","home","2025-05-19 12:45:15.54753-04"
"746733","2024-04-05",121,113,3,2,"away","home","2025-05-19 12:45:15.940763-04"
"745275","2024-04-03",114,136,8,0,"away","home","2025-05-19 12:45:15.54753-04"
"745440","2024-04-03",138,135,2,3,"home","away","2025-05-19 12:45:15.54753-04"
"745033","2024-04-05",117,140,2,10,"home","away","2025-05-19 12:45:15.940763-04"
"745764","2024-04-05",141,147,3,0,"away","home","2025-05-19 12:45:15.940763-04"
"746328","2024-04-05",145,118,1,2,"home","away","2025-05-19 12:45:15.940763-04"
"746007","2024-04-05",136,158,5,6,"home","away","2025-05-19 12:45:15.940763-04"
"747059","2024-04-03",118,110,3,4,"home","away","2025-05-19 12:45:15.54753-04"
"747143","2024-04-05",109,144,5,6,"home","away","2025-05-19 12:45:15.940763-04"
"746900","2024-04-03",115,112,8,9,"home","away","2025-05-19 12:45:15.54753-04"
"745603","2024-04-03",113,143,4,1,"away","home","2025-05-19 12:45:15.54753-04"
"746407","2024-04-03",141,117,0,8,"home","away","2025-05-19 12:45:15.54753-04"
"746163","2024-04-03",137,119,4,5,"home","away","2025-05-19 12:45:15.54753-04"
"744869","2024-04-03",134,120,3,5,"home","away","2025-05-19 12:45:15.54753-04"
"745844","2024-04-04",116,121,6,3,"away","home","2025-05-19 12:45:15.739571-04"
"745843","2024-04-04",116,121,1,2,"home","away","2025-05-19 12:45:15.739571-04"
"745361","2024-04-05",135,137,2,3,"home","away","2025-05-19 12:45:15.940763-04"
"746249","2024-04-05",111,108,8,6,"away","home","2025-05-19 12:45:15.940763-04"
"745200","2024-04-04",146,138,5,8,"home","away","2025-05-19 12:45:15.739571-04"
"745928","2024-04-04",114,142,4,2,"away","home","2025-05-19 12:45:15.739571-04"
"744870","2024-04-04",134,120,7,4,"away","home","2025-05-19 12:45:15.739571-04"
"746327","2024-04-04",145,118,1,10,"home","away","2025-05-19 12:45:15.739571-04"
"746576","2024-04-05",139,115,7,10,"home","away","2025-05-19 12:45:15.940763-04"
"747141","2024-04-07",109,144,2,5,"home","away","2025-05-19 12:45:16.507657-04"
"745523","2024-04-07",110,134,2,3,"home","away","2025-05-19 12:45:16.507657-04"
"745765","2024-04-07",141,147,3,8,"home","away","2025-05-19 12:45:16.507657-04"
"744871","2024-04-07",143,120,2,3,"home","away","2025-05-19 12:45:16.507657-04"
"746734","2024-04-07",121,113,3,1,"away","home","2025-05-19 12:45:16.507657-04"
"746493","2024-04-07",133,116,7,1,"away","home","2025-05-19 12:45:16.507657-04"
"747140","2024-04-06",109,144,8,9,"home","away","2025-05-19 12:45:16.215465-04"
"746497","2024-04-05",133,116,4,5,"home","away","2025-05-19 12:45:15.940763-04"
"745524","2024-04-05",110,134,5,2,"away","home","2025-05-19 12:45:15.940763-04"
"746897","2024-04-05",119,112,7,9,"home","away","2025-05-19 12:45:15.940763-04"
"746330","2024-04-07",145,118,3,5,"home","away","2025-05-19 12:45:16.507657-04"
"746003","2024-04-07",136,158,4,12,"home","away","2025-05-19 12:45:16.507657-04"
"745198","2024-04-07",146,138,10,3,"away","home","2025-05-19 12:45:16.507657-04"
"746574","2024-04-07",139,115,3,2,"away","home","2025-05-19 12:45:16.507657-04"
"745522","2024-04-06",110,134,4,5,"home","away","2025-05-19 12:45:16.215465-04"
"745766","2024-04-06",141,147,8,9,"home","away","2025-05-19 12:45:16.215465-04"
"744873","2024-04-06",143,120,5,2,"away","home","2025-05-19 12:45:16.215465-04"
"746731","2024-04-06",121,113,6,9,"home","away","2025-05-19 12:45:16.215465-04"
"746498","2024-04-06",133,116,4,0,"away","home","2025-05-19 12:45:16.215465-04"
"746329","2024-04-06",145,118,0,3,"home","away","2025-05-19 12:45:16.215465-04"
"745926","2024-04-06",114,142,3,1,"away","home","2025-05-19 12:45:16.215465-04"
"746006","2024-04-06",136,158,5,3,"away","home","2025-05-19 12:45:16.215465-04"
"745197","2024-04-06",146,138,1,3,"home","away","2025-05-19 12:45:16.215465-04"
"746896","2024-04-06",119,112,4,1,"away","home","2025-05-19 12:45:16.215465-04"
"746575","2024-04-06",139,115,8,6,"away","home","2025-05-19 12:45:16.215465-04"
"745359","2024-04-06",135,137,4,0,"away","home","2025-05-19 12:45:16.215465-04"
"746248","2024-04-06",111,108,1,2,"home","away","2025-05-19 12:45:16.215465-04"
"745031","2024-04-06",117,140,2,7,"home","away","2025-05-19 12:45:16.215465-04"
"745362","2024-04-07",135,137,2,3,"home","away","2025-05-19 12:45:16.507657-04"
"746251","2024-04-07",111,108,12,2,"away","home","2025-05-19 12:45:16.507657-04"
"746895","2024-04-07",119,112,1,8,"home","away","2025-05-19 12:45:16.507657-04"
"745032","2024-04-07",117,140,3,1,"away","home","2025-05-19 12:45:16.507657-04"
"745034","2024-04-08",117,140,10,5,"away","home","2025-05-19 12:45:16.720653-04"
"745432","2024-04-08",112,135,8,9,"home","away","2025-05-19 12:45:16.720653-04"
"745520","2024-04-08",116,134,4,7,"home","away","2025-05-19 12:45:16.720653-04"
"746654","2024-04-08",145,114,0,4,"home","away","2025-05-19 12:45:16.720653-04"
"746735","2024-04-08",158,113,8,10,"home","away","2025-05-19 12:45:16.720653-04"
"745761","2024-04-08",146,147,0,7,"home","away","2025-05-19 12:45:16.720653-04"
"744956","2024-04-08",136,141,2,5,"home","away","2025-05-19 12:45:16.720653-04"
"747142","2024-04-08",121,144,8,7,"away","home","2025-05-19 12:45:16.720653-04"
"745925","2024-04-08",119,142,4,2,"away","home","2025-05-19 12:45:16.720653-04"
"745194","2024-04-08",143,138,5,3,"away","home","2025-05-19 12:45:16.720653-04"
"746569","2024-04-08",109,115,5,7,"home","away","2025-05-19 12:45:16.720653-04"
"746252","2024-04-08",139,108,1,7,"home","away","2025-05-19 12:45:16.720653-04"
"745363","2024-04-08",120,137,8,1,"away","home","2025-05-19 12:45:16.720653-04"
"745517","2024-04-09",116,134,5,3,"away","home","2025-05-19 12:45:17.017943-04"
"746981","2024-04-09",110,111,7,1,"away","home","2025-05-19 12:45:17.017943-04"
"746655","2024-04-10",145,114,6,7,"home","away","2025-05-19 12:45:17.28903-04"
"745429","2024-04-10",112,135,2,10,"home","away","2025-05-19 12:45:17.28903-04"
"745763","2024-04-10",146,147,5,2,"away","home","2025-05-19 12:45:17.28903-04"
"746728","2024-04-10",158,113,7,2,"away","home","2025-05-19 12:45:17.28903-04"
"746323","2024-04-10",117,118,2,11,"home","away","2025-05-19 12:45:17.28903-04"
"745024","2024-04-10",133,140,2,6,"home","away","2025-05-19 12:45:17.28903-04"
"746980","2024-04-10",110,111,7,5,"away","home","2025-05-19 12:45:17.28903-04"
"746732","2024-04-09",158,113,9,5,"away","home","2025-05-19 12:45:17.017943-04"
"747138","2024-04-09",121,144,5,6,"home","away","2025-05-19 12:45:17.017943-04"
"747137","2024-04-11",121,144,16,4,"away","home","2025-05-19 12:45:17.486711-04"
"746322","2024-04-11",117,118,3,13,"home","away","2025-05-19 12:45:17.486711-04"
"745029","2024-04-11",133,140,1,0,"away","home","2025-05-19 12:45:17.486711-04"
"746977","2024-04-11",110,111,9,4,"away","home","2025-05-19 12:45:17.486711-04"
"745924","2024-04-09",119,142,6,3,"away","home","2025-05-19 12:45:17.017943-04"
"745195","2024-04-09",143,138,0,3,"home","away","2025-05-19 12:45:17.017943-04"
"744957","2024-04-09",136,141,3,5,"home","away","2025-05-19 12:45:17.017943-04"
"746571","2024-04-09",109,115,3,2,"away","home","2025-05-19 12:45:17.017943-04"
"745357","2024-04-09",120,137,5,3,"away","home","2025-05-19 12:45:17.017943-04"
"746250","2024-04-09",139,108,6,4,"away","home","2025-05-19 12:45:17.017943-04"
"746653","2024-04-09",145,114,7,5,"away","home","2025-05-19 12:45:17.017943-04"
"745433","2024-04-09",112,135,5,1,"away","home","2025-05-19 12:45:17.017943-04"
"745762","2024-04-09",146,147,2,3,"home","away","2025-05-19 12:45:17.017943-04"
"746326","2024-04-09",117,118,3,4,"home","away","2025-05-19 12:45:17.017943-04"
"745030","2024-04-09",133,140,4,3,"away","home","2025-05-19 12:45:17.017943-04"
"745923","2024-04-10",119,142,2,3,"home","away","2025-05-19 12:45:17.28903-04"
"745196","2024-04-10",143,138,4,3,"away","home","2025-05-19 12:45:17.28903-04"
"744950","2024-04-10",136,141,6,1,"away","home","2025-05-19 12:45:17.28903-04"
"746573","2024-04-10",109,115,5,3,"away","home","2025-05-19 12:45:17.28903-04"
"745355","2024-04-10",120,137,1,7,"home","away","2025-05-19 12:45:17.28903-04"
"746247","2024-04-10",139,108,4,2,"away","home","2025-05-19 12:45:17.28903-04"
"745601","2024-04-11",134,143,1,5,"home","away","2025-05-19 12:45:17.486711-04"
"746978","2024-04-12",108,111,7,0,"away","home","2025-05-19 12:45:17.709171-04"
"746491","2024-04-12",142,116,2,8,"home","away","2025-05-19 12:45:17.709171-04"
"745838","2024-04-12",118,121,1,6,"home","away","2025-05-19 12:45:17.709171-04"
"746812","2024-04-12",113,145,11,1,"away","home","2025-05-19 12:45:17.709171-04"
"744954","2024-04-12",115,141,12,4,"away","home","2025-05-19 12:45:17.709171-04"
"747055","2024-04-12",158,110,11,1,"away","home","2025-05-19 12:45:17.709171-04"
"746408","2024-04-12",140,117,12,8,"away","home","2025-05-19 12:45:17.709171-04"
"745596","2024-04-12",134,143,5,2,"away","home","2025-05-19 12:45:17.709171-04"
"745679","2024-04-12",120,133,1,2,"home","away","2025-05-19 12:45:17.709171-04"
"746084","2024-04-12",144,146,8,1,"away","home","2025-05-19 12:45:17.709171-04"
"745112","2024-04-12",137,139,1,2,"home","away","2025-05-19 12:45:17.709171-04"
"747217","2024-04-12",138,109,9,6,"away","home","2025-05-19 12:45:17.709171-04"
"746162","2024-04-12",135,119,8,7,"away","home","2025-05-19 12:45:17.709171-04"
"745274","2024-04-12",112,136,2,4,"home","away","2025-05-19 12:45:17.709171-04"
"746489","2024-04-13",142,116,11,5,"away","home","2025-05-19 12:45:17.976047-04"
"746656","2024-04-13",147,114,3,2,"away","home","2025-05-19 12:45:17.976047-04"
"747054","2024-04-13",158,110,11,5,"away","home","2025-05-19 12:45:17.976047-04"
"746979","2024-04-13",108,111,2,7,"home","away","2025-05-19 12:45:17.976047-04"
"745594","2024-04-13",134,143,3,4,"home","away","2025-05-19 12:45:17.976047-04"
"744953","2024-04-13",115,141,3,5,"home","away","2025-05-19 12:45:17.976047-04"
"746082","2024-04-13",144,146,1,5,"home","away","2025-05-19 12:45:17.976047-04"
"746658","2024-04-13",147,114,8,2,"away","home","2025-05-19 12:45:17.976047-04"
"746490","2024-04-13",142,116,4,1,"away","home","2025-05-19 12:45:17.976047-04"
"745839","2024-04-13",118,121,11,7,"away","home","2025-05-19 12:45:17.976047-04"
"745110","2024-04-13",137,139,11,2,"away","home","2025-05-19 12:45:17.976047-04"
"746811","2024-04-13",113,145,5,0,"away","home","2025-05-19 12:45:17.976047-04"
"746405","2024-04-13",140,117,2,9,"home","away","2025-05-19 12:45:17.976047-04"
"745676","2024-04-13",120,133,3,1,"away","home","2025-05-19 12:45:17.976047-04"
"747215","2024-04-13",138,109,2,4,"home","away","2025-05-19 12:45:17.976047-04"
"745272","2024-04-13",112,136,4,1,"away","home","2025-05-19 12:45:17.976047-04"
"746161","2024-04-13",135,119,2,5,"home","away","2025-05-19 12:45:17.976047-04"
"747056","2024-04-14",158,110,4,6,"home","away","2025-05-19 12:45:18.230126-04"
"746975","2024-04-14",108,111,4,5,"home","away","2025-05-19 12:45:18.230126-04"
"745595","2024-04-14",134,143,9,2,"away","home","2025-05-19 12:45:18.230126-04"
"744952","2024-04-14",115,141,0,5,"home","away","2025-05-19 12:45:18.230126-04"
"746079","2024-04-14",144,146,9,7,"away","home","2025-05-19 12:45:18.230126-04"
"746648","2024-04-14",147,114,7,8,"home","away","2025-05-19 12:45:18.230126-04"
"746492","2024-04-14",142,116,3,4,"home","away","2025-05-19 12:45:18.230126-04"
"745113","2024-04-14",137,139,4,9,"home","away","2025-05-19 12:45:18.230126-04"
"746810","2024-04-14",113,145,11,4,"away","home","2025-05-19 12:45:18.230126-04"
"746404","2024-04-14",140,117,5,8,"home","away","2025-05-19 12:45:18.230126-04"
"745841","2024-04-14",118,121,1,2,"home","away","2025-05-19 12:45:18.230126-04"
"745681","2024-04-14",120,133,6,7,"home","away","2025-05-19 12:45:18.230126-04"
"747216","2024-04-14",138,109,0,5,"home","away","2025-05-19 12:45:18.230126-04"
"745271","2024-04-14",112,136,3,2,"away","home","2025-05-19 12:45:18.230126-04"
"746164","2024-04-14",135,119,6,3,"away","home","2025-05-19 12:45:18.230126-04"
"746488","2024-04-15",140,116,1,0,"away","home","2025-05-19 12:45:18.46742-04"
"745840","2024-04-15",134,121,3,6,"home","away","2025-05-19 12:45:18.46742-04"
"746813","2024-04-15",118,145,2,0,"away","home","2025-05-19 12:45:18.46742-04"
"746076","2024-04-17",137,146,3,1,"away","home","2025-05-19 12:45:19.072421-04"
"747049","2024-04-17",142,110,2,4,"home","away","2025-05-19 12:45:19.072421-04"
"746485","2024-04-18",140,116,9,7,"away","home","2025-05-19 12:45:19.23999-04"
"746158","2024-04-15",120,119,6,4,"away","home","2025-05-19 12:45:18.46742-04"
"747053","2024-04-15",142,110,4,7,"home","away","2025-05-19 12:45:18.46742-04"
"745597","2024-04-15",115,143,1,2,"home","away","2025-05-19 12:45:18.46742-04"
"746080","2024-04-15",137,146,4,3,"away","home","2025-05-19 12:45:18.46742-04"
"745106","2024-04-15",108,139,7,3,"away","home","2025-05-19 12:45:18.46742-04"
"744951","2024-04-15",147,141,1,3,"home","away","2025-05-19 12:45:18.46742-04"
"746974","2024-04-15",114,111,6,0,"away","home","2025-05-19 12:45:18.46742-04"
"746002","2024-04-15",135,158,7,3,"away","home","2025-05-19 12:45:18.46742-04"
"746406","2024-04-15",144,117,6,1,"away","home","2025-05-19 12:45:18.46742-04"
"747213","2024-04-15",112,109,3,2,"away","home","2025-05-19 12:45:18.46742-04"
"745268","2024-04-15",113,136,3,9,"home","away","2025-05-19 12:45:18.46742-04"
"745677","2024-04-15",138,133,3,1,"away","home","2025-05-19 12:45:18.46742-04"
"746005","2024-04-17",135,158,0,1,"home","away","2025-05-19 12:45:19.072421-04"
"747051","2024-04-16",142,110,3,11,"home","away","2025-05-19 12:45:18.780242-04"
"745836","2024-04-17",134,121,1,9,"home","away","2025-05-19 12:45:19.072421-04"
"746081","2024-04-16",137,146,3,6,"home","away","2025-05-19 12:45:18.780242-04"
"746401","2024-04-17",144,117,5,4,"away","home","2025-05-19 12:45:19.072421-04"
"745104","2024-04-18",108,139,1,2,"home","away","2025-05-19 12:45:19.23999-04"
"744948","2024-04-17",147,141,6,4,"away","home","2025-05-19 12:45:19.072421-04"
"746159","2024-04-17",120,119,2,0,"away","home","2025-05-19 12:45:19.072421-04"
"746004","2024-04-16",135,158,6,3,"away","home","2025-05-19 12:45:18.780242-04"
"745671","2024-04-17",138,133,3,6,"home","away","2025-05-19 12:45:19.072421-04"
"747212","2024-04-17",112,109,5,3,"away","home","2025-05-19 12:45:19.072421-04"
"745267","2024-04-17",113,136,1,5,"home","away","2025-05-19 12:45:19.072421-04"
"746809","2024-04-17",118,145,1,2,"home","away","2025-05-19 12:45:19.072421-04"
"746157","2024-04-16",120,119,2,6,"home","away","2025-05-19 12:45:18.780242-04"
"746486","2024-04-16",140,116,2,4,"home","away","2025-05-19 12:45:18.780242-04"
"745837","2024-04-16",134,121,1,3,"home","away","2025-05-19 12:45:18.780242-04"
"746400","2024-04-16",144,117,6,2,"away","home","2025-05-19 12:45:18.780242-04"
"744944","2024-04-16",147,141,4,5,"home","away","2025-05-19 12:45:18.780242-04"
"745674","2024-04-16",138,133,3,2,"away","home","2025-05-19 12:45:18.780242-04"
"747214","2024-04-16",112,109,11,12,"home","away","2025-05-19 12:45:18.780242-04"
"745270","2024-04-16",113,136,1,3,"home","away","2025-05-19 12:45:18.780242-04"
"745593","2024-04-16",115,143,0,5,"home","away","2025-05-19 12:45:18.780242-04"
"745108","2024-04-16",108,139,6,7,"home","away","2025-05-19 12:45:18.780242-04"
"746976","2024-04-16",114,111,10,7,"away","home","2025-05-19 12:45:18.780242-04"
"746970","2024-04-18",114,111,5,4,"away","home","2025-05-19 12:45:19.23999-04"
"746892","2024-04-19",146,112,3,8,"home","away","2025-05-19 12:45:19.42631-04"
"746807","2024-04-17",118,145,4,2,"away","home","2025-05-19 12:45:19.072421-04"
"745591","2024-04-17",115,143,6,7,"home","away","2025-05-19 12:45:19.072421-04"
"745356","2024-04-18",109,137,0,5,"home","away","2025-05-19 12:45:19.23999-04"
"746973","2024-04-17",114,111,0,2,"home","away","2025-05-19 12:45:19.072421-04"
"746487","2024-04-17",140,116,5,4,"away","home","2025-05-19 12:45:19.072421-04"
"745105","2024-04-17",108,139,5,4,"away","home","2025-05-19 12:45:19.072421-04"
"746729","2024-04-19",108,113,1,7,"home","away","2025-05-19 12:45:19.42631-04"
"745430","2024-04-19",141,135,5,1,"away","home","2025-05-19 12:45:19.42631-04"
"746160","2024-04-19",121,119,9,4,"away","home","2025-05-19 12:45:19.42631-04"
"745758","2024-04-19",139,147,3,5,"home","away","2025-05-19 12:45:19.42631-04"
"745922","2024-04-19",116,142,5,4,"away","home","2025-05-19 12:45:19.42631-04"
"745189","2024-04-19",158,138,2,1,"away","home","2025-05-19 12:45:19.42631-04"
"745352","2024-04-19",109,137,17,1,"away","home","2025-05-19 12:45:19.42631-04"
"745518","2024-04-19",111,134,8,1,"away","home","2025-05-19 12:45:19.42631-04"
"744872","2024-04-19",117,120,5,3,"away","home","2025-05-19 12:45:19.42631-04"
"745592","2024-04-19",145,143,0,7,"home","away","2025-05-19 12:45:19.42631-04"
"746650","2024-04-19",133,114,2,10,"home","away","2025-05-19 12:45:19.42631-04"
"746325","2024-04-19",110,118,4,9,"home","away","2025-05-19 12:45:19.42631-04"
"747136","2024-04-19",140,144,3,8,"home","away","2025-05-19 12:45:19.42631-04"
"746316","2024-04-21",110,118,5,0,"away","home","2025-05-19 12:45:19.965999-04"
"745920","2024-04-21",116,142,6,1,"away","home","2025-05-19 12:45:19.965999-04"
"745192","2024-04-21",158,138,2,0,"away","home","2025-05-19 12:45:19.965999-04"
"746894","2024-04-21",146,112,6,3,"away","home","2025-05-19 12:45:19.965999-04"
"745107","2024-04-22",116,139,7,1,"away","home","2025-05-19 12:45:20.173015-04"
"745515","2024-04-20",111,134,4,2,"away","home","2025-05-19 12:45:19.709361-04"
"745353","2024-04-21",109,137,5,3,"away","home","2025-05-19 12:45:19.965999-04"
"746154","2024-04-21",121,119,0,10,"home","away","2025-05-19 12:45:19.965999-04"
"745434","2024-04-21",141,135,3,6,"home","away","2025-05-19 12:45:19.965999-04"
"745757","2024-04-22",133,147,2,0,"away","home","2025-05-19 12:45:20.173015-04"
"746572","2024-04-21",136,115,10,2,"away","home","2025-05-19 12:45:19.965999-04"
"747133","2024-04-21",140,144,6,4,"away","home","2025-05-19 12:45:19.965999-04"
"746568","2024-04-21",136,115,1,2,"home","away","2025-05-19 12:45:19.965999-04"
"746156","2024-04-20",121,119,6,4,"away","home","2025-05-19 12:45:19.709361-04"
"746893","2024-04-20",146,112,3,2,"away","home","2025-05-19 12:45:19.709361-04"
"745590","2024-04-20",145,143,5,9,"home","away","2025-05-19 12:45:19.709361-04"
"744865","2024-04-20",117,120,4,5,"home","away","2025-05-19 12:45:19.709361-04"
"745760","2024-04-20",139,147,2,0,"away","home","2025-05-19 12:45:19.709361-04"
"746726","2024-04-20",108,113,5,7,"home","away","2025-05-19 12:45:19.709361-04"
"746651","2024-04-20",133,114,3,6,"home","away","2025-05-19 12:45:19.709361-04"
"746324","2024-04-20",110,118,9,7,"away","home","2025-05-19 12:45:19.709361-04"
"745921","2024-04-20",116,142,3,4,"home","away","2025-05-19 12:45:19.709361-04"
"745190","2024-04-20",158,138,12,5,"away","home","2025-05-19 12:45:19.709361-04"
"746891","2024-04-20",146,112,3,5,"home","away","2025-05-19 12:45:19.709361-04"
"746570","2024-04-20",136,115,7,0,"away","home","2025-05-19 12:45:19.709361-04"
"745354","2024-04-20",109,137,3,7,"home","away","2025-05-19 12:45:19.709361-04"
"745431","2024-04-20",141,135,5,2,"away","home","2025-05-19 12:45:19.709361-04"
"747135","2024-04-20",140,144,2,5,"home","away","2025-05-19 12:45:19.709361-04"
"745514","2024-04-21",111,134,6,1,"away","home","2025-05-19 12:45:19.965999-04"
"745588","2024-04-21",145,143,2,8,"home","away","2025-05-19 12:45:19.965999-04"
"744866","2024-04-21",117,120,0,6,"home","away","2025-05-19 12:45:19.965999-04"
"745759","2024-04-21",139,147,4,5,"home","away","2025-05-19 12:45:19.965999-04"
"746727","2024-04-21",108,113,0,3,"home","away","2025-05-19 12:45:19.965999-04"
"746652","2024-04-21",133,114,2,6,"home","away","2025-05-19 12:45:19.965999-04"
"745519","2024-04-22",158,134,2,4,"home","away","2025-05-19 12:45:20.173015-04"
"745191","2024-04-22",109,138,3,5,"home","away","2025-05-19 12:45:20.173015-04"
"746723","2024-04-22",143,113,7,0,"away","home","2025-05-19 12:45:20.173015-04"
"747134","2024-04-22",146,144,0,3,"home","away","2025-05-19 12:45:20.173015-04"
"745916","2024-04-22",145,142,0,7,"home","away","2025-05-19 12:45:20.173015-04"
"746319","2024-04-22",141,118,5,3,"away","home","2025-05-19 12:45:20.173015-04"
"746565","2024-04-22",135,115,3,1,"away","home","2025-05-19 12:45:20.173015-04"
"746242","2024-04-22",110,108,4,2,"away","home","2025-05-19 12:45:20.173015-04"
"745351","2024-04-22",121,137,2,5,"home","away","2025-05-19 12:45:20.173015-04"
"746647","2024-04-23",111,114,1,4,"home","away","2025-05-19 12:45:20.44984-04"
"745516","2024-04-23",158,134,1,2,"home","away","2025-05-19 12:45:20.44984-04"
"747130","2024-04-23",146,144,0,5,"home","away","2025-05-19 12:45:20.44984-04"
"746566","2024-04-23",135,115,4,7,"home","away","2025-05-19 12:45:20.44984-04"
"745193","2024-04-23",109,138,14,1,"away","home","2025-05-19 12:45:20.44984-04"
"745348","2024-04-23",121,137,1,5,"home","away","2025-05-19 12:45:20.44984-04"
"746246","2024-04-23",110,108,4,7,"home","away","2025-05-19 12:45:20.44984-04"
"746722","2024-04-23",143,113,1,8,"home","away","2025-05-19 12:45:20.44984-04"
"744863","2024-04-23",119,120,4,1,"away","home","2025-05-19 12:45:20.44984-04"
"745102","2024-04-23",116,139,4,2,"away","home","2025-05-19 12:45:20.44984-04"
"745754","2024-04-23",133,147,3,4,"home","away","2025-05-19 12:45:20.44984-04"
"746888","2024-04-23",117,112,2,7,"home","away","2025-05-19 12:45:20.44984-04"
"745917","2024-04-23",145,142,5,6,"home","away","2025-05-19 12:45:20.44984-04"
"746321","2024-04-23",141,118,2,3,"home","away","2025-05-19 12:45:20.44984-04"
"745026","2024-04-23",136,140,4,0,"away","home","2025-05-19 12:45:20.44984-04"
"745188","2024-04-24",109,138,1,5,"home","away","2025-05-19 12:45:20.731075-04"
"745346","2024-04-24",121,137,8,2,"away","home","2025-05-19 12:45:20.731075-04"
"746244","2024-04-24",110,108,6,5,"away","home","2025-05-19 12:45:20.731075-04"
"744946","2024-04-27",119,141,4,2,"away","home","2025-05-19 12:45:21.483828-04"
"746972","2024-04-26",112,111,7,1,"away","home","2025-05-19 12:45:21.184803-04"
"746649","2024-04-24",111,114,8,0,"away","home","2025-05-19 12:45:20.731075-04"
"745099","2024-04-24",116,139,5,7,"home","away","2025-05-19 12:45:20.731075-04"
"747132","2024-04-24",146,144,3,4,"home","away","2025-05-19 12:45:20.731075-04"
"745513","2024-04-24",158,134,3,2,"away","home","2025-05-19 12:45:20.731075-04"
"745919","2024-04-24",145,142,3,6,"home","away","2025-05-19 12:45:20.731075-04"
"746725","2024-04-24",143,113,4,7,"home","away","2025-05-19 12:45:20.731075-04"
"746317","2024-04-24",141,118,2,3,"home","away","2025-05-19 12:45:20.731075-04"
"746889","2024-04-24",117,112,3,4,"home","away","2025-05-19 12:45:20.731075-04"
"745028","2024-04-24",136,140,1,5,"home","away","2025-05-19 12:45:20.731075-04"
"746567","2024-04-24",135,115,5,2,"away","home","2025-05-19 12:45:20.731075-04"
"744864","2024-04-24",119,120,11,2,"away","home","2025-05-19 12:45:20.731075-04"
"745753","2024-04-24",133,147,3,7,"home","away","2025-05-19 12:45:20.731075-04"
"745512","2024-04-25",158,134,7,5,"away","home","2025-05-19 12:45:20.979656-04"
"746646","2024-04-25",111,114,4,6,"home","away","2025-05-19 12:45:20.979656-04"
"745918","2024-04-25",145,142,3,6,"home","away","2025-05-19 12:45:20.979656-04"
"746724","2024-04-25",143,113,5,0,"away","home","2025-05-19 12:45:20.979656-04"
"746887","2024-04-25",117,112,1,3,"home","away","2025-05-19 12:45:20.979656-04"
"745027","2024-04-25",136,140,4,3,"away","home","2025-05-19 12:45:20.979656-04"
"746564","2024-04-25",135,115,9,10,"home","away","2025-05-19 12:45:20.979656-04"
"744867","2024-04-25",119,120,2,1,"away","home","2025-05-19 12:45:20.979656-04"
"745755","2024-04-25",133,147,3,1,"away","home","2025-05-19 12:45:20.979656-04"
"747125","2024-04-28",114,144,3,4,"home","away","2025-05-19 12:45:21.76712-04"
"747045","2024-04-28",133,110,7,6,"away","home","2025-05-19 12:45:21.76712-04"
"744947","2024-04-28",119,141,1,3,"home","away","2025-05-19 12:45:21.76712-04"
"746483","2024-04-28",118,116,1,4,"home","away","2025-05-19 12:45:21.76712-04"
"745834","2024-04-28",138,121,2,4,"home","away","2025-05-19 12:45:21.76712-04"
"744949","2024-04-26",119,141,12,2,"away","home","2025-05-19 12:45:21.184803-04"
"747050","2024-04-26",133,110,3,2,"away","home","2025-05-19 12:45:21.184803-04"
"745025","2024-04-26",113,140,1,2,"home","away","2025-05-19 12:45:21.184803-04"
"745835","2024-04-26",138,121,4,2,"away","home","2025-05-19 12:45:21.184803-04"
"746078","2024-04-26",120,146,3,1,"away","home","2025-05-19 12:45:21.184803-04"
"746482","2024-04-26",118,116,8,0,"away","home","2025-05-19 12:45:21.184803-04"
"746808","2024-04-26",139,145,4,9,"home","away","2025-05-19 12:45:21.184803-04"
"746000","2024-04-26",147,158,6,7,"home","away","2025-05-19 12:45:21.184803-04"
"747129","2024-04-26",114,144,2,6,"home","away","2025-05-19 12:45:21.184803-04"
"745424","2024-04-26",143,135,9,3,"away","home","2025-05-19 12:45:21.184803-04"
"745347","2024-04-26",134,137,0,3,"home","away","2025-05-19 12:45:21.184803-04"
"746243","2024-04-26",142,108,5,3,"away","home","2025-05-19 12:45:21.184803-04"
"745269","2024-04-26",109,136,1,6,"home","away","2025-05-19 12:45:21.184803-04"
"746805","2024-04-28",139,145,2,4,"home","away","2025-05-19 12:45:21.76712-04"
"746001","2024-04-28",147,158,15,5,"away","home","2025-05-19 12:45:21.76712-04"
"745022","2024-04-28",113,140,3,4,"home","away","2025-05-19 12:45:21.76712-04"
"747131","2024-04-27",114,144,4,2,"away","home","2025-05-19 12:45:21.483828-04"
"747052","2024-04-27",133,110,0,7,"home","away","2025-05-19 12:45:21.483828-04"
"746484","2024-04-27",118,116,5,6,"home","away","2025-05-19 12:45:21.483828-04"
"746075","2024-04-27",120,146,11,4,"away","home","2025-05-19 12:45:21.483828-04"
"745833","2024-04-27",138,121,7,4,"away","home","2025-05-19 12:45:21.483828-04"
"746803","2024-04-27",139,145,7,8,"home","away","2025-05-19 12:45:21.483828-04"
"745998","2024-04-27",147,158,15,3,"away","home","2025-05-19 12:45:21.483828-04"
"745020","2024-04-27",113,140,8,4,"away","home","2025-05-19 12:45:21.483828-04"
"746560","2024-04-27",117,115,12,4,"away","home","2025-05-19 12:45:21.483828-04"
"745350","2024-04-27",134,137,4,3,"away","home","2025-05-19 12:45:21.483828-04"
"746245","2024-04-27",142,108,16,5,"away","home","2025-05-19 12:45:21.483828-04"
"745266","2024-04-27",109,136,1,3,"home","away","2025-05-19 12:45:21.483828-04"
"745425","2024-04-27",143,135,5,1,"away","home","2025-05-19 12:45:21.483828-04"
"746971","2024-04-27",112,111,0,17,"home","away","2025-05-19 12:45:21.483828-04"
"746561","2024-04-28",117,115,8,2,"away","home","2025-05-19 12:45:21.76712-04"
"745349","2024-04-28",134,137,2,3,"home","away","2025-05-19 12:45:21.76712-04"
"745265","2024-04-28",109,136,3,2,"away","home","2025-05-19 12:45:21.76712-04"
"745428","2024-04-28",143,135,8,6,"away","home","2025-05-19 12:45:21.76712-04"
"746237","2024-04-28",142,108,11,5,"away","home","2025-05-19 12:45:21.76712-04"
"746967","2024-04-28",112,111,4,5,"home","away","2025-05-19 12:45:21.76712-04"
"746077","2024-04-28",120,146,12,9,"away","home","2025-05-19 12:45:21.76712-04"
"746074","2024-04-29",120,146,7,2,"away","home","2025-05-19 12:45:21.985229-04"
"745999","2024-04-29",139,158,1,0,"away","home","2025-05-19 12:45:21.985229-04"
"745427","2024-04-29",113,135,5,2,"away","home","2025-05-19 12:45:21.985229-04"
"747046","2024-04-29",147,110,0,2,"home","away","2025-05-19 12:45:21.985229-04"
"744945","2024-04-29",118,141,5,6,"home","away","2025-05-19 12:45:21.985229-04"
"745832","2024-04-29",112,121,3,1,"away","home","2025-05-19 12:45:21.985229-04"
"746804","2024-04-29",142,145,3,2,"away","home","2025-05-19 12:45:21.985229-04"
"746236","2024-04-29",143,108,5,6,"home","away","2025-05-19 12:45:21.985229-04"
"747211","2024-04-29",119,109,8,4,"away","home","2025-05-19 12:45:21.985229-04"
"745263","2024-04-29",144,136,1,2,"home","away","2025-05-19 12:45:21.985229-04"
"745672","2024-04-29",134,133,1,5,"home","away","2025-05-19 12:45:21.985229-04"
"747048","2024-05-01",147,110,2,0,"away","home","2025-05-19 12:45:22.538433-04"
"747207","2024-05-01",119,109,8,0,"away","home","2025-05-19 12:45:22.538433-04"
"746072","2024-05-01",115,146,1,4,"home","away","2025-05-19 12:45:22.538433-04"
"745829","2024-05-01",112,121,1,0,"away","home","2025-05-19 12:45:22.538433-04"
"746966","2024-05-01",137,111,2,6,"home","away","2025-05-19 12:45:22.538433-04"
"745023","2024-05-01",120,140,1,0,"away","home","2025-05-19 12:45:22.538433-04"
"746399","2024-05-01",114,117,3,2,"away","home","2025-05-19 12:45:22.538433-04"
"746073","2024-04-30",115,146,6,7,"home","away","2025-05-19 12:45:22.242363-04"
"746477","2024-04-30",138,116,2,1,"away","home","2025-05-19 12:45:22.242363-04"
"746968","2024-04-30",137,111,0,4,"home","away","2025-05-19 12:45:22.242363-04"
"746070","2024-05-02",115,146,4,5,"home","away","2025-05-19 12:45:22.760893-04"
"747210","2024-04-30",119,109,3,4,"home","away","2025-05-19 12:45:22.242363-04"
"747044","2024-05-02",147,110,2,7,"home","away","2025-05-19 12:45:22.760893-04"
"745426","2024-04-30",113,135,4,6,"home","away","2025-05-19 12:45:22.242363-04"
"745830","2024-05-02",112,121,6,7,"home","away","2025-05-19 12:45:22.760893-04"
"746481","2024-04-30",138,116,6,11,"home","away","2025-05-19 12:45:22.242363-04"
"745997","2024-04-30",139,158,2,8,"home","away","2025-05-19 12:45:22.242363-04"
"746806","2024-04-30",142,145,6,5,"away","home","2025-05-19 12:45:22.242363-04"
"744942","2024-04-30",118,141,4,1,"away","home","2025-05-19 12:45:22.242363-04"
"745673","2024-04-30",134,133,2,5,"home","away","2025-05-19 12:45:22.242363-04"
"745260","2024-04-30",144,136,2,3,"home","away","2025-05-19 12:45:22.242363-04"
"746239","2024-04-30",143,108,7,5,"away","home","2025-05-19 12:45:22.242363-04"
"747047","2024-04-30",147,110,2,4,"home","away","2025-05-19 12:45:22.242363-04"
"745831","2024-04-30",112,121,2,4,"home","away","2025-05-19 12:45:22.242363-04"
"745018","2024-04-30",120,140,1,7,"home","away","2025-05-19 12:45:22.242363-04"
"746398","2024-04-30",114,117,9,10,"home","away","2025-05-19 12:45:22.242363-04"
"746478","2024-05-01",138,116,1,4,"home","away","2025-05-19 12:45:22.538433-04"
"745996","2024-05-01",139,158,1,7,"home","away","2025-05-19 12:45:22.538433-04"
"746800","2024-05-01",142,145,10,5,"away","home","2025-05-19 12:45:22.538433-04"
"744939","2024-05-01",118,141,6,1,"away","home","2025-05-19 12:45:22.538433-04"
"745670","2024-05-01",134,133,0,4,"home","away","2025-05-19 12:45:22.538433-04"
"745261","2024-05-01",144,136,5,2,"away","home","2025-05-19 12:45:22.538433-04"
"746238","2024-05-01",143,108,2,1,"away","home","2025-05-19 12:45:22.538433-04"
"745423","2024-05-01",113,135,2,6,"home","away","2025-05-19 12:45:22.538433-04"
"746969","2024-05-02",137,111,3,1,"away","home","2025-05-19 12:45:22.760893-04"
"745021","2024-05-02",120,140,0,6,"home","away","2025-05-19 12:45:22.760893-04"
"746403","2024-05-02",114,117,2,8,"home","away","2025-05-19 12:45:22.760893-04"
"745914","2024-05-03",111,142,2,5,"home","away","2025-05-19 12:45:22.952748-04"
"745756","2024-05-03",116,147,1,2,"home","away","2025-05-19 12:45:22.952748-04"
"745187","2024-05-03",145,138,0,3,"home","away","2025-05-19 12:45:22.952748-04"
"746890","2024-05-03",158,112,3,1,"away","home","2025-05-19 12:45:22.952748-04"
"745510","2024-05-03",115,134,3,2,"away","home","2025-05-19 12:45:22.952748-04"
"744868","2024-05-03",141,120,3,9,"home","away","2025-05-19 12:45:22.952748-04"
"745665","2024-05-03",146,133,1,3,"home","away","2025-05-19 12:45:22.952748-04"
"745589","2024-05-03",137,143,3,4,"home","away","2025-05-19 12:45:22.952748-04"
"746645","2024-05-03",108,114,6,0,"away","home","2025-05-19 12:45:22.952748-04"
"746721","2024-05-03",110,113,3,0,"away","home","2025-05-19 12:45:22.952748-04"
"746318","2024-05-03",140,118,1,7,"home","away","2025-05-19 12:45:22.952748-04"
"746402","2024-05-03",136,117,3,5,"home","away","2025-05-19 12:45:22.952748-04"
"745101","2024-05-03",121,139,8,10,"home","away","2025-05-19 12:45:22.952748-04"
"747208","2024-05-03",135,109,7,1,"away","home","2025-05-19 12:45:22.952748-04"
"746152","2024-05-03",144,119,3,4,"home","away","2025-05-19 12:45:22.952748-04"
"744862","2024-05-04",141,120,6,3,"away","home","2025-05-19 12:45:23.273866-04"
"747126","2024-05-07",111,144,2,4,"home","away","2025-05-19 12:45:24.023034-04"
"746886","2024-05-06",135,112,6,3,"away","home","2025-05-19 12:45:23.773047-04"
"745669","2024-05-06",140,133,4,2,"away","home","2025-05-19 12:45:23.773047-04"
"746639","2024-05-06",116,114,1,2,"home","away","2025-05-19 12:45:23.773047-04"
"745183","2024-05-04",145,138,6,5,"away","home","2025-05-19 12:45:23.273866-04"
"745509","2024-05-06",108,134,1,4,"home","away","2025-05-19 12:45:23.773047-04"
"745098","2024-05-06",145,139,2,8,"home","away","2025-05-19 12:45:23.773047-04"
"746311","2024-05-04",140,118,15,4,"away","home","2025-05-19 12:45:23.273866-04"
"746313","2024-05-06",158,118,2,3,"home","away","2025-05-19 12:45:23.773047-04"
"745912","2024-05-06",136,142,1,3,"home","away","2025-05-19 12:45:23.773047-04"
"745182","2024-05-06",121,138,4,3,"away","home","2025-05-19 12:45:23.773047-04"
"746149","2024-05-06",146,119,3,6,"home","away","2025-05-19 12:45:23.773047-04"
"745511","2024-05-04",115,134,0,1,"home","away","2025-05-19 12:45:23.273866-04"
"745750","2024-05-04",116,147,3,5,"home","away","2025-05-19 12:45:23.273866-04"
"746644","2024-05-04",108,114,1,7,"home","away","2025-05-19 12:45:23.273866-04"
"745100","2024-05-04",121,139,1,3,"home","away","2025-05-19 12:45:23.273866-04"
"745911","2024-05-04",111,142,1,3,"home","away","2025-05-19 12:45:23.273866-04"
"746394","2024-05-04",136,117,5,0,"away","home","2025-05-19 12:45:23.273866-04"
"746884","2024-05-04",158,112,5,6,"home","away","2025-05-19 12:45:23.273866-04"
"745666","2024-05-04",146,133,4,20,"home","away","2025-05-19 12:45:23.273866-04"
"747209","2024-05-04",135,109,13,1,"away","home","2025-05-19 12:45:23.273866-04"
"746155","2024-05-04",144,119,2,11,"home","away","2025-05-19 12:45:23.273866-04"
"746720","2024-05-04",110,113,2,1,"away","home","2025-05-19 12:45:23.273866-04"
"745583","2024-05-04",137,143,3,14,"home","away","2025-05-19 12:45:23.273866-04"
"745504","2024-05-05",115,134,3,5,"home","away","2025-05-19 12:45:23.560994-04"
"746643","2024-05-05",108,114,1,4,"home","away","2025-05-19 12:45:23.560994-04"
"745103","2024-05-05",121,139,6,7,"home","away","2025-05-19 12:45:23.560994-04"
"745913","2024-05-05",111,142,9,2,"away","home","2025-05-19 12:45:23.560994-04"
"746395","2024-05-05",136,117,5,4,"away","home","2025-05-19 12:45:23.560994-04"
"745185","2024-05-05",145,138,5,1,"away","home","2025-05-19 12:45:23.560994-04"
"746314","2024-05-05",140,118,3,2,"away","home","2025-05-19 12:45:23.560994-04"
"746883","2024-05-05",158,112,0,5,"home","away","2025-05-19 12:45:23.560994-04"
"744861","2024-05-05",141,120,8,11,"home","away","2025-05-19 12:45:23.560994-04"
"745667","2024-05-05",146,133,12,3,"away","home","2025-05-19 12:45:23.560994-04"
"747206","2024-05-05",135,109,4,11,"home","away","2025-05-19 12:45:23.560994-04"
"746153","2024-05-05",144,119,1,5,"home","away","2025-05-19 12:45:23.560994-04"
"746719","2024-05-05",110,113,11,1,"away","home","2025-05-19 12:45:23.560994-04"
"745587","2024-05-05",137,143,4,5,"home","away","2025-05-19 12:45:23.560994-04"
"745585","2024-05-06",137,143,1,6,"home","away","2025-05-19 12:45:23.773047-04"
"745508","2024-05-07",108,134,9,0,"away","home","2025-05-19 12:45:24.023034-04"
"745586","2024-05-07",141,143,1,10,"home","away","2025-05-19 12:45:24.023034-04"
"746638","2024-05-07",116,114,11,7,"away","home","2025-05-19 12:45:24.023034-04"
"745668","2024-05-07",140,133,15,8,"away","home","2025-05-19 12:45:24.023034-04"
"745507","2024-05-08",108,134,5,4,"away","home","2025-05-19 12:45:24.311951-04"
"745584","2024-05-08",141,143,5,3,"away","home","2025-05-19 12:45:24.311951-04"
"746640","2024-05-08",116,114,4,5,"home","away","2025-05-19 12:45:24.311951-04"
"746312","2024-05-08",158,118,4,6,"home","away","2025-05-19 12:45:24.311951-04"
"746879","2024-05-08",135,112,3,0,"away","home","2025-05-19 12:45:24.311951-04"
"746151","2024-05-08",146,119,1,3,"home","away","2025-05-19 12:45:24.311951-04"
"745659","2024-05-08",140,133,12,11,"away","home","2025-05-19 12:45:24.311951-04"
"745186","2024-05-07",121,138,7,5,"away","home","2025-05-19 12:45:24.023034-04"
"746315","2024-05-07",158,118,6,5,"away","home","2025-05-19 12:45:24.023034-04"
"746885","2024-05-07",135,112,2,3,"home","away","2025-05-19 12:45:24.023034-04"
"746147","2024-05-07",146,119,2,8,"home","away","2025-05-19 12:45:24.023034-04"
"746718","2024-05-07",109,113,6,2,"away","home","2025-05-19 12:45:24.023034-04"
"744859","2024-05-07",110,120,0,3,"home","away","2025-05-19 12:45:24.023034-04"
"745095","2024-05-07",145,139,1,5,"home","away","2025-05-19 12:45:24.023034-04"
"745752","2024-05-07",117,147,3,10,"home","away","2025-05-19 12:45:24.023034-04"
"745915","2024-05-07",136,142,10,6,"away","home","2025-05-19 12:45:24.023034-04"
"746559","2024-05-07",137,115,5,0,"away","home","2025-05-19 12:45:24.023034-04"
"746715","2024-05-09",109,113,5,4,"away","home","2025-05-19 12:45:24.519082-04"
"745910","2024-05-09",136,142,1,11,"home","away","2025-05-19 12:45:24.519082-04"
"745664","2024-05-08",140,133,4,9,"home","away","2025-05-19 12:45:24.311951-04"
"746563","2024-05-09",137,115,1,9,"home","away","2025-05-19 12:45:24.519082-04"
"744858","2024-05-08",110,120,7,6,"away","home","2025-05-19 12:45:24.311951-04"
"745097","2024-05-08",145,139,4,1,"away","home","2025-05-19 12:45:24.311951-04"
"747127","2024-05-08",111,144,0,5,"home","away","2025-05-19 12:45:24.311951-04"
"746717","2024-05-08",109,113,4,3,"away","home","2025-05-19 12:45:24.311951-04"
"745906","2024-05-08",136,142,3,6,"home","away","2025-05-19 12:45:24.311951-04"
"746562","2024-05-08",137,115,8,6,"away","home","2025-05-19 12:45:24.311951-04"
"745749","2024-05-08",117,147,4,9,"home","away","2025-05-19 12:45:24.311951-04"
"745748","2024-05-09",117,147,4,3,"away","home","2025-05-19 12:45:24.519082-04"
"745995","2024-05-09",138,158,1,7,"home","away","2025-05-19 12:45:24.519082-04"
"746802","2024-05-09",114,145,2,3,"home","away","2025-05-19 12:45:24.519082-04"
"746241","2024-05-09",118,108,10,4,"away","home","2025-05-19 12:45:24.519082-04"
"746071","2024-05-10",143,146,8,2,"away","home","2025-05-19 12:45:24.735989-04"
"746965","2024-05-12",120,111,2,3,"home","away","2025-05-19 12:45:25.335546-04"
"745993","2024-05-10",138,158,2,11,"home","away","2025-05-19 12:45:24.735989-04"
"745499","2024-05-12",112,134,5,4,"away","home","2025-05-19 12:45:25.335546-04"
"745264","2024-05-10",133,136,1,8,"home","away","2025-05-19 12:45:24.735989-04"
"744941","2024-05-12",142,141,5,1,"away","home","2025-05-19 12:45:25.335546-04"
"744940","2024-05-10",142,141,3,2,"away","home","2025-05-19 12:45:24.735989-04"
"747043","2024-05-10",109,110,2,4,"home","away","2025-05-19 12:45:24.735989-04"
"745506","2024-05-10",112,134,7,2,"away","home","2025-05-19 12:45:24.735989-04"
"745827","2024-05-10",144,121,4,2,"away","home","2025-05-19 12:45:24.735989-04"
"746964","2024-05-10",120,111,5,1,"away","home","2025-05-19 12:45:24.735989-04"
"745094","2024-05-10",147,139,2,0,"away","home","2025-05-19 12:45:24.735989-04"
"746479","2024-05-10",117,116,5,2,"away","home","2025-05-19 12:45:24.735989-04"
"746801","2024-05-10",114,145,3,6,"home","away","2025-05-19 12:45:24.735989-04"
"745340","2024-05-10",113,137,4,2,"away","home","2025-05-19 12:45:24.735989-04"
"746553","2024-05-10",140,115,2,4,"home","away","2025-05-19 12:45:24.735989-04"
"745421","2024-05-10",119,135,1,2,"home","away","2025-05-19 12:45:24.735989-04"
"746240","2024-05-10",118,108,2,1,"away","home","2025-05-19 12:45:24.735989-04"
"746476","2024-05-12",117,116,9,3,"away","home","2025-05-19 12:45:25.335546-04"
"746068","2024-05-12",143,146,6,7,"home","away","2025-05-19 12:45:25.335546-04"
"745092","2024-05-12",147,139,10,6,"away","home","2025-05-19 12:45:25.335546-04"
"746798","2024-05-12",114,145,7,0,"away","home","2025-05-19 12:45:25.335546-04"
"746963","2024-05-11",120,111,2,4,"home","away","2025-05-19 12:45:25.060702-04"
"745990","2024-05-12",138,158,4,3,"away","home","2025-05-19 12:45:25.335546-04"
"745096","2024-05-11",147,139,2,7,"home","away","2025-05-19 12:45:25.060702-04"
"746555","2024-05-12",140,115,1,3,"home","away","2025-05-19 12:45:25.335546-04"
"746234","2024-05-12",118,108,4,2,"away","home","2025-05-19 12:45:25.335546-04"
"745419","2024-05-12",119,135,0,4,"home","away","2025-05-19 12:45:25.335546-04"
"745255","2024-05-12",133,136,4,8,"home","away","2025-05-19 12:45:25.335546-04"
"745345","2024-05-12",113,137,5,6,"home","away","2025-05-19 12:45:25.335546-04"
"745825","2024-05-12",144,121,3,4,"home","away","2025-05-19 12:45:25.335546-04"
"745505","2024-05-11",112,134,9,10,"home","away","2025-05-19 12:45:25.060702-04"
"745994","2024-05-11",138,158,3,5,"home","away","2025-05-19 12:45:25.060702-04"
"746554","2024-05-11",140,115,3,8,"home","away","2025-05-19 12:45:25.060702-04"
"747041","2024-05-11",109,110,4,5,"home","away","2025-05-19 12:45:25.060702-04"
"744943","2024-05-11",142,141,8,10,"home","away","2025-05-19 12:45:25.060702-04"
"746480","2024-05-11",117,116,2,8,"home","away","2025-05-19 12:45:25.060702-04"
"746069","2024-05-11",143,146,8,3,"away","home","2025-05-19 12:45:25.060702-04"
"746797","2024-05-11",114,145,1,3,"home","away","2025-05-19 12:45:25.060702-04"
"745344","2024-05-11",113,137,1,5,"home","away","2025-05-19 12:45:25.060702-04"
"746232","2024-05-11",118,108,3,9,"home","away","2025-05-19 12:45:25.060702-04"
"745422","2024-05-11",119,135,5,0,"away","home","2025-05-19 12:45:25.060702-04"
"745262","2024-05-11",133,136,8,1,"away","home","2025-05-19 12:45:25.060702-04"
"745828","2024-05-11",144,121,4,1,"away","home","2025-05-19 12:45:25.060702-04"
"747042","2024-05-12",109,110,9,2,"away","home","2025-05-19 12:45:25.335546-04"
"745821","2024-05-14",143,121,4,0,"away","home","2025-05-19 12:45:25.876119-04"
"745343","2024-05-13",119,137,6,4,"away","home","2025-05-19 12:45:25.554415-04"
"745826","2024-05-13",143,121,5,4,"away","home","2025-05-19 12:45:25.554415-04"
"747040","2024-05-13",141,110,3,2,"away","home","2025-05-19 12:45:25.554415-04"
"746471","2024-05-13",146,116,5,6,"home","away","2025-05-19 12:45:25.554415-04"
"746961","2024-05-13",139,111,5,3,"away","home","2025-05-19 12:45:25.554415-04"
"747128","2024-05-13",112,144,0,2,"home","away","2025-05-19 12:45:25.554415-04"
"745991","2024-05-13",134,158,8,6,"away","home","2025-05-19 12:45:25.554415-04"
"745019","2024-05-13",114,140,7,0,"away","home","2025-05-19 12:45:25.554415-04"
"746393","2024-05-13",133,117,2,9,"home","away","2025-05-19 12:45:25.554415-04"
"746233","2024-05-13",138,108,10,5,"away","home","2025-05-19 12:45:25.554415-04"
"747204","2024-05-13",113,109,5,6,"home","away","2025-05-19 12:45:25.554415-04"
"745420","2024-05-13",115,135,5,4,"away","home","2025-05-19 12:45:25.554415-04"
"745256","2024-05-13",118,136,2,6,"home","away","2025-05-19 12:45:25.554415-04"
"747124","2024-05-14",112,144,0,7,"home","away","2025-05-19 12:45:25.876119-04"
"746799","2024-05-14",120,145,0,4,"home","away","2025-05-19 12:45:25.876119-04"
"745342","2024-05-14",119,137,10,2,"away","home","2025-05-19 12:45:25.876119-04"
"746473","2024-05-14",146,116,1,0,"away","home","2025-05-19 12:45:25.876119-04"
"745989","2024-05-14",134,158,3,4,"home","away","2025-05-19 12:45:25.876119-04"
"746796","2024-05-14",120,145,6,3,"away","home","2025-05-19 12:45:25.876119-04"
"747205","2024-05-14",113,109,6,2,"away","home","2025-05-19 12:45:25.876119-04"
"745418","2024-05-14",115,135,6,3,"away","home","2025-05-19 12:45:25.876119-04"
"745257","2024-05-14",118,136,4,2,"away","home","2025-05-19 12:45:25.876119-04"
"746962","2024-05-14",139,111,4,5,"home","away","2025-05-19 12:45:25.876119-04"
"745909","2024-05-14",147,142,5,1,"away","home","2025-05-19 12:45:25.876119-04"
"745014","2024-05-14",114,140,7,4,"away","home","2025-05-19 12:45:25.876119-04"
"746396","2024-05-14",133,117,1,2,"home","away","2025-05-19 12:45:25.876119-04"
"746235","2024-05-14",138,108,7,6,"away","home","2025-05-19 12:45:25.876119-04"
"747038","2024-05-15",141,110,2,3,"home","away","2025-05-19 12:45:26.147158-04"
"746472","2024-05-15",146,116,2,0,"away","home","2025-05-19 12:45:26.147158-04"
"745992","2024-05-15",134,158,2,10,"home","away","2025-05-19 12:45:26.147158-04"
"746795","2024-05-15",120,145,0,2,"home","away","2025-05-19 12:45:26.147158-04"
"747203","2024-05-15",113,109,1,2,"home","away","2025-05-19 12:45:26.147158-04"
"745417","2024-05-15",115,135,8,0,"away","home","2025-05-19 12:45:26.147158-04"
"745259","2024-05-15",118,136,2,4,"home","away","2025-05-19 12:45:26.147158-04"
"747037","2024-05-17",136,110,2,9,"home","away","2025-05-19 12:45:26.557218-04"
"746641","2024-05-17",142,114,2,3,"home","away","2025-05-19 12:45:26.557218-04"
"747123","2024-05-15",112,144,7,1,"away","home","2025-05-19 12:45:26.147158-04"
"745015","2024-05-15",114,140,0,4,"home","away","2025-05-19 12:45:26.147158-04"
"746231","2024-05-15",138,108,2,7,"home","away","2025-05-19 12:45:26.147158-04"
"745341","2024-05-15",119,137,1,4,"home","away","2025-05-19 12:45:26.147158-04"
"745908","2024-05-15",147,142,4,0,"away","home","2025-05-19 12:45:26.147158-04"
"745582","2024-05-15",121,143,5,10,"home","away","2025-05-19 12:45:26.147158-04"
"746960","2024-05-15",139,111,4,3,"away","home","2025-05-19 12:45:26.147158-04"
"746397","2024-05-15",133,117,0,3,"home","away","2025-05-19 12:45:26.147158-04"
"745907","2024-05-16",147,142,5,0,"away","home","2025-05-19 12:45:26.342087-04"
"745747","2024-05-17",145,147,2,4,"home","away","2025-05-19 12:45:26.557218-04"
"745580","2024-05-16",121,143,6,5,"away","home","2025-05-19 12:45:26.342087-04"
"746959","2024-05-16",139,111,7,5,"away","home","2025-05-19 12:45:26.342087-04"
"746878","2024-05-17",134,112,9,3,"away","home","2025-05-19 12:45:26.557218-04"
"746391","2024-05-16",133,117,1,8,"home","away","2025-05-19 12:45:26.342087-04"
"744934","2024-05-17",139,141,4,3,"away","home","2025-05-19 12:45:26.557218-04"
"746881","2024-05-16",134,112,5,4,"away","home","2025-05-19 12:45:26.342087-04"
"746150","2024-05-16",113,119,7,2,"away","home","2025-05-19 12:45:26.342087-04"
"745179","2024-05-19",111,138,11,3,"away","home","2025-05-19 12:45:27.107457-04"
"747035","2024-05-19",136,110,3,6,"home","away","2025-05-19 12:45:27.107457-04"
"745745","2024-05-19",145,147,2,7,"home","away","2025-05-19 12:45:27.107457-04"
"747036","2024-05-18",136,110,4,3,"away","home","2025-05-19 12:45:26.827654-04"
"745577","2024-05-19",120,143,5,11,"home","away","2025-05-19 12:45:27.107457-04"
"744937","2024-05-19",139,141,2,5,"home","away","2025-05-19 12:45:27.107457-04"
"746636","2024-05-19",142,114,2,5,"home","away","2025-05-19 12:45:27.107457-04"
"746064","2024-05-19",121,146,7,3,"away","home","2025-05-19 12:45:27.107457-04"
"745335","2024-05-17",115,137,5,10,"home","away","2025-05-19 12:45:26.557218-04"
"746065","2024-05-17",121,146,0,8,"home","away","2025-05-19 12:45:26.557218-04"
"745579","2024-05-17",120,143,2,4,"home","away","2025-05-19 12:45:26.557218-04"
"746388","2024-05-17",158,117,4,5,"home","away","2025-05-19 12:45:26.557218-04"
"746310","2024-05-17",133,118,2,6,"home","away","2025-05-19 12:45:26.557218-04"
"747122","2024-05-17",135,144,3,1,"away","home","2025-05-19 12:45:26.557218-04"
"745178","2024-05-17",111,138,6,10,"home","away","2025-05-19 12:45:26.557218-04"
"745016","2024-05-17",108,140,9,3,"away","home","2025-05-19 12:45:26.557218-04"
"747201","2024-05-17",116,109,13,0,"away","home","2025-05-19 12:45:26.557218-04"
"746148","2024-05-17",113,119,3,7,"home","away","2025-05-19 12:45:26.557218-04"
"746392","2024-05-19",158,117,4,9,"home","away","2025-05-19 12:45:27.107457-04"
"746142","2024-05-18",113,119,0,4,"home","away","2025-05-19 12:45:26.827654-04"
"745177","2024-05-18",111,138,2,7,"home","away","2025-05-19 12:45:26.827654-04"
"745744","2024-05-18",145,147,1,6,"home","away","2025-05-19 12:45:26.827654-04"
"745581","2024-05-18",120,143,3,4,"home","away","2025-05-19 12:45:26.827654-04"
"744938","2024-05-18",139,141,5,4,"away","home","2025-05-19 12:45:26.827654-04"
"746642","2024-05-18",142,114,4,11,"home","away","2025-05-19 12:45:26.827654-04"
"746067","2024-05-18",121,146,9,10,"home","away","2025-05-19 12:45:26.827654-04"
"746389","2024-05-18",158,117,4,2,"away","home","2025-05-19 12:45:26.827654-04"
"746308","2024-05-18",133,118,3,5,"home","away","2025-05-19 12:45:26.827654-04"
"746882","2024-05-18",134,112,0,1,"home","away","2025-05-19 12:45:26.827654-04"
"745013","2024-05-18",108,140,2,3,"home","away","2025-05-19 12:45:26.827654-04"
"745339","2024-05-18",115,137,4,14,"home","away","2025-05-19 12:45:26.827654-04"
"747202","2024-05-18",116,109,8,3,"away","home","2025-05-19 12:45:26.827654-04"
"746306","2024-05-19",133,118,4,8,"home","away","2025-05-19 12:45:27.107457-04"
"746880","2024-05-19",134,112,3,2,"away","home","2025-05-19 12:45:27.107457-04"
"745012","2024-05-19",108,140,4,1,"away","home","2025-05-19 12:45:27.107457-04"
"745336","2024-05-19",115,137,1,4,"home","away","2025-05-19 12:45:27.107457-04"
"747198","2024-05-19",116,109,4,6,"home","away","2025-05-19 12:45:27.107457-04"
"746144","2024-05-19",113,119,2,3,"home","away","2025-05-19 12:45:27.107457-04"
"747120","2024-05-19",135,144,9,1,"away","home","2025-05-19 12:45:27.107457-04"
"747121","2024-05-20",135,144,0,3,"home","away","2025-05-19 12:45:27.311957-04"
"747119","2024-05-20",135,144,6,5,"away","home","2025-05-19 12:45:27.311957-04"
"746637","2024-05-20",121,114,1,3,"home","away","2025-05-19 12:45:27.311957-04"
"746066","2024-05-20",158,146,2,3,"home","away","2025-05-19 12:45:27.311957-04"
"744857","2024-05-20",142,120,3,12,"home","away","2025-05-19 12:45:27.311957-04"
"745093","2024-05-20",111,139,5,0,"away","home","2025-05-19 12:45:27.311957-04"
"745746","2024-05-20",136,147,5,4,"away","home","2025-05-19 12:45:27.311957-04"
"744935","2024-05-20",145,141,3,9,"home","away","2025-05-19 12:45:27.311957-04"
"746307","2024-05-20",116,118,3,8,"home","away","2025-05-19 12:45:27.311957-04"
"745181","2024-05-20",110,138,3,6,"home","away","2025-05-19 12:45:27.311957-04"
"746390","2024-05-20",108,117,9,7,"away","home","2025-05-19 12:45:27.311957-04"
"746146","2024-05-20",109,119,4,6,"home","away","2025-05-19 12:45:27.311957-04"
"745502","2024-05-22",137,134,9,5,"away","home","2025-05-19 12:45:27.892251-04"
"746063","2024-05-22",158,146,0,1,"home","away","2025-05-19 12:45:27.892251-04"
"745089","2024-05-22",111,139,8,5,"away","home","2025-05-19 12:45:27.892251-04"
"744933","2024-05-22",145,141,2,9,"home","away","2025-05-19 12:45:27.892251-04"
"746876","2024-05-22",144,112,9,2,"away","home","2025-05-19 12:45:27.892251-04"
"746143","2024-05-22",109,119,6,0,"away","home","2025-05-19 12:45:27.892251-04"
"745743","2024-05-22",136,147,3,7,"home","away","2025-05-19 12:45:27.892251-04"
"745576","2024-05-22",140,143,4,11,"home","away","2025-05-19 12:45:27.892251-04"
"745503","2024-05-21",137,134,6,7,"home","away","2025-05-19 12:45:27.617635-04"
"746712","2024-05-22",135,113,7,3,"away","home","2025-05-19 12:45:27.892251-04"
"745661","2024-05-22",115,133,4,3,"away","home","2025-05-19 12:45:27.892251-04"
"745578","2024-05-21",140,143,2,5,"home","away","2025-05-19 12:45:27.617635-04"
"745090","2024-05-21",111,139,5,2,"away","home","2025-05-19 12:45:27.617635-04"
"745500","2024-05-23",137,134,7,6,"away","home","2025-05-19 12:45:28.13457-04"
"744860","2024-05-21",142,120,10,0,"away","home","2025-05-19 12:45:27.617635-04"
"746633","2024-05-21",121,114,6,7,"home","away","2025-05-19 12:45:27.617635-04"
"746309","2024-05-21",116,118,3,10,"home","away","2025-05-19 12:45:27.617635-04"
"746385","2024-05-21",108,117,5,6,"home","away","2025-05-19 12:45:27.617635-04"
"746716","2024-05-21",135,113,0,2,"home","away","2025-05-19 12:45:27.617635-04"
"746058","2024-05-21",158,146,7,5,"away","home","2025-05-19 12:45:27.617635-04"
"745742","2024-05-21",136,147,6,3,"away","home","2025-05-19 12:45:27.617635-04"
"744936","2024-05-21",145,141,5,0,"away","home","2025-05-19 12:45:27.617635-04"
"746875","2024-05-21",144,112,3,4,"home","away","2025-05-19 12:45:27.617635-04"
"745662","2024-05-21",115,133,4,5,"home","away","2025-05-19 12:45:27.617635-04"
"746145","2024-05-21",109,119,7,3,"away","home","2025-05-19 12:45:27.617635-04"
"745180","2024-05-21",110,138,1,3,"home","away","2025-05-19 12:45:27.617635-04"
"744856","2024-05-22",142,120,3,2,"away","home","2025-05-19 12:45:27.892251-04"
"746634","2024-05-22",121,114,3,6,"home","away","2025-05-19 12:45:27.892251-04"
"745173","2024-05-22",110,138,4,5,"home","away","2025-05-19 12:45:27.892251-04"
"746304","2024-05-22",116,118,3,8,"home","away","2025-05-19 12:45:27.892251-04"
"746386","2024-05-22",108,117,2,1,"away","home","2025-05-19 12:45:27.892251-04"
"745741","2024-05-23",136,147,0,5,"home","away","2025-05-19 12:45:28.13457-04"
"746714","2024-05-23",135,113,6,4,"away","home","2025-05-19 12:45:28.13457-04"
"745573","2024-05-23",140,143,2,5,"home","away","2025-05-19 12:45:28.13457-04"
"746874","2024-05-23",144,112,3,0,"away","home","2025-05-19 12:45:28.13457-04"
"745660","2024-05-23",115,133,9,10,"home","away","2025-05-19 12:45:28.13457-04"
"746474","2024-05-23",141,116,9,1,"away","home","2025-05-19 12:45:28.13457-04"
"746792","2024-05-23",110,145,8,6,"away","home","2025-05-19 12:45:28.13457-04"
"746475","2024-05-24",141,116,2,6,"home","away","2025-05-19 12:45:28.363439-04"
"744853","2024-05-24",136,120,1,6,"home","away","2025-05-19 12:45:28.363439-04"
"745901","2024-05-25",140,142,3,5,"home","away","2025-05-19 12:45:28.647547-04"
"744851","2024-05-25",136,120,1,3,"home","away","2025-05-19 12:45:28.647547-04"
"746958","2024-05-25",158,111,6,3,"away","home","2025-05-19 12:45:28.647547-04"
"745822","2024-05-24",137,121,8,7,"away","home","2025-05-19 12:45:28.363439-04"
"746793","2024-05-24",110,145,6,4,"away","home","2025-05-19 12:45:28.363439-04"
"745905","2024-05-24",140,142,2,3,"home","away","2025-05-19 12:45:28.363439-04"
"745501","2024-05-24",144,134,5,11,"home","away","2025-05-19 12:45:28.363439-04"
"745663","2024-05-24",117,133,6,3,"away","home","2025-05-19 12:45:28.363439-04"
"746956","2024-05-24",158,111,7,2,"away","home","2025-05-19 12:45:28.363439-04"
"745087","2024-05-24",118,139,8,1,"away","home","2025-05-19 12:45:28.363439-04"
"746713","2024-05-24",119,113,6,9,"home","away","2025-05-19 12:45:28.363439-04"
"746558","2024-05-24",143,115,2,3,"home","away","2025-05-19 12:45:28.363439-04"
"746227","2024-05-24",114,108,10,4,"away","home","2025-05-19 12:45:28.363439-04"
"745415","2024-05-24",147,135,8,0,"away","home","2025-05-19 12:45:28.363439-04"
"747200","2024-05-24",146,109,3,0,"away","home","2025-05-19 12:45:28.363439-04"
"745176","2024-05-25",112,138,6,7,"home","away","2025-05-19 12:45:28.647547-04"
"746710","2024-05-25",119,113,1,3,"home","away","2025-05-19 12:45:28.647547-04"
"747199","2024-05-25",146,109,2,3,"home","away","2025-05-19 12:45:28.647547-04"
"746470","2024-05-25",141,116,1,2,"home","away","2025-05-19 12:45:28.647547-04"
"745493","2024-05-25",144,134,1,4,"home","away","2025-05-19 12:45:28.647547-04"
"745086","2024-05-25",118,139,7,4,"away","home","2025-05-19 12:45:28.647547-04"
"745823","2024-05-25",137,121,7,2,"away","home","2025-05-19 12:45:28.647547-04"
"746794","2024-05-25",110,145,5,3,"away","home","2025-05-19 12:45:28.647547-04"
"746556","2024-05-25",143,115,8,4,"away","home","2025-05-19 12:45:28.647547-04"
"746226","2024-05-25",114,108,4,3,"away","home","2025-05-19 12:45:28.647547-04"
"745658","2024-05-25",117,133,1,3,"home","away","2025-05-19 12:45:28.647547-04"
"745411","2024-05-25",147,135,4,1,"away","home","2025-05-19 12:45:28.647547-04"
"746469","2024-05-26",141,116,11,14,"home","away","2025-05-19 12:45:28.905556-04"
"746711","2024-05-26",119,113,1,4,"home","away","2025-05-19 12:45:28.905556-04"
"745498","2024-05-26",144,134,8,1,"away","home","2025-05-19 12:45:28.905556-04"
"746957","2024-05-26",158,111,1,2,"home","away","2025-05-19 12:45:28.905556-04"
"744855","2024-05-26",136,120,9,5,"away","home","2025-05-19 12:45:28.905556-04"
"745088","2024-05-26",118,139,1,4,"home","away","2025-05-19 12:45:28.905556-04"
"745824","2024-05-26",137,121,3,4,"home","away","2025-05-19 12:45:28.905556-04"
"746789","2024-05-26",110,145,4,1,"away","home","2025-05-19 12:45:28.905556-04"
"745902","2024-05-26",140,142,6,2,"away","home","2025-05-19 12:45:28.905556-04"
"746557","2024-05-26",143,115,2,5,"home","away","2025-05-19 12:45:28.905556-04"
"746230","2024-05-26",114,108,5,4,"away","home","2025-05-19 12:45:28.905556-04"
"745653","2024-05-26",117,133,5,2,"away","home","2025-05-19 12:45:28.905556-04"
"747197","2024-05-26",146,109,3,1,"away","home","2025-05-19 12:45:28.905556-04"
"745413","2024-05-26",147,135,2,5,"home","away","2025-05-19 12:45:28.905556-04"
"745172","2024-05-26",112,138,3,4,"home","away","2025-05-19 12:45:28.905556-04"
"745818","2024-05-28",119,121,5,2,"away","home","2025-05-19 12:45:29.348299-04"
"745017","2024-05-28",109,140,2,4,"home","away","2025-05-19 12:45:29.348299-04"
"745986","2024-05-27",112,158,1,5,"home","away","2025-05-19 12:45:29.130263-04"
"746467","2024-05-29",134,116,0,8,"home","away","2025-05-19 12:45:29.612572-04"
"746706","2024-05-29",138,113,5,3,"away","home","2025-05-19 12:45:29.612572-04"
"745011","2024-05-29",109,140,1,6,"home","away","2025-05-19 12:45:29.612572-04"
"746468","2024-05-29",134,116,10,2,"away","home","2025-05-19 12:45:29.612572-04"
"745338","2024-05-27",143,137,4,8,"home","away","2025-05-19 12:45:29.130263-04"
"745333","2024-05-29",143,137,6,1,"away","home","2025-05-19 12:45:29.612572-04"
"745254","2024-05-27",117,136,2,3,"home","away","2025-05-19 12:45:29.130263-04"
"747034","2024-05-27",111,110,3,11,"home","away","2025-05-19 12:45:29.130263-04"
"746708","2024-05-27",138,113,1,3,"home","away","2025-05-19 12:45:29.130263-04"
"747118","2024-05-27",120,144,8,4,"away","home","2025-05-19 12:45:29.130263-04"
"746788","2024-05-27",141,145,5,1,"away","home","2025-05-19 12:45:29.130263-04"
"745904","2024-05-27",118,142,5,6,"home","away","2025-05-19 12:45:29.130263-04"
"746549","2024-05-27",114,115,6,8,"home","away","2025-05-19 12:45:29.130263-04"
"745416","2024-05-27",146,135,1,2,"home","away","2025-05-19 12:45:29.130263-04"
"745414","2024-05-29",146,135,9,1,"away","home","2025-05-19 12:45:29.612572-04"
"745081","2024-05-30",133,139,5,6,"home","away","2025-05-19 12:45:29.848679-04"
"745985","2024-05-30",112,158,4,6,"home","away","2025-05-19 12:45:29.848679-04"
"745898","2024-05-30",118,142,6,7,"home","away","2025-05-19 12:45:29.848679-04"
"745249","2024-05-30",117,136,4,0,"away","home","2025-05-19 12:45:29.848679-04"
"745817","2024-05-29",119,121,10,3,"away","home","2025-05-19 12:45:29.612572-04"
"747031","2024-05-29",111,110,1,6,"home","away","2025-05-19 12:45:29.612572-04"
"745084","2024-05-29",133,139,3,4,"home","away","2025-05-19 12:45:29.612572-04"
"746709","2024-05-28",138,113,7,1,"away","home","2025-05-19 12:45:29.348299-04"
"745091","2024-05-28",133,139,3,0,"away","home","2025-05-19 12:45:29.348299-04"
"745337","2024-05-28",143,137,0,1,"home","away","2025-05-19 12:45:29.348299-04"
"745816","2024-05-28",119,121,3,0,"away","home","2025-05-19 12:45:29.348299-04"
"745412","2024-05-28",146,135,0,4,"home","away","2025-05-19 12:45:29.348299-04"
"747033","2024-05-28",111,110,8,3,"away","home","2025-05-19 12:45:29.348299-04"
"747115","2024-05-28",120,144,0,2,"home","away","2025-05-19 12:45:29.348299-04"
"745987","2024-05-28",112,158,6,3,"away","home","2025-05-19 12:45:29.348299-04"
"746791","2024-05-28",141,145,7,2,"away","home","2025-05-19 12:45:29.348299-04"
"745903","2024-05-28",118,142,2,4,"home","away","2025-05-19 12:45:29.348299-04"
"746552","2024-05-28",114,115,13,7,"away","home","2025-05-19 12:45:29.348299-04"
"746229","2024-05-28",147,108,3,4,"home","away","2025-05-19 12:45:29.348299-04"
"745258","2024-05-28",117,136,2,4,"home","away","2025-05-19 12:45:29.348299-04"
"746790","2024-05-29",141,145,3,1,"away","home","2025-05-19 12:45:29.612572-04"
"746551","2024-05-29",114,115,4,7,"home","away","2025-05-19 12:45:29.612572-04"
"747114","2024-05-30",120,144,3,1,"away","home","2025-05-19 12:45:29.848679-04"
"745988","2024-05-29",112,158,6,10,"home","away","2025-05-19 12:45:29.612572-04"
"745900","2024-05-29",118,142,6,1,"away","home","2025-05-19 12:45:29.612572-04"
"745250","2024-05-29",117,136,1,2,"home","away","2025-05-19 12:45:29.612572-04"
"747117","2024-05-29",120,144,7,2,"away","home","2025-05-19 12:45:29.612572-04"
"746228","2024-05-29",147,108,2,1,"away","home","2025-05-19 12:45:29.612572-04"
"746225","2024-05-30",147,108,8,3,"away","home","2025-05-19 12:45:29.848679-04"
"745819","2024-05-30",109,121,2,3,"home","away","2025-05-19 12:45:29.848679-04"
"746954","2024-05-30",116,111,5,0,"away","home","2025-05-19 12:45:29.848679-04"
"746059","2024-05-31",140,146,2,8,"home","away","2025-05-19 12:45:30.078629-04"
"744928","2024-05-31",134,141,3,5,"home","away","2025-05-19 12:45:30.078629-04"
"747032","2024-05-31",139,110,1,3,"home","away","2025-05-19 12:45:30.078629-04"
"745820","2024-05-31",109,121,9,10,"home","away","2025-05-19 12:45:30.078629-04"
"747116","2024-05-31",133,144,2,4,"home","away","2025-05-19 12:45:30.078629-04"
"746955","2024-05-31",116,111,3,7,"home","away","2025-05-19 12:45:30.078629-04"
"745983","2024-05-31",145,158,5,12,"home","away","2025-05-19 12:45:30.078629-04"
"746635","2024-05-31",120,114,1,7,"home","away","2025-05-19 12:45:30.078629-04"
"746387","2024-05-31",142,117,6,1,"away","home","2025-05-19 12:45:30.078629-04"
"746303","2024-05-31",135,118,11,8,"away","home","2025-05-19 12:45:30.078629-04"
"746877","2024-05-31",113,112,5,4,"away","home","2025-05-19 12:45:30.078629-04"
"745253","2024-05-31",108,136,4,5,"home","away","2025-05-19 12:45:30.078629-04"
"745574","2024-05-31",138,143,2,4,"home","away","2025-05-19 12:45:30.078629-04"
"745331","2024-05-31",147,137,6,2,"away","home","2025-05-19 12:45:30.078629-04"
"746140","2024-05-31",115,119,4,1,"away","home","2025-05-19 12:45:30.078629-04"
"744932","2024-06-01",134,141,8,1,"away","home","2025-05-19 12:45:30.377372-04"
"745252","2024-06-02",108,136,1,5,"home","away","2025-05-19 12:45:30.794593-04"
"747111","2024-06-01",133,144,11,9,"away","home","2025-05-19 12:45:30.377372-04"
"745572","2024-06-02",138,143,5,4,"away","home","2025-05-19 12:45:30.794593-04"
"746629","2024-06-01",120,114,2,3,"home","away","2025-05-19 12:45:30.377372-04"
"746305","2024-06-01",135,118,7,3,"away","home","2025-05-19 12:45:30.377372-04"
"746384","2024-06-01",142,117,2,5,"home","away","2025-05-19 12:45:30.377372-04"
"747029","2024-06-01",139,110,5,9,"home","away","2025-05-19 12:45:30.377372-04"
"746952","2024-06-01",116,111,3,6,"home","away","2025-05-19 12:45:30.377372-04"
"745812","2024-06-01",109,121,10,5,"away","home","2025-05-19 12:45:30.377372-04"
"746062","2024-06-01",140,146,7,0,"away","home","2025-05-19 12:45:30.377372-04"
"745980","2024-06-01",145,158,3,4,"home","away","2025-05-19 12:45:30.377372-04"
"746870","2024-06-01",113,112,5,7,"home","away","2025-05-19 12:45:30.377372-04"
"745332","2024-06-01",147,137,7,3,"away","home","2025-05-19 12:45:30.377372-04"
"746138","2024-06-01",115,119,1,4,"home","away","2025-05-19 12:45:30.377372-04"
"745251","2024-06-01",108,136,0,9,"home","away","2025-05-19 12:45:30.377372-04"
"745575","2024-06-01",138,143,1,6,"home","away","2025-05-19 12:45:30.377372-04"
"746383","2024-06-02",142,117,4,3,"away","home","2025-05-19 12:45:30.794593-04"
"747110","2024-06-02",133,144,1,3,"home","away","2025-05-19 12:45:30.794593-04"
"747030","2024-06-02",139,110,4,3,"away","home","2025-05-19 12:45:30.794593-04"
"746953","2024-06-02",116,111,8,4,"away","home","2025-05-19 12:45:30.794593-04"
"744929","2024-06-02",134,141,4,5,"home","away","2025-05-19 12:45:30.794593-04"
"745813","2024-06-02",109,121,5,4,"away","home","2025-05-19 12:45:30.794593-04"
"746632","2024-06-02",120,114,5,2,"away","home","2025-05-19 12:45:30.794593-04"
"746061","2024-06-02",140,146,6,0,"away","home","2025-05-19 12:45:30.794593-04"
"745984","2024-06-02",145,158,3,6,"home","away","2025-05-19 12:45:30.794593-04"
"746301","2024-06-02",135,118,3,4,"home","away","2025-05-19 12:45:30.794593-04"
"746871","2024-06-02",113,112,5,2,"away","home","2025-05-19 12:45:30.794593-04"
"745330","2024-06-02",147,137,7,5,"away","home","2025-05-19 12:45:30.794593-04"
"746141","2024-06-02",115,119,0,4,"home","away","2025-05-19 12:45:30.794593-04"
"745569","2024-06-03",158,143,1,3,"home","away","2025-05-19 12:45:31.110835-04"
"744930","2024-06-03",110,141,7,2,"away","home","2025-05-19 12:45:31.110835-04"
"745009","2024-06-03",116,140,2,1,"away","home","2025-05-19 12:45:31.110835-04"
"746224","2024-06-03",135,108,1,2,"home","away","2025-05-19 12:45:31.110835-04"
"744854","2024-06-03",121,120,8,7,"away","home","2025-05-19 12:45:31.110835-04"
"746382","2024-06-03",138,117,4,7,"home","away","2025-05-19 12:45:31.110835-04"
"746548","2024-06-03",113,115,13,3,"away","home","2025-05-19 12:45:31.110835-04"
"747194","2024-06-03",137,109,2,4,"home","away","2025-05-19 12:45:31.110835-04"
"745568","2024-06-04",158,143,1,2,"home","away","2025-05-19 12:45:31.376013-04"
"746630","2024-06-04",118,114,5,8,"home","away","2025-05-19 12:45:31.376013-04"
"746060","2024-06-04",139,146,9,5,"away","home","2025-05-19 12:45:31.376013-04"
"744931","2024-06-04",110,141,10,1,"away","home","2025-05-19 12:45:31.376013-04"
"745010","2024-06-04",116,140,3,1,"away","home","2025-05-19 12:45:31.376013-04"
"746949","2024-06-04",144,111,8,3,"away","home","2025-05-19 12:45:31.376013-04"
"746380","2024-06-04",138,117,5,8,"home","away","2025-05-19 12:45:31.376013-04"
"746550","2024-06-04",113,115,4,1,"away","home","2025-05-19 12:45:31.376013-04"
"747196","2024-06-04",137,109,5,8,"home","away","2025-05-19 12:45:31.376013-04"
"744850","2024-06-04",121,120,6,3,"away","home","2025-05-19 12:45:31.376013-04"
"745497","2024-06-04",119,134,0,1,"home","away","2025-05-19 12:45:31.376013-04"
"745739","2024-06-04",142,147,1,5,"home","away","2025-05-19 12:45:31.376013-04"
"746872","2024-06-04",145,112,6,7,"home","away","2025-05-19 12:45:31.376013-04"
"746222","2024-06-04",135,108,2,4,"home","away","2025-05-19 12:45:31.376013-04"
"745656","2024-06-04",136,133,4,3,"away","home","2025-05-19 12:45:31.376013-04"
"746950","2024-06-05",144,111,0,9,"home","away","2025-05-19 12:45:31.650957-04"
"746379","2024-06-05",138,117,4,2,"away","home","2025-05-19 12:45:31.650957-04"
"746544","2024-06-05",113,115,12,7,"away","home","2025-05-19 12:45:31.650957-04"
"747195","2024-06-05",137,109,9,3,"away","home","2025-05-19 12:45:31.650957-04"
"745570","2024-06-05",158,143,0,2,"home","away","2025-05-19 12:45:31.650957-04"
"746786","2024-06-08",111,145,1,6,"home","away","2025-05-19 12:45:32.574737-04"
"745496","2024-06-07",142,134,0,3,"home","away","2025-05-19 12:45:32.089344-04"
"746466","2024-06-07",158,116,10,0,"away","home","2025-05-19 12:45:32.089344-04"
"745083","2024-06-07",110,139,6,3,"away","home","2025-05-19 12:45:32.089344-04"
"745571","2024-06-09",121,143,6,5,"away","home","2025-05-19 12:45:32.811635-04"
"744852","2024-06-05",121,120,9,1,"away","home","2025-05-19 12:45:31.650957-04"
"746056","2024-06-05",139,146,5,3,"away","home","2025-05-19 12:45:31.650957-04"
"746053","2024-06-07",114,146,2,3,"home","away","2025-05-19 12:45:32.089344-04"
"744927","2024-06-05",110,141,2,3,"home","away","2025-05-19 12:45:31.650957-04"
"745003","2024-06-09",137,140,2,7,"home","away","2025-05-19 12:45:32.811635-04"
"746873","2024-06-05",145,112,6,7,"home","away","2025-05-19 12:45:31.650957-04"
"745007","2024-06-05",116,140,1,9,"home","away","2025-05-19 12:45:31.650957-04"
"746221","2024-06-05",135,108,2,3,"home","away","2025-05-19 12:45:31.650957-04"
"745008","2024-06-07",137,140,5,2,"away","home","2025-05-19 12:45:32.089344-04"
"745654","2024-06-05",136,133,1,2,"home","away","2025-05-19 12:45:31.650957-04"
"745494","2024-06-05",119,134,6,10,"home","away","2025-05-19 12:45:31.650957-04"
"745740","2024-06-05",142,147,5,9,"home","away","2025-05-19 12:45:31.650957-04"
"744923","2024-06-06",110,141,5,6,"home","away","2025-05-19 12:45:31.877977-04"
"746631","2024-06-06",118,114,4,3,"away","home","2025-05-19 12:45:31.877977-04"
"745657","2024-06-06",136,133,3,0,"away","home","2025-05-19 12:45:31.877977-04"
"745491","2024-06-09",142,134,11,5,"away","home","2025-05-19 12:45:32.811635-04"
"746705","2024-06-09",112,113,4,2,"away","home","2025-05-19 12:45:32.811635-04"
"746054","2024-06-09",114,146,6,3,"away","home","2025-05-19 12:45:32.811635-04"
"746463","2024-06-09",158,116,2,10,"home","away","2025-05-19 12:45:32.811635-04"
"745410","2024-06-08",109,135,1,13,"home","away","2025-05-19 12:45:32.574737-04"
"744845","2024-06-07",144,120,1,2,"home","away","2025-05-19 12:45:32.089344-04"
"745495","2024-06-06",119,134,11,7,"away","home","2025-05-19 12:45:31.877977-04"
"745655","2024-06-07",141,133,1,2,"home","away","2025-05-19 12:45:32.089344-04"
"745738","2024-06-06",142,147,5,8,"home","away","2025-05-19 12:45:31.877977-04"
"746785","2024-06-07",111,145,2,7,"home","away","2025-05-19 12:45:32.089344-04"
"746704","2024-06-07",112,113,2,3,"home","away","2025-05-19 12:45:32.089344-04"
"746302","2024-06-07",136,118,9,10,"home","away","2025-05-19 12:45:32.089344-04"
"745169","2024-06-07",115,138,5,8,"home","away","2025-05-19 12:45:32.089344-04"
"744844","2024-06-06",144,120,5,2,"away","home","2025-05-19 12:45:31.877977-04"
"746707","2024-06-06",112,113,4,8,"home","away","2025-05-19 12:45:31.877977-04"
"746784","2024-06-06",111,145,14,2,"away","home","2025-05-19 12:45:31.877977-04"
"745174","2024-06-06",115,138,3,2,"away","home","2025-05-19 12:45:31.877977-04"
"745408","2024-06-06",109,135,4,3,"away","home","2025-05-19 12:45:31.877977-04"
"744849","2024-06-09",144,120,5,8,"home","away","2025-05-19 12:45:32.811635-04"
"744848","2024-06-08",144,120,3,7,"home","away","2025-05-19 12:45:32.574737-04"
"745492","2024-06-08",142,134,0,4,"home","away","2025-05-19 12:45:32.574737-04"
"745082","2024-06-08",110,139,5,0,"away","home","2025-05-19 12:45:32.574737-04"
"746703","2024-06-08",112,113,3,4,"home","away","2025-05-19 12:45:32.574737-04"
"746057","2024-06-08",114,146,8,0,"away","home","2025-05-19 12:45:32.574737-04"
"746461","2024-06-08",158,116,5,4,"away","home","2025-05-19 12:45:32.574737-04"
"746300","2024-06-08",136,118,4,8,"home","away","2025-05-19 12:45:32.574737-04"
"745166","2024-06-08",115,138,6,5,"away","home","2025-05-19 12:45:32.574737-04"
"745737","2024-06-07",119,147,2,1,"away","home","2025-05-19 12:45:32.089344-04"
"745406","2024-06-07",109,135,3,10,"home","away","2025-05-19 12:45:32.089344-04"
"746220","2024-06-07",117,108,7,1,"away","home","2025-05-19 12:45:32.089344-04"
"745814","2024-06-08",143,121,7,2,"away","home","2025-05-19 12:45:32.574737-04"
"746787","2024-06-09",111,145,6,4,"away","home","2025-05-19 12:45:32.811635-04"
"746297","2024-06-09",136,118,6,5,"away","home","2025-05-19 12:45:32.811635-04"
"745001","2024-06-08",137,140,3,1,"away","home","2025-05-19 12:45:32.574737-04"
"745652","2024-06-08",141,133,7,0,"away","home","2025-05-19 12:45:32.574737-04"
"745167","2024-06-09",115,138,1,5,"home","away","2025-05-19 12:45:32.811635-04"
"746223","2024-06-08",117,108,6,1,"away","home","2025-05-19 12:45:32.574737-04"
"745735","2024-06-08",119,147,11,3,"away","home","2025-05-19 12:45:32.574737-04"
"745651","2024-06-09",141,133,6,4,"away","home","2025-05-19 12:45:32.811635-04"
"746216","2024-06-09",117,108,7,9,"home","away","2025-05-19 12:45:32.811635-04"
"745407","2024-06-09",109,135,9,3,"away","home","2025-05-19 12:45:32.811635-04"
"745736","2024-06-09",119,147,4,6,"home","away","2025-05-19 12:45:32.811635-04"
"745085","2024-06-09",110,139,9,2,"away","home","2025-05-19 12:45:32.811635-04"
"745080","2024-06-10",110,139,5,2,"away","home","2025-05-19 12:45:32.994004-04"
"745897","2024-06-10",115,142,0,5,"home","away","2025-05-19 12:45:32.994004-04"
"745982","2024-06-10",141,158,1,3,"home","away","2025-05-19 12:45:32.994004-04"
"746295","2024-06-10",147,118,4,2,"away","home","2025-05-19 12:45:32.994004-04"
"745248","2024-06-10",145,136,4,8,"home","away","2025-05-19 12:45:32.994004-04"
"745409","2024-06-10",133,135,1,6,"home","away","2025-05-19 12:45:32.994004-04"
"745334","2024-06-10",117,137,3,4,"home","away","2025-05-19 12:45:32.994004-04"
"746951","2024-06-11",143,111,4,1,"away","home","2025-05-19 12:45:33.212061-04"
"746296","2024-06-11",147,118,10,1,"away","home","2025-05-19 12:45:33.212061-04"
"747190","2024-06-11",108,109,4,9,"home","away","2025-05-19 12:45:33.212061-04"
"746139","2024-06-11",140,119,2,15,"home","away","2025-05-19 12:45:33.212061-04"
"745899","2024-06-11",115,142,5,4,"away","home","2025-05-19 12:45:33.212061-04"
"745981","2024-06-11",141,158,3,0,"away","home","2025-05-19 12:45:33.212061-04"
"745327","2024-06-11",117,137,3,1,"away","home","2025-05-19 12:45:33.212061-04"
"745404","2024-06-11",133,135,3,4,"home","away","2025-05-19 12:45:33.212061-04"
"747027","2024-06-11",144,110,0,4,"home","away","2025-05-19 12:45:33.212061-04"
"746464","2024-06-11",120,116,5,4,"away","home","2025-05-19 12:45:33.212061-04"
"745077","2024-06-11",112,139,2,5,"home","away","2025-05-19 12:45:33.212061-04"
"746702","2024-06-11",114,113,5,3,"away","home","2025-05-19 12:45:33.212061-04"
"745815","2024-06-11",146,121,4,2,"away","home","2025-05-19 12:45:33.212061-04"
"745170","2024-06-11",134,138,2,1,"away","home","2025-05-19 12:45:33.212061-04"
"745244","2024-06-11",145,136,3,4,"home","away","2025-05-19 12:45:33.212061-04"
"745896","2024-06-12",115,142,9,17,"home","away","2025-05-19 12:45:33.625829-04"
"745978","2024-06-12",141,158,4,5,"home","away","2025-05-19 12:45:33.625829-04"
"745328","2024-06-12",117,137,3,5,"home","away","2025-05-19 12:45:33.625829-04"
"745405","2024-06-12",133,135,4,5,"home","away","2025-05-19 12:45:33.625829-04"
"747191","2024-06-14",145,109,1,7,"home","away","2025-05-19 12:45:34.255999-04"
"745075","2024-06-13",112,139,2,3,"home","away","2025-05-19 12:45:34.016741-04"
"746944","2024-06-13",143,111,3,9,"home","away","2025-05-19 12:45:34.016741-04"
"745809","2024-06-13",146,121,2,3,"home","away","2025-05-19 12:45:34.016741-04"
"747192","2024-06-13",108,109,1,11,"home","away","2025-05-19 12:45:34.016741-04"
"745245","2024-06-13",145,136,3,2,"away","home","2025-05-19 12:45:34.016741-04"
"746136","2024-06-13",140,119,3,1,"away","home","2025-05-19 12:45:34.016741-04"
"745894","2024-06-13",133,142,2,6,"home","away","2025-05-19 12:45:34.016741-04"
"746701","2024-06-12",114,113,2,4,"home","away","2025-05-19 12:45:33.625829-04"
"747028","2024-06-12",144,110,2,4,"home","away","2025-05-19 12:45:33.625829-04"
"746462","2024-06-12",120,116,7,5,"away","home","2025-05-19 12:45:33.625829-04"
"746294","2024-06-12",147,118,11,5,"away","home","2025-05-19 12:45:33.625829-04"
"745171","2024-06-12",134,138,2,4,"home","away","2025-05-19 12:45:33.625829-04"
"745079","2024-06-12",112,139,4,3,"away","home","2025-05-19 12:45:33.625829-04"
"746948","2024-06-12",143,111,6,8,"home","away","2025-05-19 12:45:33.625829-04"
"745811","2024-06-12",146,121,4,10,"home","away","2025-05-19 12:45:33.625829-04"
"747193","2024-06-12",108,109,8,3,"away","home","2025-05-19 12:45:33.625829-04"
"745246","2024-06-12",145,136,1,2,"home","away","2025-05-19 12:45:33.625829-04"
"746137","2024-06-12",140,119,3,2,"away","home","2025-05-19 12:45:33.625829-04"
"747026","2024-06-13",144,110,6,3,"away","home","2025-05-19 12:45:34.016741-04"
"746465","2024-06-13",120,116,2,7,"home","away","2025-05-19 12:45:34.016741-04"
"746299","2024-06-13",147,118,3,4,"home","away","2025-05-19 12:45:34.016741-04"
"745168","2024-06-13",134,138,3,4,"home","away","2025-05-19 12:45:34.016741-04"
"745326","2024-06-14",108,137,8,6,"away","home","2025-05-19 12:45:34.255999-04"
"745329","2024-06-15",108,137,4,3,"away","home","2025-05-19 12:45:34.523345-04"
"746381","2024-06-15",116,117,13,5,"away","home","2025-05-19 12:45:34.523345-04"
"744924","2024-06-14",114,141,3,1,"away","home","2025-05-19 12:45:34.255999-04"
"745892","2024-06-14",133,142,5,6,"home","away","2025-05-19 12:45:34.255999-04"
"746869","2024-06-14",138,112,3,0,"away","home","2025-05-19 12:45:34.255999-04"
"747025","2024-06-14",143,110,5,3,"away","home","2025-05-19 12:45:34.255999-04"
"744847","2024-06-14",146,120,1,8,"home","away","2025-05-19 12:45:34.255999-04"
"747112","2024-06-14",139,144,3,7,"home","away","2025-05-19 12:45:34.255999-04"
"745979","2024-06-14",113,158,6,5,"away","home","2025-05-19 12:45:34.255999-04"
"746378","2024-06-14",116,117,0,4,"home","away","2025-05-19 12:45:34.255999-04"
"745810","2024-06-14",135,121,1,2,"home","away","2025-05-19 12:45:34.255999-04"
"746947","2024-06-14",147,111,8,1,"away","home","2025-05-19 12:45:34.255999-04"
"745247","2024-06-14",140,136,2,3,"home","away","2025-05-19 12:45:34.255999-04"
"746545","2024-06-14",134,115,5,2,"away","home","2025-05-19 12:45:34.255999-04"
"746134","2024-06-14",118,119,3,4,"home","away","2025-05-19 12:45:34.255999-04"
"745241","2024-06-15",140,136,5,7,"home","away","2025-05-19 12:45:34.523345-04"
"746547","2024-06-15",134,115,4,16,"home","away","2025-05-19 12:45:34.523345-04"
"746866","2024-06-16",138,112,2,1,"away","home","2025-05-19 12:45:34.986855-04"
"746865","2024-06-15",138,112,1,5,"home","away","2025-05-19 12:45:34.523345-04"
"747113","2024-06-15",139,144,2,9,"home","away","2025-05-19 12:45:34.523345-04"
"747024","2024-06-15",143,110,2,6,"home","away","2025-05-19 12:45:34.523345-04"
"744846","2024-06-15",146,120,0,4,"home","away","2025-05-19 12:45:34.523345-04"
"744925","2024-06-15",114,141,0,5,"home","away","2025-05-19 12:45:34.523345-04"
"745805","2024-06-15",135,121,1,5,"home","away","2025-05-19 12:45:34.523345-04"
"745976","2024-06-15",113,158,1,3,"home","away","2025-05-19 12:45:34.523345-04"
"747187","2024-06-15",145,109,9,2,"away","home","2025-05-19 12:45:34.523345-04"
"746135","2024-06-15",118,119,7,2,"away","home","2025-05-19 12:45:34.523345-04"
"746946","2024-06-15",147,111,4,8,"home","away","2025-05-19 12:45:34.523345-04"
"747109","2024-06-16",139,144,8,6,"away","home","2025-05-19 12:45:34.986855-04"
"747023","2024-06-16",143,110,3,8,"home","away","2025-05-19 12:45:34.986855-04"
"744839","2024-06-16",146,120,1,3,"home","away","2025-05-19 12:45:34.986855-04"
"744926","2024-06-16",114,141,6,7,"home","away","2025-05-19 12:45:34.986855-04"
"745807","2024-06-16",135,121,6,11,"home","away","2025-05-19 12:45:34.986855-04"
"745977","2024-06-16",113,158,4,5,"home","away","2025-05-19 12:45:34.986855-04"
"746377","2024-06-16",116,117,1,4,"home","away","2025-05-19 12:45:34.986855-04"
"746546","2024-06-16",134,115,8,2,"away","home","2025-05-19 12:45:34.986855-04"
"745321","2024-06-16",108,137,6,13,"home","away","2025-05-19 12:45:34.986855-04"
"747189","2024-06-16",145,109,5,12,"home","away","2025-05-19 12:45:34.986855-04"
"746130","2024-06-16",118,119,0,3,"home","away","2025-05-19 12:45:34.986855-04"
"745242","2024-06-16",140,136,0,5,"home","away","2025-05-19 12:45:34.986855-04"
"745891","2024-06-16",133,142,7,8,"home","away","2025-05-19 12:45:34.986855-04"
"746945","2024-06-16",147,111,3,9,"home","away","2025-05-19 12:45:34.986855-04"
"745895","2024-06-16",133,142,2,6,"home","away","2025-05-19 12:45:34.986855-04"
"747106","2024-06-19",116,144,0,7,"home","away","2025-05-19 12:45:36.054153-04"
"745489","2024-06-19",113,134,0,1,"home","away","2025-05-19 12:45:36.054153-04"
"746050","2024-06-19",138,146,3,4,"home","away","2025-05-19 12:45:36.054153-04"
"745561","2024-06-19",135,143,5,2,"away","home","2025-05-19 12:45:36.054153-04"
"746864","2024-06-19",137,112,5,6,"home","away","2025-05-19 12:45:36.054153-04"
"746055","2024-06-17",138,146,7,6,"away","home","2025-05-19 12:45:35.310761-04"
"745490","2024-06-17",113,134,1,4,"home","away","2025-05-19 12:45:35.310761-04"
"745567","2024-06-17",135,143,2,9,"home","away","2025-05-19 12:45:35.310761-04"
"744918","2024-06-17",111,141,7,3,"away","home","2025-05-19 12:45:35.310761-04"
"747108","2024-06-17",116,144,1,2,"home","away","2025-05-19 12:45:35.310761-04"
"746868","2024-06-17",137,112,7,6,"away","home","2025-05-19 12:45:35.310761-04"
"745005","2024-06-17",121,140,14,2,"away","home","2025-05-19 12:45:35.310761-04"
"746543","2024-06-17",119,115,9,5,"away","home","2025-05-19 12:45:35.310761-04"
"746215","2024-06-17",158,108,3,5,"home","away","2025-05-19 12:45:35.310761-04"
"744920","2024-06-19",111,141,7,3,"away","home","2025-05-19 12:45:36.054153-04"
"745002","2024-06-19",121,140,3,5,"home","away","2025-05-19 12:45:36.054153-04"
"746781","2024-06-19",117,145,4,1,"away","home","2025-05-19 12:45:36.054153-04"
"746049","2024-06-18",138,146,8,9,"home","away","2025-05-19 12:45:35.578873-04"
"746219","2024-06-19",158,108,2,0,"away","home","2025-05-19 12:45:36.054153-04"
"744842","2024-06-19",109,120,1,3,"home","away","2025-05-19 12:45:36.054153-04"
"746625","2024-06-19",136,114,0,8,"home","away","2025-05-19 12:45:36.054153-04"
"745887","2024-06-19",139,142,3,2,"away","home","2025-05-19 12:45:36.054153-04"
"746538","2024-06-19",119,115,6,7,"home","away","2025-05-19 12:45:36.054153-04"
"745646","2024-06-19",118,133,1,5,"home","away","2025-05-19 12:45:36.054153-04"
"746867","2024-06-18",137,112,2,5,"home","away","2025-05-19 12:45:35.578873-04"
"745732","2024-06-19",110,147,7,6,"away","home","2025-05-19 12:45:36.054153-04"
"747107","2024-06-18",116,144,1,2,"home","away","2025-05-19 12:45:35.578873-04"
"745488","2024-06-18",113,134,2,1,"away","home","2025-05-19 12:45:35.578873-04"
"745563","2024-06-18",135,143,3,4,"home","away","2025-05-19 12:45:35.578873-04"
"744843","2024-06-18",109,120,5,0,"away","home","2025-05-19 12:45:35.578873-04"
"746627","2024-06-18",136,114,8,5,"away","home","2025-05-19 12:45:35.578873-04"
"745733","2024-06-18",110,147,2,4,"home","away","2025-05-19 12:45:35.578873-04"
"744917","2024-06-18",111,141,4,3,"away","home","2025-05-19 12:45:35.578873-04"
"745893","2024-06-18",139,142,6,7,"home","away","2025-05-19 12:45:35.578873-04"
"745004","2024-06-18",121,140,7,6,"away","home","2025-05-19 12:45:35.578873-04"
"746783","2024-06-18",117,145,0,2,"home","away","2025-05-19 12:45:35.578873-04"
"746542","2024-06-18",119,115,11,9,"away","home","2025-05-19 12:45:35.578873-04"
"746217","2024-06-18",158,108,6,3,"away","home","2025-05-19 12:45:35.578873-04"
"745650","2024-06-18",118,133,5,7,"home","away","2025-05-19 12:45:35.578873-04"
"744841","2024-06-20",109,120,5,2,"away","home","2025-05-19 12:45:36.443789-04"
"746626","2024-06-20",136,114,3,6,"home","away","2025-05-19 12:45:36.443789-04"
"745889","2024-06-20",139,142,7,6,"away","home","2025-05-19 12:45:36.443789-04"
"746782","2024-06-20",117,145,5,3,"away","home","2025-05-19 12:45:36.443789-04"
"746539","2024-06-20",119,115,5,3,"away","home","2025-05-19 12:45:36.443789-04"
"745645","2024-06-20",118,133,3,2,"away","home","2025-05-19 12:45:36.443789-04"
"745734","2024-06-20",110,147,17,5,"away","home","2025-05-19 12:45:36.443789-04"
"745164","2024-06-20",137,138,5,6,"home","away","2025-05-19 12:45:36.443789-04"
"745401","2024-06-20",158,135,6,7,"home","away","2025-05-19 12:45:36.443789-04"
"745006","2024-06-21",118,140,2,6,"home","away","2025-05-19 12:45:36.851594-04"
"746700","2024-06-22",111,113,4,3,"away","home","2025-05-19 12:45:37.136069-04"
"746131","2024-06-21",108,119,3,2,"away","home","2025-05-19 12:45:36.851594-04"
"746460","2024-06-21",145,116,1,2,"home","away","2025-05-19 12:45:36.851594-04"
"746861","2024-06-21",121,112,11,1,"away","home","2025-05-19 12:45:36.851594-04"
"745562","2024-06-21",109,143,5,4,"away","home","2025-05-19 12:45:36.851594-04"
"745483","2024-06-21",139,134,10,3,"away","home","2025-05-19 12:45:36.851594-04"
"745649","2024-06-21",142,133,5,6,"home","away","2025-05-19 12:45:36.851594-04"
"746375","2024-06-21",110,117,11,14,"home","away","2025-05-19 12:45:36.851594-04"
"746698","2024-06-21",111,113,2,5,"home","away","2025-05-19 12:45:36.851594-04"
"746624","2024-06-21",141,114,1,7,"home","away","2025-05-19 12:45:36.851594-04"
"746052","2024-06-21",136,146,2,3,"home","away","2025-05-19 12:45:36.851594-04"
"745729","2024-06-21",144,147,8,1,"away","home","2025-05-19 12:45:36.851594-04"
"745403","2024-06-21",158,135,5,9,"home","away","2025-05-19 12:45:36.851594-04"
"746540","2024-06-21",120,115,11,5,"away","home","2025-05-19 12:45:36.851594-04"
"746048","2024-06-22",136,146,9,0,"away","home","2025-05-19 12:45:37.136069-04"
"746132","2024-06-22",108,119,2,7,"home","away","2025-05-19 12:45:37.136069-04"
"745564","2024-06-22",109,143,1,12,"home","away","2025-05-19 12:45:37.136069-04"
"745731","2024-06-22",144,147,3,8,"home","away","2025-05-19 12:45:37.136069-04"
"745486","2024-06-22",139,134,3,4,"home","away","2025-05-19 12:45:37.136069-04"
"746459","2024-06-22",145,116,5,1,"away","home","2025-05-19 12:45:37.136069-04"
"746622","2024-06-22",141,114,3,6,"home","away","2025-05-19 12:45:37.136069-04"
"746376","2024-06-22",110,117,1,5,"home","away","2025-05-19 12:45:37.136069-04"
"745163","2024-06-22",137,138,4,9,"home","away","2025-05-19 12:45:37.136069-04"
"744997","2024-06-22",118,140,0,6,"home","away","2025-05-19 12:45:37.136069-04"
"746541","2024-06-22",120,115,7,8,"home","away","2025-05-19 12:45:37.136069-04"
"745644","2024-06-22",142,133,10,2,"away","home","2025-05-19 12:45:37.136069-04"
"745402","2024-06-22",158,135,4,6,"home","away","2025-05-19 12:45:37.136069-04"
"746863","2024-06-22",121,112,1,8,"home","away","2025-05-19 12:45:37.136069-04"
"745566","2024-06-23",109,143,1,4,"home","away","2025-05-19 12:45:37.494351-04"
"745727","2024-06-23",144,147,3,1,"away","home","2025-05-19 12:45:37.494351-04"
"745485","2024-06-23",139,134,3,1,"away","home","2025-05-19 12:45:37.494351-04"
"746699","2024-06-23",111,113,7,4,"away","home","2025-05-19 12:45:37.494351-04"
"746457","2024-06-23",145,116,2,11,"home","away","2025-05-19 12:45:37.494351-04"
"746621","2024-06-23",141,114,5,6,"home","away","2025-05-19 12:45:37.494351-04"
"746051","2024-06-23",136,146,4,6,"home","away","2025-05-19 12:45:37.494351-04"
"746373","2024-06-23",110,117,1,8,"home","away","2025-05-19 12:45:37.494351-04"
"745165","2024-06-23",137,138,3,5,"home","away","2025-05-19 12:45:37.494351-04"
"745000","2024-06-23",118,140,0,4,"home","away","2025-05-19 12:45:37.494351-04"
"746536","2024-06-23",120,115,2,1,"away","home","2025-05-19 12:45:37.494351-04"
"745648","2024-06-23",142,133,3,0,"away","home","2025-05-19 12:45:37.494351-04"
"745396","2024-06-23",158,135,6,2,"away","home","2025-05-19 12:45:37.494351-04"
"745073","2024-06-26",136,139,5,2,"away","home","2025-05-19 12:45:38.529947-04"
"746862","2024-06-23",121,112,5,2,"away","home","2025-05-19 12:45:37.494351-04"
"746695","2024-06-26",134,113,6,1,"away","home","2025-05-19 12:45:38.529947-04"
"746456","2024-06-26",143,116,6,2,"away","home","2025-05-19 12:45:38.529947-04"
"746374","2024-06-26",115,117,1,7,"home","away","2025-05-19 12:45:38.529947-04"
"746291","2024-06-26",146,118,1,5,"home","away","2025-05-19 12:45:38.529947-04"
"745975","2024-06-26",140,158,5,6,"home","away","2025-05-19 12:45:38.529947-04"
"746212","2024-06-26",133,108,2,5,"home","away","2025-05-19 12:45:38.529947-04"
"745400","2024-06-26",120,135,5,8,"home","away","2025-05-19 12:45:38.529947-04"
"746454","2024-06-25",143,116,1,4,"home","away","2025-05-19 12:45:38.13361-04"
"746816","2024-06-27",144,145,0,1,"home","away","2025-05-19 12:45:38.736326-04"
"746697","2024-06-25",134,113,9,5,"away","home","2025-05-19 12:45:38.13361-04"
"745157","2024-06-26",144,138,6,2,"away","home","2025-05-19 12:45:38.529947-04"
"746696","2024-06-24",134,113,5,11,"home","away","2025-05-19 12:45:37.86931-04"
"746941","2024-06-24",141,111,6,7,"home","away","2025-05-19 12:45:37.86931-04"
"746293","2024-06-25",146,118,2,1,"away","home","2025-05-19 12:45:38.13361-04"
"746213","2024-06-25",133,108,5,7,"home","away","2025-05-19 12:45:38.13361-04"
"747019","2024-06-26",114,110,2,4,"home","away","2025-05-19 12:45:38.529947-04"
"745323","2024-06-24",112,137,4,5,"home","away","2025-05-19 12:45:37.86931-04"
"747021","2024-06-24",114,110,3,2,"away","home","2025-05-19 12:45:37.86931-04"
"746458","2024-06-24",143,116,8,1,"away","home","2025-05-19 12:45:37.86931-04"
"745078","2024-06-24",136,139,3,4,"home","away","2025-05-19 12:45:37.86931-04"
"745160","2024-06-24",144,138,3,4,"home","away","2025-05-19 12:45:37.86931-04"
"746780","2024-06-24",119,145,3,0,"away","home","2025-05-19 12:45:37.86931-04"
"746298","2024-06-24",146,118,1,4,"home","away","2025-05-19 12:45:37.86931-04"
"745974","2024-06-24",140,158,3,6,"home","away","2025-05-19 12:45:37.86931-04"
"746218","2024-06-24",133,108,1,5,"home","away","2025-05-19 12:45:37.86931-04"
"745397","2024-06-24",120,135,6,7,"home","away","2025-05-19 12:45:37.86931-04"
"746942","2024-06-26",141,111,4,1,"away","home","2025-05-19 12:45:38.529947-04"
"745808","2024-06-26",147,121,2,12,"home","away","2025-05-19 12:45:38.529947-04"
"745158","2024-06-26",144,138,1,4,"home","away","2025-05-19 12:45:38.529947-04"
"746777","2024-06-26",119,145,4,0,"away","home","2025-05-19 12:45:38.529947-04"
"745322","2024-06-25",112,137,1,5,"home","away","2025-05-19 12:45:38.13361-04"
"745076","2024-06-25",136,139,3,11,"home","away","2025-05-19 12:45:38.13361-04"
"746372","2024-06-25",115,117,2,5,"home","away","2025-05-19 12:45:38.13361-04"
"745973","2024-06-25",140,158,1,3,"home","away","2025-05-19 12:45:38.13361-04"
"745399","2024-06-25",120,135,7,9,"home","away","2025-05-19 12:45:38.13361-04"
"747022","2024-06-25",114,110,10,8,"away","home","2025-05-19 12:45:38.13361-04"
"746943","2024-06-25",141,111,9,4,"away","home","2025-05-19 12:45:38.13361-04"
"745806","2024-06-25",147,121,7,9,"home","away","2025-05-19 12:45:38.13361-04"
"746775","2024-06-25",119,145,4,3,"away","home","2025-05-19 12:45:38.13361-04"
"747188","2024-06-25",142,109,4,5,"home","away","2025-05-19 12:45:38.13361-04"
"747184","2024-06-26",142,109,8,3,"away","home","2025-05-19 12:45:38.529947-04"
"745325","2024-06-26",112,137,3,4,"home","away","2025-05-19 12:45:38.529947-04"
"747185","2024-06-27",142,109,13,6,"away","home","2025-05-19 12:45:38.736326-04"
"745324","2024-06-27",112,137,5,3,"away","home","2025-05-19 12:45:38.736326-04"
"745565","2024-06-27",146,143,7,4,"away","home","2025-05-19 12:45:38.736326-04"
"747020","2024-06-27",140,110,2,11,"home","away","2025-05-19 12:45:38.736326-04"
"744919","2024-06-27",147,141,2,9,"home","away","2025-05-19 12:45:38.736326-04"
"746288","2024-06-27",114,118,1,2,"home","away","2025-05-19 12:45:38.736326-04"
"745162","2024-06-27",113,138,11,4,"away","home","2025-05-19 12:45:38.736326-04"
"746210","2024-06-27",116,108,0,5,"home","away","2025-05-19 12:45:38.736326-04"
"746776","2024-06-28",115,145,3,5,"home","away","2025-05-19 12:45:38.960991-04"
"745161","2024-06-28",113,138,0,1,"home","away","2025-05-19 12:45:38.960991-04"
"744922","2024-06-28",147,141,16,5,"away","home","2025-05-19 12:45:38.960991-04"
"745560","2024-06-28",146,143,0,2,"home","away","2025-05-19 12:45:38.960991-04"
"747183","2024-06-28",133,109,9,4,"away","home","2025-05-19 12:45:38.960991-04"
"747105","2024-06-28",134,144,1,6,"home","away","2025-05-19 12:45:38.960991-04"
"746939","2024-06-28",135,111,9,2,"away","home","2025-05-19 12:45:38.960991-04"
"745970","2024-06-28",112,158,2,4,"home","away","2025-05-19 12:45:38.960991-04"
"746292","2024-06-28",114,118,3,10,"home","away","2025-05-19 12:45:38.960991-04"
"745804","2024-06-28",117,121,2,7,"home","away","2025-05-19 12:45:38.960991-04"
"745070","2024-06-28",120,139,1,3,"home","away","2025-05-19 12:45:38.960991-04"
"747017","2024-06-28",140,110,1,2,"home","away","2025-05-19 12:45:38.960991-04"
"745319","2024-06-28",119,137,3,5,"home","away","2025-05-19 12:45:38.960991-04"
"746214","2024-06-28",116,108,2,5,"home","away","2025-05-19 12:45:38.960991-04"
"745238","2024-06-28",142,136,2,3,"home","away","2025-05-19 12:45:38.960991-04"
"747101","2024-06-30",134,144,4,2,"away","home","2025-05-19 12:45:39.72469-04"
"746938","2024-06-30",135,111,1,4,"home","away","2025-05-19 12:45:39.72469-04"
"745555","2024-06-30",146,143,6,7,"home","away","2025-05-19 12:45:39.72469-04"
"744916","2024-06-30",147,141,8,1,"away","home","2025-05-19 12:45:39.72469-04"
"745072","2024-06-30",120,139,0,5,"home","away","2025-05-19 12:45:39.72469-04"
"745971","2024-06-30",112,158,1,7,"home","away","2025-05-19 12:45:39.72469-04"
"746779","2024-06-30",115,145,5,4,"away","home","2025-05-19 12:45:39.72469-04"
"746290","2024-06-30",114,118,2,6,"home","away","2025-05-19 12:45:39.72469-04"
"745154","2024-06-30",113,138,0,2,"home","away","2025-05-19 12:45:39.72469-04"
"745320","2024-06-30",119,137,4,10,"home","away","2025-05-19 12:45:39.72469-04"
"746209","2024-06-30",116,108,7,6,"away","home","2025-05-19 12:45:39.72469-04"
"747182","2024-06-30",133,109,1,5,"home","away","2025-05-19 12:45:39.72469-04"
"745243","2024-06-30",142,136,5,3,"away","home","2025-05-19 12:45:39.72469-04"
"745802","2024-06-30",117,121,10,5,"away","home","2025-05-19 12:45:39.72469-04"
"747016","2024-06-30",140,110,11,2,"away","home","2025-05-19 12:45:39.72469-04"
"745239","2024-06-29",142,136,5,1,"away","home","2025-05-19 12:45:39.441445-04"
"747104","2024-06-29",134,144,1,2,"home","away","2025-05-19 12:45:39.441445-04"
"746940","2024-06-29",135,111,11,1,"away","home","2025-05-19 12:45:39.441445-04"
"745559","2024-06-29",146,143,3,2,"away","home","2025-05-19 12:45:39.441445-04"
"744921","2024-06-29",147,141,3,9,"home","away","2025-05-19 12:45:39.441445-04"
"745801","2024-06-29",117,121,9,6,"away","home","2025-05-19 12:45:39.441445-04"
"745071","2024-06-29",120,139,8,1,"away","home","2025-05-19 12:45:39.441445-04"
"745972","2024-06-29",112,158,5,3,"away","home","2025-05-19 12:45:39.441445-04"
"746778","2024-06-29",115,145,3,11,"home","away","2025-05-19 12:45:39.441445-04"
"746289","2024-06-29",114,118,7,2,"away","home","2025-05-19 12:45:39.441445-04"
"745159","2024-06-29",113,138,9,4,"away","home","2025-05-19 12:45:39.441445-04"
"745317","2024-06-29",119,137,14,7,"away","home","2025-05-19 12:45:39.441445-04"
"746211","2024-06-29",116,108,5,6,"home","away","2025-05-19 12:45:39.441445-04"
"747186","2024-06-29",133,109,0,3,"home","away","2025-05-19 12:45:39.441445-04"
"747018","2024-06-29",140,110,5,6,"home","away","2025-05-19 12:45:39.441445-04"
